[2020-01-09 15:34:52:052] INFO  - <XCron-Server>==============================================================================
[2020-01-09 15:34:52:052] INFO  - <XCron-Server>Starting XCron Version 3.1.2 initializing
[2020-01-09 15:34:53:053] INFO  - <XCron-Server>XCronServer IP Address = 10.1.8.234
[2020-01-09 15:34:53:053] INFO  - <XCron-Server>XCronServer Port = 5292
[2020-01-09 15:34:53:053] INFO  - <XCron-Server>CLASSPATH = {D:/MSENS_AIG_NEW/AIG_QSENS_FINAL/XCron/lib/xml-apis.jar;D:/MSENS_AIG_NEW/AIG_QSENS_FINAL/XCron/lib/xercesImpl.jar;D:/MSENS_AIG_NEW/AIG_QSENS_FINAL/XCron/lib/ojdbc14.jar;D:/MSENS_AIG_NEW/AIG_QSENS_FINAL/XCron/lib/log4j-1.2.15.jar;D:/MSENS_AIG_NEW/AIG_QSENS_FINAL/XCron/lib/commons-pool-1.6.jar;D:/MSENS_AIG_NEW/AIG_QSENS_FINAL/XCron/lib/commons-net-3.0.jar;D:/MSENS_AIG_NEW/AIG_QSENS_FINAL/XCron/lib/commons-dbcp-1.3.jar;D:/MSENS_AIG_NEW/AIG_QSENS_FINAL/XCron/lib/commons-collections-3.2.1.jar;D:/MSENS_AIG_NEW/AIG_QSENS_FINAL/XCron/lib/commons-daemon.jar;D:/MSENS_AIG_NEW/AIG_QSENS_FINAL/XCron/lib/commons-codec-1.4.jar;D:/MSENS_AIG_NEW/AIG_QSENS_FINAL/XCron/lib/jakarta-oro.jar;D:/MSENS_AIG_NEW/AIG_QSENS_FINAL/XCron/lib/megathin2.jar;D:/MSENS_AIG_NEW/AIG_QSENS_FINAL/XCron/lib/opljdbc2.jar;D:/MSENS_AIG_NEW/AIG_QSENS_FINAL/XCron/lib/jcrontab.jar;D:/MSENS_AIG_NEW/AIG_QSENS_FINAL/XCron/lib/bsh.jar;D:/MSENS_AIG_NEW/AIG_QSENS_FINAL/XCron/lib/mssqlserver.jar;D:/MSENS_AIG_NEW/AIG_QSENS_FINAL/XCron/lib/msbase.jar;D:/MSENS_AIG_NEW/AIG_QSENS_FINAL/XCron/lib/msutil.jar;D:/MSENS_AIG_NEW/AIG_QSENS_FINAL/XCron/lib/mysql-connector-5.1.8.jar;D:/MSENS_AIG_NEW/AIG_QSENS_FINAL/XCron/lib/jconn3.jar;D:/MSENS_AIG_NEW/AIG_QSENS_FINAL/XCron/lib/junit.jar;D:/MSENS_AIG_NEW/AIG_QSENS_FINAL/XCron/lib/sigar/sigar.jar;D:/MSENS_AIG_NEW/AIG_QSENS_FINAL/XCron/lib/mail.jar;D:/MSENS_AIG_NEW/AIG_QSENS_FINAL/XCron/lib/activation.jar;D:/MSENS_AIG_NEW/AIG_QSENS_FINAL/XCron/lib/ejb.jar;D:/MSENS_AIG_NEW/AIG_QSENS_FINAL/XCron/lib/jgroups.jar;D:/MSENS_AIG_NEW/AIG_QSENS_FINAL/XCron/lib/db2jcc.jar;D:/MSENS_AIG_NEW/AIG_QSENS_FINAL/XCron/lib/jsch-0.1.52.jar;D:/MSENS_AIG_NEW/AIG_QSENS_FINAL/XCron/lib/XCron-1.1.1.jar;D:/MSENS_AIG_NEW/AIG_QSENS_FINAL/XCron/common;;}
[2020-01-09 15:34:53:053] INFO  - <XCron-Server>==============================================================================
[2020-01-09 15:34:54:054] INFO  - <XCron-Server>DataSource <msensdatasource>
[2020-01-09 15:34:54:054] DEBUG - <XCron-Server>[ id = msensdatasource
, driverName = com.microsoft.jdbc.sqlserver.SQLServerDriver
, url = jdbc:Microsoft:sqlserver://10.48.241.43:1433;databaseName=msens_ob;integratedSecurity=false;failoverPartner=10.48.241.44
, user = {AES}tkUoArFZgt9kpayQiIMCtA==
, password = {AES}guUufQeMdvWVCVIfz8iiGQ==
, maxCapacity(maxActive) = 80
, exhaustedAction(whenExhaustedAction) = 1
, maxWait = 60000
, testQuery = select 1
, maxIdle = 20
, idleTimeOut(timeBetweenEvictionRunsMillis) = 300000
, lifo = true
, minEvictableIdleTimeMillis = 600000
, minIdle = 5
, numTestsPerEvictionRun = 3
, softMinEvictableIdleTimeMillis = -1
, testOnBorrow = false
, testOnReturn = false
, testWhileIdle = true
, maxBatchSize = 10000
, queryTimeout = -1
, productName = null
]
[2020-01-09 15:34:54:054] INFO  - <XCron-Server>DataSource <snmpdatasource>
[2020-01-09 15:34:54:054] DEBUG - <XCron-Server>[ id = snmpdatasource
, driverName = com.microsoft.jdbc.sqlserver.SQLServerDriver
, url = jdbc:Microsoft:sqlserver://10.48.241.57:1433;databaseName=snmp_db;
, user = {AES}tkUoArFZgt9kpayQiIMCtA==
, password = {AES}guUufQeMdvWVCVIfz8iiGQ==
, maxCapacity(maxActive) = 80
, exhaustedAction(whenExhaustedAction) = 1
, maxWait = 60000
, testQuery = select 1
, maxIdle = 20
, idleTimeOut(timeBetweenEvictionRunsMillis) = 300000
, lifo = true
, minEvictableIdleTimeMillis = 600000
, minIdle = 5
, numTestsPerEvictionRun = 3
, softMinEvictableIdleTimeMillis = -1
, testOnBorrow = false
, testOnReturn = false
, testWhileIdle = true
, maxBatchSize = 10000
, queryTimeout = -1
, productName = null
]
[2020-01-09 15:34:54:054] INFO  - <XCron-Server>DataSource <tmdatasource>
[2020-01-09 15:34:54:054] DEBUG - <XCron-Server>[ id = tmdatasource
, driverName = oracle.jdbc.driver.OracleDriver
, url = jdbc:oracle:thin:@10.51.192.49:1521/PCHA
, user = {AES}lIYDNAsmhnOtBF7ZLAyxKQ==
, password = {AES}UMo/LIzvP1xNpPIHWQd/LQ==
, maxCapacity(maxActive) = 80
, exhaustedAction(whenExhaustedAction) = 1
, maxWait = 60000
, testQuery = select 1 from dual
, maxIdle = 20
, idleTimeOut(timeBetweenEvictionRunsMillis) = 300000
, lifo = true
, minEvictableIdleTimeMillis = 600000
, minIdle = 5
, numTestsPerEvictionRun = 3
, softMinEvictableIdleTimeMillis = -1
, testOnBorrow = false
, testOnReturn = false
, testWhileIdle = true
, maxBatchSize = 10000
, queryTimeout = -1
, productName = null
]
[2020-01-09 15:34:54:054] INFO  - <XCron-Server>DataSource <muatdatasource>
[2020-01-09 15:34:54:054] DEBUG - <XCron-Server>[ id = muatdatasource
, driverName = com.microsoft.jdbc.sqlserver.SQLServerDriver
, url = jdbc:Microsoft:sqlserver://10.48.247.186:1433;databaseName=msens_ob;
, user = {AES}LG4WDPTajFxCgzi2rXxR5Q==
, password = {AES}guUufQeMdvWVCVIfz8iiGQ==
, maxCapacity(maxActive) = 80
, exhaustedAction(whenExhaustedAction) = 1
, maxWait = 60000
, testQuery = select 1
, maxIdle = 20
, idleTimeOut(timeBetweenEvictionRunsMillis) = 300000
, lifo = true
, minEvictableIdleTimeMillis = 600000
, minIdle = 5
, numTestsPerEvictionRun = 3
, softMinEvictableIdleTimeMillis = -1
, testOnBorrow = false
, testOnReturn = false
, testWhileIdle = true
, maxBatchSize = 10000
, queryTimeout = -1
, productName = null
]
[2020-01-09 15:34:54:054] INFO  - <XCron-Server>DataSource <mproddatasource>
[2020-01-09 15:34:54:054] DEBUG - <XCron-Server>[ id = mproddatasource
, driverName = com.microsoft.jdbc.sqlserver.SQLServerDriver
, url = jdbc:Microsoft:sqlserver://10.48.241.43:1433;databaseName=msens_ob;integratedSecurity=false;failoverPartner=10.48.241.44
, user = {AES}tkUoArFZgt9kpayQiIMCtA==
, password = {AES}guUufQeMdvWVCVIfz8iiGQ==
, maxCapacity(maxActive) = 80
, exhaustedAction(whenExhaustedAction) = 1
, maxWait = 60000
, testQuery = select 1
, maxIdle = 20
, idleTimeOut(timeBetweenEvictionRunsMillis) = 300000
, lifo = true
, minEvictableIdleTimeMillis = 600000
, minIdle = 5
, numTestsPerEvictionRun = 3
, softMinEvictableIdleTimeMillis = -1
, testOnBorrow = false
, testOnReturn = false
, testWhileIdle = true
, maxBatchSize = 10000
, queryTimeout = -1
, productName = null
]
[2020-01-09 15:34:54:054] DEBUG - <XCron-Server>[ Name=from_date Length=8 DefaultValue= Type=STRING Direction=IN Validation= ]
[2020-01-09 15:34:54:054] DEBUG - <XCron-Server>[ Name=to_date Length=8 DefaultValue= Type=STRING Direction=IN Validation= ]
[2020-01-09 15:34:54:054] DEBUG - <XCron-Server>RequestGroup <db.tm.tb_user.select,db.msens.ms_usermaster_batch.insert,db.tm.tb_codebook_SYS999_SYS001.select,db.msens.ms_codebook_SYS001_SYS011.insert>
[2020-01-09 15:34:54:054] INFO  - <XCron-Server>Service <SVC_COM_001>
[2020-01-09 15:34:54:054] DEBUG - <XCron-Server>[ Name=from_date Length=8 DefaultValue= Type=STRING Direction=IN Validation= ]
[2020-01-09 15:34:54:054] DEBUG - <XCron-Server>[ Name=to_date Length=8 DefaultValue= Type=STRING Direction=IN Validation= ]
[2020-01-09 15:34:54:054] DEBUG - <XCron-Server>RequestGroup <db.tm.tb_group_info.select,db.msens.ms_dept.insert>
[2020-01-09 15:34:54:054] DEBUG - <XCron-Server>RequestGroup <db.tm.tb_codebook_SYS057.select,db.msens.ms_codebook_SYS002.insert>
[2020-01-09 15:34:54:054] INFO  - <XCron-Server>Service <SVC_COM_002>
[2020-01-09 15:34:54:054] DEBUG - <XCron-Server>RequestGroup <db.tm.tb_sc_code_mng.select,db.msens.tb_sc_code_mng.insert>
[2020-01-09 15:34:54:054] DEBUG - <XCron-Server>RequestGroup <db.tm.tb_sc_mng.select,db.msens.tb_sc_mng.insert>
[2020-01-09 15:34:54:054] DEBUG - <XCron-Server>RequestGroup <db.tm.tb_codebook_SYS119.select,db.msens.ms_codebook_SYS105.insert>
[2020-01-09 15:34:54:054] INFO  - <XCron-Server>Service <SVC_COM_003>
[2020-01-09 15:34:54:054] DEBUG - <XCron-Server>RequestGroup <db.msens.tb_qst_kind_mng.delete,db.tm.tb_qst_kind_mng.select,db.msens.tb_qst_kind_mng.insert>
[2020-01-09 15:34:54:054] INFO  - <XCron-Server>Service <SVC_COM_004>
[2020-01-09 15:34:54:054] DEBUG - <XCron-Server>[ Name=from_date Length=14 DefaultValue= Type=STRING Direction=IN Validation= ]
[2020-01-09 15:34:54:054] DEBUG - <XCron-Server>[ Name=to_date Length=14 DefaultValue= Type=STRING Direction=IN Validation= ]
[2020-01-09 15:34:54:054] DEBUG - <XCron-Server>RequestGroup <msens.xcron.hansol.qstmngWebaction>
[2020-01-09 15:34:54:054] INFO  - <XCron-Server>Service <SVC_COM_005>
[2020-01-09 15:34:54:054] DEBUG - <XCron-Server>RequestGroup <db.tm.tb_user_workmonth.select,db.msens.ms_usermaster_workmonth.update>
[2020-01-09 15:34:54:054] INFO  - <XCron-Server>Service <SVC_COM_006>
[2020-01-09 15:34:54:054] DEBUG - <XCron-Server>[ Name=from_date Length=14 DefaultValue= Type=STRING Direction=IN Validation= ]
[2020-01-09 15:34:54:054] DEBUG - <XCron-Server>[ Name=to_date Length=14 DefaultValue= Type=STRING Direction=IN Validation= ]
[2020-01-09 15:34:54:054] DEBUG - <XCron-Server>RequestGroup <msens.xcron.hansol.VRSParserWebaction>
[2020-01-09 15:34:54:054] INFO  - <XCron-Server>Service <SVC_COM_007>
[2020-01-09 15:34:54:054] DEBUG - <XCron-Server>RequestGroup <db.msens.ms_xcron_file_log.delete.term,db.msens.ms_xcron_service_log.delete.term>
[2020-01-09 15:34:54:054] DEBUG - <XCron-Server>RequestGroup <db.msens.ms_login_log.delete.term>
[2020-01-09 15:34:54:054] DEBUG - <XCron-Server>RequestGroup <db.msens.ms_player_log.delete.term>
[2020-01-09 15:34:54:054] DEBUG - <XCron-Server>RequestGroup <db.msens.ms_stt_rslt.delete.term>
[2020-01-09 15:34:54:054] INFO  - <XCron-Server>Service <SVC_COM_008>
[2020-01-09 15:34:54:054] INFO  - <XCron-Server>Service <SVC_COM_009>
[2020-01-09 15:34:54:054] DEBUG - <XCron-Server>RequestGroup <msens.xcron.hansol.wavfile.delete.action>
[2020-01-09 15:34:54:054] DEBUG - <XCron-Server>RequestGroup <msens.xcron.hansol.autoDownload.flag.update>
[2020-01-09 15:34:54:054] INFO  - <XCron-Server>Service <SVC_COM_010>
[2020-01-09 15:34:54:054] DEBUG - <XCron-Server>[ Name=from_date Length=10 DefaultValue= Type=STRING Direction=IN Validation= ]
[2020-01-09 15:34:54:054] DEBUG - <XCron-Server>RequestGroup <db.msens.ms_value_min.delete.term,db.msens.ms_value_usage.delete.term,db.msens.ms_value_usage_et.delete.term,db.msens.ms_value.delete.term>
[2020-01-09 15:34:54:054] INFO  - <XCron-Server>Service <SVC_COM_011>
[2020-01-09 15:34:54:054] DEBUG - <XCron-Server>RequestGroup <db.tm.tbia101.select,db.msens.ms_product.insert>
[2020-01-09 15:34:54:054] DEBUG - <XCron-Server>RequestGroup <db.tm.tbia102.select,db.msens.ms_dmbo.insert>
[2020-01-09 15:34:54:054] INFO  - <XCron-Server>Service <SVC_COM_012>
[2020-01-09 15:34:54:054] DEBUG - <XCron-Server>[ Name=from_date Length=8 DefaultValue= Type=STRING Direction=IN Validation= ]
[2020-01-09 15:34:54:054] DEBUG - <XCron-Server>[ Name=to_date Length=8 DefaultValue= Type=STRING Direction=IN Validation= ]
[2020-01-09 15:34:54:054] DEBUG - <XCron-Server>RequestGroup <db.tm.tb_pre_est_allocate_mng.select,db.msens.tb_pre_est_allocate_mng.insert>
[2020-01-09 15:34:54:054] INFO  - <XCron-Server>Service <SVC_COM_013>
[2020-01-09 15:34:54:054] DEBUG - <XCron-Server>[ Name=from_date Length=8 DefaultValue= Type=STRING Direction=IN Validation= ]
[2020-01-09 15:34:54:054] DEBUG - <XCron-Server>[ Name=to_date Length=8 DefaultValue= Type=STRING Direction=IN Validation= ]
[2020-01-09 15:34:54:054] DEBUG - <XCron-Server>RequestGroup <db.tm.tb_holiday.select,db.msens.ms_holiday_info.insert>
[2020-01-09 15:34:54:054] INFO  - <XCron-Server>Service <SVC_COM_014>
[2020-01-09 15:34:54:054] DEBUG - <XCron-Server>[ Name=from_date Length=8 DefaultValue= Type=STRING Direction=IN Validation= ]
[2020-01-09 15:34:54:054] DEBUG - <XCron-Server>[ Name=to_date Length=8 DefaultValue= Type=STRING Direction=IN Validation= ]
[2020-01-09 15:34:54:054] DEBUG - <XCron-Server>RequestGroup <db.tm.tb_insu_plan_mast.ass_user.select,db.msens.ms_stt_meta.ass_user.update>
[2020-01-09 15:34:54:054] DEBUG - <XCron-Server>RequestGroup <db.msens.ms_stt_meta.cur_con_ent_dgn_no.select,db.tm.tb_pre_est_history.est_info.select,db.msens.ms_pre_est_info.est_info.insert>
[2020-01-09 15:34:54:054] INFO  - <XCron-Server>Service <SVC_COM_015>
[2020-01-09 15:34:54:054] DEBUG - <XCron-Server>RequestGroup <db.uat.msens.tb_sc_code_mng.utp.select,db.msens.tb_sc_code_mng.utp.insert>
[2020-01-09 15:34:54:054] DEBUG - <XCron-Server>RequestGroup <db.uat.msens.tb_sc_mng.utp.select,db.msens.tb_sc_mng.utp.insert>
[2020-01-09 15:34:54:054] INFO  - <XCron-Server>Service <SVC_COM_016>
[2020-01-09 15:34:54:054] DEBUG - <XCron-Server>RequestGroup <db.msens.tb_qst_kind_mng.utp.delete,db.uat.msens.tb_qst_kind_mng.utp.select,db.msens.tb_qst_kind_mng.utp.insert>
[2020-01-09 15:34:54:054] INFO  - <XCron-Server>Service <SVC_COM_017>
[2020-01-09 15:34:54:054] DEBUG - <XCron-Server>RequestGroup <db.uat.msens.tb_codebook_SYS119.utp.select,db.msens.ms_codebook_SYS105.utp.insert>
[2020-01-09 15:34:54:054] INFO  - <XCron-Server>Service <SVC_COM_018>
[2020-01-09 15:34:54:054] DEBUG - <XCron-Server>RequestGroup <db.prod.msens.ms_ment_mng.utp.del,db.uat.msens.ms_ment_mng.utp.select,db.prod.msens.ms_ment_mng.utp.ins>
[2020-01-09 15:34:54:054] INFO  - <XCron-Server>Service <SVC_COM_019>
[2020-01-09 15:34:54:054] DEBUG - <XCron-Server>[ Name=from_date Length=8 DefaultValue= Type=STRING Direction=IN Validation= ]
[2020-01-09 15:34:54:054] DEBUG - <XCron-Server>RequestGroup <db.msens.ms_qc_work_stat.endtime.update, db.msens.ms_ins_timestamp.endtime.update>
[2020-01-09 15:34:54:054] DEBUG - <XCron-Server>RequestGroup <db.msens.ms_qc_work_stat.sum.select, db.msens.ms_qc_work_sum.sum.insert, db.msens.ms_qc_work_stat.delete>
[2020-01-09 15:34:54:054] DEBUG - <XCron-Server>RequestGroup <db.msens.ms_ins_timestamp.sum.select, db.msens.ms_ins_timestamp_sum.sum.insert, db.msens.ms_ins_timestamp.delete>
[2020-01-09 15:34:54:054] INFO  - <XCron-Server>Service <SVC_COM_020>
[2020-01-09 15:34:54:054] DEBUG - <XCron-Server>[ Name=from_date Length=14 DefaultValue= Type=STRING Direction=IN Validation= ]
[2020-01-09 15:34:54:054] DEBUG - <XCron-Server>RequestGroup <db.msens.ms_stt_result.delete.term>
[2020-01-09 15:34:54:054] DEBUG - <XCron-Server>RequestGroup <db.msens.ms_stt_meta.delete.term>
[2020-01-09 15:34:54:054] DEBUG - <XCron-Server>RequestGroup <db.msens.ms_script_result.delete.term>
[2020-01-09 15:34:54:054] DEBUG - <XCron-Server>RequestGroup <db.msens.ms_search_result.delete.term>
[2020-01-09 15:34:54:054] DEBUG - <XCron-Server>RequestGroup <db.msens.ms_grade_result.delete.term>
[2020-01-09 15:34:54:054] DEBUG - <XCron-Server>RequestGroup <db.msens.ms_bef_est_score.delete.term>
[2020-01-09 15:34:54:054] DEBUG - <XCron-Server>RequestGroup <db.msens.ms_bef_mrls.delete.term>
[2020-01-09 15:34:54:054] DEBUG - <XCron-Server>RequestGroup <db.msens.tb_sc_qst_mng.delete.term>
[2020-01-09 15:34:54:054] INFO  - <XCron-Server>Service <SVC_COM_021>
[2020-01-09 15:34:54:054] DEBUG - <XCron-Server>[ Name=from_date Length=8 DefaultValue= Type=STRING Direction=IN Validation= ]
[2020-01-09 15:34:54:054] DEBUG - <XCron-Server>[ Name=to_date Length=8 DefaultValue= Type=STRING Direction=IN Validation= ]
[2020-01-09 15:34:54:054] DEBUG - <XCron-Server>RequestGroup <db.msens.tb_reject_list.select,db.msens.ms_reject_list.insert>
[2020-01-09 15:34:54:054] INFO  - <XCron-Server>Service <SVC_COM_022>
[2020-01-09 15:34:54:054] DEBUG - <XCron-Server>RequestGroup <msens.xcron.hansol.sttmetawebaction>
[2020-01-09 15:34:54:054] INFO  - <XCron-Server>Service <SVC_MS_001>
[2020-01-09 15:34:54:054] DEBUG - <XCron-Server>RequestGroup <msens.xcron.hansol.sttmetawebaction2>
[2020-01-09 15:34:54:054] INFO  - <XCron-Server>Service <SVC_MS_001_1>
[2020-01-09 15:34:54:054] DEBUG - <XCron-Server>RequestGroup <msens.xcron.hansol.scriptResultWebAction>
[2020-01-09 15:34:54:054] INFO  - <XCron-Server>Service <SVC_MS_002>
[2020-01-09 15:34:54:054] DEBUG - <XCron-Server>RequestGroup <msens.xcron.hansol.scriptResultWebAction2>
[2020-01-09 15:34:54:054] INFO  - <XCron-Server>Service <SVC_MS_002_1>
[2020-01-09 15:34:54:054] DEBUG - <XCron-Server>RequestGroup <msens.xcron.hansol.searchResultWebAction>
[2020-01-09 15:34:54:054] INFO  - <XCron-Server>Service <SVC_MS_003>
[2020-01-09 15:34:54:054] DEBUG - <XCron-Server>RequestGroup <msens.xcron.hansol.searchResultWebAction2>
[2020-01-09 15:34:54:054] INFO  - <XCron-Server>Service <SVC_MS_003_1>
[2020-01-09 15:34:54:054] DEBUG - <XCron-Server>RequestGroup <msens.xcron.hansol.graderesultwebaction>
[2020-01-09 15:34:54:054] INFO  - <XCron-Server>Service <SVC_MS_004>
[2020-01-09 15:34:54:054] DEBUG - <XCron-Server>RequestGroup <msens.xcron.hansol.graderesultwebaction2>
[2020-01-09 15:34:54:054] INFO  - <XCron-Server>Service <SVC_MS_004_1>
[2020-01-09 15:34:54:054] DEBUG - <XCron-Server>RequestGroup <msens.xcron.hansol.autoAssignwebaction>
[2020-01-09 15:34:54:054] INFO  - <XCron-Server>Service <SVC_MS_005>
[2020-01-09 15:34:54:054] DEBUG - <XCron-Server>RequestGroup <msens.xcron.hansol.autoAssignwebaction2>
[2020-01-09 15:34:54:054] INFO  - <XCron-Server>Service <SVC_MS_005_1>
[2020-01-09 15:34:54:054] DEBUG - <XCron-Server>RequestGroup <msens.xcron.hansol.systeminfocachecall>
[2020-01-09 15:34:54:054] INFO  - <XCron-Server>Service <SVC_MS_007>
[2020-01-09 15:34:54:054] DEBUG - <XCron-Server>RequestGroup <msens.xcron.hansol.getRealtimewebaction>
[2020-01-09 15:34:54:054] INFO  - <XCron-Server>Service <SVC_MS_008>
[2020-01-09 15:34:54:054] DEBUG - <XCron-Server>RequestGroup <msens.xcron.hansol.getRealtimewebaction2>
[2020-01-09 15:34:54:054] INFO  - <XCron-Server>Service <SVC_MS_008_1>
[2020-01-09 15:34:54:054] DEBUG - <XCron-Server>[ Name=from_date Length=8 DefaultValue= Type=STRING Direction=IN Validation= ]
[2020-01-09 15:34:54:054] DEBUG - <XCron-Server>[ Name=to_date Length=8 DefaultValue= Type=STRING Direction=IN Validation= ]
[2020-01-09 15:34:54:054] DEBUG - <XCron-Server>RequestGroup <db.msens.ms_stt_meta_flages.update>
[2020-01-09 15:34:54:054] INFO  - <XCron-Server>Service <SVC_MS_009>
[2020-01-09 15:34:54:054] DEBUG - <XCron-Server>RequestGroup <msens.xcron.hansol.sttContentSplitWebaction>
[2020-01-09 15:34:54:054] INFO  - <XCron-Server>Service <SVC_MS_012>
[2020-01-09 15:34:54:054] DEBUG - <XCron-Server>RequestGroup <msens.xcron.hansol.sttContentSplitWebaction2>
[2020-01-09 15:34:54:054] INFO  - <XCron-Server>Service <SVC_MS_012_1>
[2020-01-09 15:34:54:054] DEBUG - <XCron-Server>RequestGroup <db.tm.tb_pre_est_history.select, db.msens.tm.tb_pre_est_history.insert>
[2020-01-09 15:34:54:054] DEBUG - <XCron-Server>RequestGroup <db.tm.ms_bef_est_score.select,db.msens.ms_bef_est_score.insert>
[2020-01-09 15:34:54:054] INFO  - <XCron-Server>Service <SVC_MS_013>
[2020-01-09 15:34:54:054] DEBUG - <XCron-Server>RequestGroup <msens.xcron.hansol.codeutilWebaction>
[2020-01-09 15:34:54:054] INFO  - <XCron-Server>Service <SVC_MS_020>
[2020-01-09 15:34:54:054] DEBUG - <XCron-Server>[ Name=from_date Length=8 DefaultValue= Type=STRING Direction=IN Validation= ]
[2020-01-09 15:34:54:054] DEBUG - <XCron-Server>[ Name=to_date Length=8 DefaultValue= Type=STRING Direction=IN Validation= ]
[2020-01-09 15:34:54:054] DEBUG - <XCron-Server>RequestGroup <msens.xcron.hansol.sttBulkWebAction>
[2020-01-09 15:34:54:054] INFO  - <XCron-Server>Service <SVC_MS_014>
[2020-01-09 15:34:54:054] DEBUG - <XCron-Server>RequestGroup <msens.xcron.hansol.qstmngbulkWebaction>
[2020-01-09 15:34:54:054] INFO  - <XCron-Server>Service <SVC_BATCH_001>
[2020-01-09 15:34:54:054] DEBUG - <XCron-Server>RequestGroup <msens.xcron.hansol.autoDownload>
[2020-01-09 15:34:54:054] INFO  - <XCron-Server>Service <SVC_MS_015>
[2020-01-09 15:34:54:054] DEBUG - <XCron-Server>[ Name=from_date Length=8 DefaultValue= Type=STRING Direction=IN Validation= ]
[2020-01-09 15:34:54:054] DEBUG - <XCron-Server>[ Name=to_date Length=8 DefaultValue= Type=STRING Direction=IN Validation= ]
[2020-01-09 15:34:54:054] DEBUG - <XCron-Server>RequestGroup <db.tm.getBefMrLs,db.msens.ms_bef_mrls_list.insert>
[2020-01-09 15:34:54:054] INFO  - <XCron-Server>Service <SVC_MS_016>
[2020-01-09 15:34:54:054] DEBUG - <XCron-Server>RequestGroup <msens.xcron.hansol.mrLsListWebAction>
[2020-01-09 15:34:54:054] INFO  - <XCron-Server>Service <SVC_MS_017>
[2020-01-09 15:34:54:054] DEBUG - <XCron-Server>[ id = msens.xcron.hansol.codeutilWebaction
, resultName = 
, batchName = 
, dataSource = 
, parameter = 
, initialize = import java.io.BufferedReader;
						import java.io.InputStreamReader;
						import java.net.URL;
						import java.net.URLConnection;
						import com.inticube.xcron.logs.Logger;
						import java.net.InetAddress;
						
						try {
							String serverIp = InetAddress.getLocalHost().getHostAddress();
							//String sUrl = "http://10.48.241.41:8080/msens/cs.com.codeutil.refresh.do?cmd=refresh";
							
							String sUrl = "http://"+serverIp+":8080/msens/cs.com.codeutil.refresh.do?cmd=refresh";
							
							URL url = new URL(sUrl);
							URLConnection urlConnection = url.openConnection();
							            
							BufferedReader in = new BufferedReader(new InputStreamReader(urlConnection.getInputStream()));
							
							String inputLine = "";
										
							while ((inputLine = in.readLine()) != null) { 
								System.out.println(inputLine);
							}
							
							in.close();
						} catch(Exception e) {
							Logger.error(e.getMessage(), e);
						}
. finalize = 
. validationAction = Skip
]
[2020-01-09 15:34:54:054] DEBUG - <XCron-Server>[ id = msens.xcron.hansol.sttmetawebaction
, resultName = 
, batchName = 
, dataSource = 
, parameter = 
, initialize = import java.io.BufferedReader;
						import java.io.InputStreamReader;
						import java.net.URL;
						import java.net.URLConnection;
						import com.inticube.xcron.logs.Logger;
						import java.net.InetAddress;
						
						try {
							String serverIp = InetAddress.getLocalHost().getHostAddress();
							String sUrl = "http://"+serverIp+":8080/msens/msens.xcron.hansol.sttmetawebaction.do";
							
							//String sUrl = "http://10.48.241.41:8080/msens/msens.xcron.hansol.sttmetawebaction.do";
							URL url = new URL(sUrl);
							URLConnection urlConnection = url.openConnection();
							            
							BufferedReader in = new BufferedReader(new InputStreamReader(urlConnection.getInputStream()));
							
							String inputLine = "";
										
							while ((inputLine = in.readLine()) != null) { 
								System.out.println(inputLine);
							}
							
							in.close();
						} catch(Exception e) {
							Logger.error(e.getMessage(), e);
						}
. finalize = 
. validationAction = Skip
]
[2020-01-09 15:34:54:054] DEBUG - <XCron-Server>[ id = msens.xcron.hansol.sttmetawebaction2
, resultName = 
, batchName = 
, dataSource = 
, parameter = 
, initialize = import java.io.BufferedReader;
						import java.io.InputStreamReader;
						import java.net.URL;
						import java.net.URLConnection;
						import com.inticube.xcron.logs.Logger;
						import java.net.InetAddress;
						
						try {
							String serverIp = InetAddress.getLocalHost().getHostAddress();
							String sUrl = "http://"+serverIp+":8080/msens/msens.xcron.hansol.sttmetawebaction.do";
							//String sUrl = "http://10.48.241.41:8080/msens/msens.xcron.hansol.sttmetawebaction.do";
							URL url = new URL(sUrl);
							URLConnection urlConnection = url.openConnection();
							            
							BufferedReader in = new BufferedReader(new InputStreamReader(urlConnection.getInputStream()));
							
							String inputLine = "";
										
							while ((inputLine = in.readLine()) != null) { 
								System.out.println(inputLine);
							}
							
							in.close();
						} catch(Exception e) {
							Logger.error(e.getMessage(), e);
						}
. finalize = 
. validationAction = Skip
]
[2020-01-09 15:34:54:054] DEBUG - <XCron-Server>[ id = msens.xcron.hansol.scriptResultWebAction
, resultName = 
, batchName = 
, dataSource = 
, parameter = 
, initialize = import java.io.BufferedReader;
						import java.io.InputStreamReader;
						import java.net.URL;
						import java.net.URLConnection;
						import com.inticube.xcron.logs.Logger;
						import java.net.InetAddress;
						
						
						try {
							String serverIp = InetAddress.getLocalHost().getHostAddress();
							String sUrl = "http://"+serverIp+":8080/msens/msens.xcron.hansol.scriptresultwebaction.do";
							//String sUrl = "http://10.48.241.41:8080/msens/msens.xcron.hansol.scriptresultwebaction.do";
							URL url = new URL(sUrl);
							URLConnection urlConnection = url.openConnection();
							            
							BufferedReader in = new BufferedReader(new InputStreamReader(urlConnection.getInputStream()));
							
							String inputLine = "";
										
							while ((inputLine = in.readLine()) != null) { 
								System.out.println(inputLine);
							}
							
							in.close();
						} catch(Exception e) {
							Logger.error(e.getMessage(), e);
						}
. finalize = 
. validationAction = Skip
]
[2020-01-09 15:34:54:054] DEBUG - <XCron-Server>[ id = msens.xcron.hansol.scriptResultWebAction2
, resultName = 
, batchName = 
, dataSource = 
, parameter = 
, initialize = import java.io.BufferedReader;
						import java.io.InputStreamReader;
						import java.net.URL;
						import java.net.URLConnection;
						import com.inticube.xcron.logs.Logger;
						import java.net.InetAddress;
						
						try {
							String serverIp = InetAddress.getLocalHost().getHostAddress();
							String sUrl = "http://"+serverIp+":8080/msens/msens.xcron.hansol.scriptresultwebaction.do";
							//String sUrl = "http://10.48.241.41:8080/msens/msens.xcron.hansol.scriptresultwebaction.do";
							URL url = new URL(sUrl);
							URLConnection urlConnection = url.openConnection();
							            
							BufferedReader in = new BufferedReader(new InputStreamReader(urlConnection.getInputStream()));
							
							String inputLine = "";
										
							while ((inputLine = in.readLine()) != null) { 
								System.out.println(inputLine);
							}
							
							in.close();
						} catch(Exception e) {
							Logger.error(e.getMessage(), e);
						}
. finalize = 
. validationAction = Skip
]
[2020-01-09 15:34:54:054] DEBUG - <XCron-Server>[ id = msens.xcron.hansol.searchResultWebAction
, resultName = 
, batchName = 
, dataSource = 
, parameter = 
, initialize = import java.io.BufferedReader;
						import java.io.InputStreamReader;
						import java.net.URL;
						import java.net.URLConnection;
						import com.inticube.xcron.logs.Logger;
						import java.net.InetAddress;
						
						try {
							String serverIp = InetAddress.getLocalHost().getHostAddress();
							String sUrl = "http://"+serverIp+":8080/msens/msens.xcron.hansol.searchResultWebAction.do";
							//String sUrl = "http://10.48.241.41:8080/msens/msens.xcron.hansol.searchResultWebAction.do";
							URL url = new URL(sUrl);
							URLConnection urlConnection = url.openConnection();
							            
							BufferedReader in = new BufferedReader(new InputStreamReader(urlConnection.getInputStream()));
							
							String inputLine = "";
										
							while ((inputLine = in.readLine()) != null) { 
								System.out.println(inputLine);
							}
							
							in.close();
						} catch(Exception e) {
							Logger.error(e.getMessage(), e);
						}
. finalize = 
. validationAction = Skip
]
[2020-01-09 15:34:54:054] DEBUG - <XCron-Server>[ id = msens.xcron.hansol.searchResultWebAction2
, resultName = 
, batchName = 
, dataSource = 
, parameter = 
, initialize = import java.io.BufferedReader;
						import java.io.InputStreamReader;
						import java.net.URL;
						import java.net.URLConnection;
						import com.inticube.xcron.logs.Logger;
						import java.net.InetAddress;
						
						try {
							String serverIp = InetAddress.getLocalHost().getHostAddress();
							String sUrl = "http://"+serverIp+":8080/msens/msens.xcron.hansol.searchResultWebAction.do";
							//String sUrl = "http://10.48.241.41:8080/msens/msens.xcron.hansol.searchResultWebAction.do";
							URL url = new URL(sUrl);
							URLConnection urlConnection = url.openConnection();
							            
							BufferedReader in = new BufferedReader(new InputStreamReader(urlConnection.getInputStream()));
							
							String inputLine = "";
										
							while ((inputLine = in.readLine()) != null) { 
								System.out.println(inputLine);
							}
							
							in.close();
						} catch(Exception e) {
							Logger.error(e.getMessage(), e);
						}
. finalize = 
. validationAction = Skip
]
[2020-01-09 15:34:54:054] DEBUG - <XCron-Server>[ id = msens.xcron.hansol.graderesultwebaction
, resultName = 
, batchName = 
, dataSource = 
, parameter = 
, initialize = import java.io.BufferedReader;
						import java.io.InputStreamReader;
						import java.net.URL;
						import java.net.URLConnection;
						import com.inticube.xcron.logs.Logger;
						import java.net.InetAddress;
						
						try {
							String serverIp = InetAddress.getLocalHost().getHostAddress();
							String sUrl = "http://"+serverIp+":8080/msens/msens.xcron.hansol.graderesultwebaction.do";
							//String sUrl = "http://10.48.241.41:8080/msens/msens.xcron.hansol.graderesultwebaction.do";
							URL url = new URL(sUrl);
							URLConnection urlConnection = url.openConnection();
							            
							BufferedReader in = new BufferedReader(new InputStreamReader(urlConnection.getInputStream()));
							
							String inputLine = "";
										
							while ((inputLine = in.readLine()) != null) { 
								System.out.println(inputLine);
							}
							
							in.close();
						} catch(Exception e) {
							Logger.error(e.getMessage(), e);
						}
. finalize = 
. validationAction = Skip
]
[2020-01-09 15:34:54:054] DEBUG - <XCron-Server>[ id = msens.xcron.hansol.graderesultwebaction2
, resultName = 
, batchName = 
, dataSource = 
, parameter = 
, initialize = import java.io.BufferedReader;
						import java.io.InputStreamReader;
						import java.net.URL;
						import java.net.URLConnection;
						import com.inticube.xcron.logs.Logger;
						import java.net.InetAddress;
						
						try {
							String serverIp = InetAddress.getLocalHost().getHostAddress();
							String sUrl = "http://"+serverIp+":8080/msens/msens.xcron.hansol.graderesultwebaction.do";
							//String sUrl = "http://10.48.241.41:8080/msens/msens.xcron.hansol.graderesultwebaction.do";
							URL url = new URL(sUrl);
							URLConnection urlConnection = url.openConnection();
							            
							BufferedReader in = new BufferedReader(new InputStreamReader(urlConnection.getInputStream()));
							
							String inputLine = "";
										
							while ((inputLine = in.readLine()) != null) { 
								System.out.println(inputLine);
							}
							
							in.close();
						} catch(Exception e) {
							Logger.error(e.getMessage(), e);
						}
. finalize = 
. validationAction = Skip
]
[2020-01-09 15:34:54:054] DEBUG - <XCron-Server>[ id = msens.xcron.hansol.autoAssignwebaction
, resultName = 
, batchName = 
, dataSource = 
, parameter = 
, initialize = import java.io.BufferedReader;
						import java.io.InputStreamReader;
						import java.net.URL;
						import java.net.URLConnection;
						import com.inticube.xcron.logs.Logger;
						import java.net.InetAddress;
						
						try {
							String serverIp = InetAddress.getLocalHost().getHostAddress();
							String sUrl = "http://"+serverIp+":8080/msens/msens.xcron.hansol.autoAssignwebaction.do";
							//String sUrl = "http://10.48.241.41:8080/msens/msens.xcron.hansol.autoAssignwebaction.do";
							URL url = new URL(sUrl);
							URLConnection urlConnection = url.openConnection();
							            
							BufferedReader in = new BufferedReader(new InputStreamReader(urlConnection.getInputStream()));
							
							String inputLine = "";
										
							while ((inputLine = in.readLine()) != null) { 
								System.out.println(inputLine);
							}
							
							in.close();
						} catch(Exception e) {
							Logger.error(e.getMessage(), e);
						}
. finalize = 
. validationAction = Skip
]
[2020-01-09 15:34:55:055] DEBUG - <XCron-Server>[ id = msens.xcron.hansol.autoAssignwebaction2
, resultName = 
, batchName = 
, dataSource = 
, parameter = 
, initialize = import java.io.BufferedReader;
						import java.io.InputStreamReader;
						import java.net.URL;
						import java.net.URLConnection;
						import com.inticube.xcron.logs.Logger;
						import java.net.InetAddress;
						
						try {
							String serverIp = InetAddress.getLocalHost().getHostAddress();
							String sUrl = "http://"+serverIp+":8080/msens/msens.xcron.hansol.autoAssignwebaction.do";
							//String sUrl = "http://10.48.241.41:8080/msens/msens.xcron.hansol.autoAssignwebaction.do";
							URL url = new URL(sUrl);
							URLConnection urlConnection = url.openConnection();
							            
							BufferedReader in = new BufferedReader(new InputStreamReader(urlConnection.getInputStream()));
							
							String inputLine = "";
										
							while ((inputLine = in.readLine()) != null) { 
								System.out.println(inputLine);
							}
							
							in.close();
						} catch(Exception e) {
							Logger.error(e.getMessage(), e);
						}
. finalize = 
. validationAction = Skip
]
[2020-01-09 15:34:55:055] DEBUG - <XCron-Server>[ id = msens.xcron.hansol.dashboardcachecall
, resultName = 
, batchName = 
, dataSource = 
, parameter = 
, initialize = import java.io.BufferedReader;
						import java.io.InputStreamReader;
						import java.net.URL;
						import java.net.URLConnection;
						import com.inticube.xcron.logs.Logger;
						import java.net.InetAddress;
						
						try {
							String serverIp = InetAddress.getLocalHost().getHostAddress();
							String sUrl = "http://"+serverIp+":8080/msens/msens.xcron.hansol.dashboardcachecall.do";
							//String sUrl = "http://10.48.241.41:8080/msens/msens.xcron.hansol.dashboardcachecall.do";
							URL url = new URL(sUrl);
							URLConnection urlConnection = url.openConnection();
							            
							BufferedReader in = new BufferedReader(new InputStreamReader(urlConnection.getInputStream()));
							
							String inputLine = "";
										
							while ((inputLine = in.readLine()) != null) { 
								System.out.println(inputLine);
							}
							
							in.close();
						} catch(Exception e) {
							Logger.error(e.getMessage(), e);
						}
. finalize = 
. validationAction = Skip
]
[2020-01-09 15:34:55:055] DEBUG - <XCron-Server>[ id = msens.xcron.hansol.qstmngWebaction
, resultName = 
, batchName = 
, dataSource = 
, parameter = 
, initialize = import java.io.BufferedReader;
						import java.io.InputStreamReader;
						import java.net.URL;
						import java.net.URLConnection;
						import com.inticube.xcron.logs.Logger;
						import java.net.InetAddress;
						
						try {
							String serverIp = InetAddress.getLocalHost().getHostAddress();
							String sUrl = "http://"+serverIp+":8080/msens/msens.xcron.hansol.qstMngWebaction.do";
							//String sUrl = "http://10.48.241.41:8080/msens/msens.xcron.hansol.qstMngWebaction.do";
							
							String from_date = params.getValue("#PARAM").getString("from_date");
							String to_date = params.getValue("#PARAM").getString("to_date");
							//if(from_date.equals("")) from_date = "";
							//파라미터 안보내면 어제꺼 작업함.
							sUrl += "?from_date=" + from_date + "&to_date=" + to_date;
							
							URL url = new URL(sUrl);
							URLConnection urlConnection = url.openConnection();
							            
							BufferedReader in = new BufferedReader(new InputStreamReader(urlConnection.getInputStream()));
							
							String inputLine = "";
										
							while ((inputLine = in.readLine()) != null) { 
								System.out.println(inputLine);
							}
							
							in.close();
						} catch(Exception e) {
							Logger.error(e.getMessage(), e);
						}
. finalize = 
. validationAction = Skip
]
[2020-01-09 15:34:55:055] DEBUG - <XCron-Server>[ id = msens.xcron.hansol.VRSParserWebaction
, resultName = 
, batchName = 
, dataSource = 
, parameter = 
, initialize = import java.io.BufferedReader;
						import java.io.InputStreamReader;
						import java.net.URL;
						import java.net.URLConnection;
						import com.inticube.xcron.logs.Logger;
						import java.net.InetAddress;
						
						try {
							String serverIp = InetAddress.getLocalHost().getHostAddress();
							String sUrl = "http://"+serverIp+":8080/msens/msens.xcron.hansol.VRSParserWebAction.do";
							//String sUrl = "http://10.48.241.41:8080/msens/msens.xcron.hansol.VRSParserWebAction.do";
								
							String from_date = params.getValue("#PARAM").getString("from_date");
							String to_date = params.getValue("#PARAM").getString("to_date");
							sUrl += "?from_date=" + from_date + "&to_date=" + to_date;
	
							URL url = new URL(sUrl);
							URLConnection urlConnection = url.openConnection();
							            
							BufferedReader in = new BufferedReader(new InputStreamReader(urlConnection.getInputStream()));
							
							String inputLine = "";
										
							while ((inputLine = in.readLine()) != null) { 
								System.out.println(inputLine);
							}
							
							in.close();
						} catch(Exception e) {
							Logger.error(e.getMessage(), e);
						}
. finalize = 
. validationAction = Skip
]
[2020-01-09 15:34:55:055] DEBUG - <XCron-Server>[ id = msens.xcron.hansol.alarmmonitoringcachecall
, resultName = 
, batchName = 
, dataSource = 
, parameter = 
, initialize = import java.io.BufferedReader;
						import java.io.InputStreamReader;
						import java.net.URL;
						import java.net.URLConnection;
						import com.inticube.xcron.logs.Logger;
						import java.net.InetAddress;
						
						try {
							String serverIp = InetAddress.getLocalHost().getHostAddress();
							String sUrl = "http://"+serverIp+":8080/msens/msens.xcron.hansol.alarmmonitoringcachecall.do";
							//String sUrl = "http://10.48.241.41:8080/msens/msens.xcron.hansol.alarmmonitoringcachecall.do";
							URL url = new URL(sUrl);
							URLConnection urlConnection = url.openConnection();
							            
							BufferedReader in = new BufferedReader(new InputStreamReader(urlConnection.getInputStream()));
							
							String inputLine = "";
										
							while ((inputLine = in.readLine()) != null) { 
								System.out.println(inputLine);
							}
							
							in.close();
						} catch(Exception e) {
							Logger.error(e.getMessage(), e);
						}
. finalize = 
. validationAction = Skip
]
[2020-01-09 15:34:55:055] DEBUG - <XCron-Server>[ id = msens.xcron.hansol.systeminfocachecall
, resultName = 
, batchName = 
, dataSource = 
, parameter = 
, initialize = import java.io.BufferedReader;
						import java.io.InputStreamReader;
						import java.net.URL;
						import java.net.URLConnection;
						import com.inticube.xcron.logs.Logger;
						import java.net.InetAddress;
						
						try {
							String serverIp = InetAddress.getLocalHost().getHostAddress();
							String sUrl = "http://"+serverIp+":8080/msens/msens.xcron.hansol.systeminfocachecall.do";
							//String sUrl = "http://10.48.241.41:8080/msens/msens.xcron.hansol.systeminfocachecall.do";
							URL url = new URL(sUrl);
							URLConnection urlConnection = url.openConnection();
							            
							BufferedReader in = new BufferedReader(new InputStreamReader(urlConnection.getInputStream()));
							
							String inputLine = "";
										
							while ((inputLine = in.readLine()) != null) { 
								System.out.println(inputLine);
							}
							
							in.close();
						} catch(Exception e) {
							Logger.error(e.getMessage(), e);
						}
. finalize = 
. validationAction = Skip
]
[2020-01-09 15:34:55:055] DEBUG - <XCron-Server>[ id = msens.xcron.hansol.getRealtimewebaction
, resultName = 
, batchName = 
, dataSource = 
, parameter = 
, initialize = import java.io.BufferedReader;
						import java.io.InputStreamReader;
						import java.net.URL;
						import java.net.URLConnection;
						import com.inticube.xcron.logs.Logger;
						import java.net.InetAddress;
						
						try {
							String serverIp = InetAddress.getLocalHost().getHostAddress();
							String sUrl = "http://"+serverIp+":8080/msens/msens.xcron.hansol.getRealtimewebaction.do";
							//String sUrl = "http://10.48.241.41:8080/msens/msens.xcron.hansol.getRealtimewebaction.do";
							URL url = new URL(sUrl);
							URLConnection urlConnection = url.openConnection();
							            
							BufferedReader in = new BufferedReader(new InputStreamReader(urlConnection.getInputStream()));
							
							String inputLine = "";
										
							while ((inputLine = in.readLine()) != null) { 
								System.out.println(inputLine);
							}
							
							in.close();
						} catch(Exception e) {
							Logger.error(e.getMessage(), e);
						}
. finalize = 
. validationAction = Skip
]
[2020-01-09 15:34:55:055] DEBUG - <XCron-Server>[ id = msens.xcron.hansol.getRealtimewebaction2
, resultName = 
, batchName = 
, dataSource = 
, parameter = 
, initialize = import java.io.BufferedReader;
						import java.io.InputStreamReader;
						import java.net.URL;
						import java.net.URLConnection;
						import com.inticube.xcron.logs.Logger;
						import java.net.InetAddress;
						
						try {
							String serverIp = InetAddress.getLocalHost().getHostAddress();
							String sUrl = "http://"+serverIp+":8080/msens/msens.xcron.hansol.getRealtimewebaction.do";
							//String sUrl = "http://10.48.241.41:8080/msens/msens.xcron.hansol.getRealtimewebaction.do";
							URL url = new URL(sUrl);
							URLConnection urlConnection = url.openConnection();
							            
							BufferedReader in = new BufferedReader(new InputStreamReader(urlConnection.getInputStream()));
							
							String inputLine = "";
										
							while ((inputLine = in.readLine()) != null) { 
								System.out.println(inputLine);
							}
							
							in.close();
						} catch(Exception e) {
							Logger.error(e.getMessage(), e);
						}
. finalize = 
. validationAction = Skip
]
[2020-01-09 15:34:55:055] DEBUG - <XCron-Server>[ id = msens.xcron.hansol.sttEncryptWebaction
, resultName = 
, batchName = 
, dataSource = 
, parameter = 
, initialize = import java.io.BufferedReader;
						import java.io.InputStreamReader;
						import java.net.URL;
						import java.net.URLConnection;
						import com.inticube.xcron.logs.Logger;
						import java.net.InetAddress;
						
						try {
							String serverIp = InetAddress.getLocalHost().getHostAddress();
							String sUrl = "http://"+serverIp+":8080/msens/msens.xcron.hansol.sttEncryptWebaction.do";
							//String sUrl = "http://10.48.241.41:8080/msens/msens.xcron.hansol.sttEncryptWebaction.do";
							URL url = new URL(sUrl);
							URLConnection urlConnection = url.openConnection();
							            
							BufferedReader in = new BufferedReader(new InputStreamReader(urlConnection.getInputStream()));
							
							String inputLine = "";
										
							while ((inputLine = in.readLine()) != null) { 
								System.out.println(inputLine);
							}
							
							in.close();
						} catch(Exception e) {
							Logger.error(e.getMessage(), e);
						}
. finalize = 
. validationAction = Skip
]
[2020-01-09 15:34:55:055] DEBUG - <XCron-Server>[ id = msens.xcron.hansol.sttContentSplitWebaction
, resultName = 
, batchName = 
, dataSource = 
, parameter = 
, initialize = import java.io.BufferedReader;
						import java.io.InputStreamReader;
						import java.net.URL;
						import java.net.URLConnection;
						import com.inticube.xcron.logs.Logger;
						import java.net.InetAddress;
						
						try {
							String serverIp = InetAddress.getLocalHost().getHostAddress();
							String sUrl = "http://"+serverIp+":8080/msens/msens.xcron.hansol.sttContentSplitWebaction.do";
							//String sUrl = "http://10.48.241.41:8080/msens/msens.xcron.hansol.sttContentSplitWebaction.do";
							URL url = new URL(sUrl);
							URLConnection urlConnection = url.openConnection();
							            
							BufferedReader in = new BufferedReader(new InputStreamReader(urlConnection.getInputStream()));
							
							String inputLine = "";
										
							while ((inputLine = in.readLine()) != null) { 
								System.out.println(inputLine);
							}
							
							in.close();
						} catch(Exception e) {
							Logger.error(e.getMessage(), e);
						}
. finalize = 
. validationAction = Skip
]
[2020-01-09 15:34:55:055] DEBUG - <XCron-Server>[ id = msens.xcron.hansol.sttContentSplitWebaction2
, resultName = 
, batchName = 
, dataSource = 
, parameter = 
, initialize = import java.io.BufferedReader;
						import java.io.InputStreamReader;
						import java.net.URL;
						import java.net.URLConnection;
						import com.inticube.xcron.logs.Logger;
						import java.net.InetAddress;
						
						try {
							String serverIp = InetAddress.getLocalHost().getHostAddress();
							String sUrl = "http://"+serverIp+":8080/msens/msens.xcron.hansol.sttContentSplitWebaction.do";
							//String sUrl = "http://10.48.241.41:8080/msens/msens.xcron.hansol.sttContentSplitWebaction.do";
							URL url = new URL(sUrl);
							URLConnection urlConnection = url.openConnection();
							            
							BufferedReader in = new BufferedReader(new InputStreamReader(urlConnection.getInputStream()));
							
							String inputLine = "";
										
							while ((inputLine = in.readLine()) != null) { 
								System.out.println(inputLine);
							}
							
							in.close();
						} catch(Exception e) {
							Logger.error(e.getMessage(), e);
						}
. finalize = 
. validationAction = Skip
]
[2020-01-09 15:34:55:055] DEBUG - <XCron-Server>[ id = msens.xcron.hansol.sttBulkWebAction
, resultName = 
, batchName = 
, dataSource = 
, parameter = 
, initialize = import java.io.BufferedReader;
						import java.io.InputStreamReader;
						import java.net.URL;
						import java.net.URLConnection;
						import com.inticube.xcron.logs.Logger;
						import java.net.InetAddress;
						
						try {
							String serverIp = InetAddress.getLocalHost().getHostAddress();
							String sUrl = "http://"+serverIp+":8080/msens/msens.xcron.hansol.sttBulkWebAction.do";
							//String sUrl = "http://10.48.241.41:8080/msens/msens.xcron.hansol.sttBulkWebAction.do";
														
							String from_date = params.getValue("#PARAM").getString("from_date");
							String to_date = params.getValue("#PARAM").getString("to_date");
							
							sUrl += "?from_date=" + from_date + "&to_date=" + to_date;
	
							URL url = new URL(sUrl);
							URLConnection urlConnection = url.openConnection();
							            
							BufferedReader in = new BufferedReader(new InputStreamReader(urlConnection.getInputStream()));
							
							String inputLine = "";
										
							while ((inputLine = in.readLine()) != null) { 
								System.out.println(inputLine);
							}
							
							in.close();
						} catch(Exception e) {
							Logger.error(e.getMessage(), e);
						}
. finalize = 
. validationAction = Skip
]
[2020-01-09 15:34:55:055] DEBUG - <XCron-Server>[ id = msens.xcron.hansol.qstmngbulkWebaction
, resultName = 
, batchName = 
, dataSource = 
, parameter = 
, initialize = import java.io.BufferedReader;
						import java.io.InputStreamReader;
						import java.net.URL;
						import java.net.URLConnection;
						import com.inticube.xcron.logs.Logger;
						import java.net.InetAddress;
						
						try {
							String serverIp = InetAddress.getLocalHost().getHostAddress();
							String sUrl = "http://"+serverIp+":8080/msens/msens.xcron.hansol.autoDownload.do";
							//String sUrl = "http://10.48.241.41:8080/msens/"msens.xcron.hansol.autoDownload.do";
								
							URL url = new URL(sUrl);
							URLConnection urlConnection = url.openConnection();
							            
							BufferedReader in = new BufferedReader(new InputStreamReader(urlConnection.getInputStream()));
							
							String inputLine = "";
										
							while ((inputLine = in.readLine()) != null) { 
								System.out.println(inputLine);
							}
							
							in.close();
						} catch(Exception e) {
							Logger.error(e.getMessage(), e);
						}
. finalize = 
. validationAction = Skip
]
[2020-01-09 15:34:55:055] DEBUG - <XCron-Server>[ id = msens.xcron.hansol.autoDownload
, resultName = 
, batchName = 
, dataSource = 
, parameter = 
, initialize = import java.io.BufferedReader;
						import java.io.InputStreamReader;
						import java.net.URL;
						import java.net.URLConnection;
						import com.inticube.xcron.logs.Logger;
						import java.net.InetAddress;
						
						try {
							String serverIp = InetAddress.getLocalHost().getHostAddress();
							String sUrl = "http://"+serverIp+":8080/msens/msens.xcron.hansol.autoDownload.do";
							//String sUrl = "http://10.48.241.41:8080/msens/"msens.xcron.hansol.autoDownload.do";
														
							URL url = new URL(sUrl);
							URLConnection urlConnection = url.openConnection();
							            
							BufferedReader in = new BufferedReader(new InputStreamReader(urlConnection.getInputStream()));
							
							String inputLine = "";
										
							while ((inputLine = in.readLine()) != null) { 
								System.out.println(inputLine);
							}
							
							in.close();
						} catch(Exception e) {
							Logger.error(e.getMessage(), e);
						}
. finalize = 
. validationAction = Skip
]
[2020-01-09 15:34:55:055] DEBUG - <XCron-Server>[ id = msens.xcron.hansol.mrLsListWebAction
, resultName = 
, batchName = 
, dataSource = 
, parameter = 
, initialize = import java.io.BufferedReader;
						import java.io.InputStreamReader;
						import java.net.URL;
						import java.net.URLConnection;
						import com.inticube.xcron.logs.Logger;
						import java.net.InetAddress;
						
						try {
							String serverIp = InetAddress.getLocalHost().getHostAddress();
							String sUrl = "http://"+serverIp+":8080/msens/msens.xcron.hansol.mrLsListWebAction.do";
							//String sUrl = "http://10.48.241.41:8080/msens/"msens.xcron.hansol.mrLsListWebAction.do";
							URL url = new URL(sUrl);
							URLConnection urlConnection = url.openConnection();
							            
							BufferedReader in = new BufferedReader(new InputStreamReader(urlConnection.getInputStream()));
							
							String inputLine = "";
										
							while ((inputLine = in.readLine()) != null) { 
								System.out.println(inputLine);
							}
							
							in.close();
						} catch(Exception e) {
							Logger.error(e.getMessage(), e);
						}
. finalize = 
. validationAction = Skip
]
[2020-01-09 15:34:55:055] DEBUG - <XCron-Server>[ id = db.tm.tb_pre_est_history.select
, resultName = TB_PRE_EST_ALLOCATE_HISTORY
, batchName = 
, dataSource = tmdatasource
, parameter = 
, initialize = 
. finalize = 
. validationAction = Skip
]
[2020-01-09 15:34:55:055] DEBUG - <XCron-Server>[ id = db.msens.tm.tb_pre_est_history.insert
, resultName = 
, batchName = TB_PRE_EST_ALLOCATE_HISTORY
, dataSource = msensdatasource
, parameter = 
, initialize = 
. finalize = 
. validationAction = Skip
]
[2020-01-09 15:34:55:055] DEBUG - <XCron-Server>[ id = db.tm.ms_bef_est_score.select
, resultName = MS_BEF_EST_SCORE
, batchName = 
, dataSource = tmdatasource
, parameter = 
, initialize = 
. finalize = 
. validationAction = Skip
]
[2020-01-09 15:34:55:055] DEBUG - <XCron-Server>[ id = db.msens.ms_bef_est_score.insert
, resultName = 
, batchName = MS_BEF_EST_SCORE
, dataSource = msensdatasource
, parameter = 
, initialize = 
. finalize = 
. validationAction = Skip
]
[2020-01-09 15:34:55:055] DEBUG - <XCron-Server>[ id = log.insertservicelog
, resultName = 
, batchName = _Log
, dataSource = msensdatasource
, parameter = 
, initialize = 
. finalize = 
. validationAction = Skip
]
[2020-01-09 15:34:55:055] DEBUG - <XCron-Server>[ id = db.tm.tb_group_info.select
, resultName = TM_GROUP_INGO
, batchName = 
, dataSource = tmdatasource
, parameter = #param
, initialize = 
. finalize = 
. validationAction = Skip
]
[2020-01-09 15:34:55:055] DEBUG - <XCron-Server>[ id = db.msens.ms_dept.insert
, resultName = 
, batchName = TM_GROUP_INGO
, dataSource = msensdatasource
, parameter = 
, initialize = 
. finalize = 
. validationAction = Skip
]
[2020-01-09 15:34:55:055] DEBUG - <XCron-Server>[ id = db.tm.tb_codebook_SYS057.select
, resultName = TB_CODEBOOK
, batchName = 
, dataSource = tmdatasource
, parameter = 
, initialize = 
. finalize = 
. validationAction = Skip
]
[2020-01-09 15:34:55:055] DEBUG - <XCron-Server>[ id = db.msens.ms_codebook_SYS002.insert
, resultName = 
, batchName = TB_CODEBOOK
, dataSource = msensdatasource
, parameter = 
, initialize = 
. finalize = 
. validationAction = Skip
]
[2020-01-09 15:34:55:055] DEBUG - <XCron-Server>[ id = db.tm.tb_user.select
, resultName = TB_USER
, batchName = 
, dataSource = tmdatasource
, parameter = #param
, initialize = 
. finalize = 
. validationAction = Skip
]
[2020-01-09 15:34:55:055] DEBUG - <XCron-Server>[ id = db.msens.ms_usermaster_batch.insert
, resultName = 
, batchName = TB_USER
, dataSource = msensdatasource
, parameter = 
, initialize = 
. finalize = 
. validationAction = Skip
]
[2020-01-09 15:34:55:055] DEBUG - <XCron-Server>[ id = db.tm.tb_codebook_SYS999_SYS001.select
, resultName = TB_CODEBOOK
, batchName = 
, dataSource = tmdatasource
, parameter = 
, initialize = 
. finalize = 
. validationAction = Skip
]
[2020-01-09 15:34:55:055] DEBUG - <XCron-Server>[ id = db.msens.ms_codebook_SYS001_SYS011.insert
, resultName = 
, batchName = TB_CODEBOOK
, dataSource = msensdatasource
, parameter = 
, initialize = 
. finalize = 
. validationAction = Skip
]
[2020-01-09 15:34:55:055] DEBUG - <XCron-Server>[ id = db.tm.tb_user_workmonth.select
, resultName = TB_USER
, batchName = 
, dataSource = tmdatasource
, parameter = 
, initialize = 
. finalize = 
. validationAction = Skip
]
[2020-01-09 15:34:55:055] DEBUG - <XCron-Server>[ id = db.msens.ms_usermaster_workmonth.update
, resultName = 
, batchName = TB_USER
, dataSource = msensdatasource
, parameter = 
, initialize = 
. finalize = 
. validationAction = Skip
]
[2020-01-09 15:34:55:055] DEBUG - <XCron-Server>[ id = db.tm.tb_pre_est_allocate_mng.select
, resultName = TB_PRE_EST_ALLOCATE_MNG
, batchName = 
, dataSource = tmdatasource
, parameter = #param
, initialize = 
. finalize = 
. validationAction = Skip
]
[2020-01-09 15:34:55:055] DEBUG - <XCron-Server>[ id = db.msens.tb_pre_est_allocate_mng.insert
, resultName = 
, batchName = TB_PRE_EST_ALLOCATE_MNG
, dataSource = msensdatasource
, parameter = 
, initialize = 
. finalize = 
. validationAction = Skip
]
[2020-01-09 15:34:55:055] DEBUG - <XCron-Server>[ id = db.tm.tb_sc_code_mng.select
, resultName = TB_SC_CODE_MNG
, batchName = 
, dataSource = tmdatasource
, parameter = 
, initialize = 
. finalize = 
. validationAction = Skip
]
[2020-01-09 15:34:55:055] DEBUG - <XCron-Server>[ id = db.msens.tb_sc_code_mng.insert
, resultName = 
, batchName = TB_SC_CODE_MNG
, dataSource = msensdatasource
, parameter = 
, initialize = 
. finalize = 
. validationAction = Skip
]
[2020-01-09 15:34:55:055] DEBUG - <XCron-Server>[ id = db.tm.tb_sc_mng.select
, resultName = TB_SC_MNG
, batchName = 
, dataSource = tmdatasource
, parameter = 
, initialize = 
. finalize = 
. validationAction = Skip
]
[2020-01-09 15:34:56:056] DEBUG - <XCron-Server>[ id = db.msens.tb_sc_mng.insert
, resultName = 
, batchName = TB_SC_MNG
, dataSource = msensdatasource
, parameter = 
, initialize = 
. finalize = 
. validationAction = Skip
]
[2020-01-09 15:34:56:056] DEBUG - <XCron-Server>[ id = db.tm.tb_codebook_SYS119.select
, resultName = TB_CODEBOOK
, batchName = 
, dataSource = tmdatasource
, parameter = 
, initialize = 
. finalize = 
. validationAction = Skip
]
[2020-01-09 15:34:56:056] DEBUG - <XCron-Server>[ id = db.msens.ms_codebook_SYS105.insert
, resultName = 
, batchName = TB_CODEBOOK
, dataSource = msensdatasource
, parameter = 
, initialize = 
. finalize = 
. validationAction = Skip
]
[2020-01-09 15:34:56:056] DEBUG - <XCron-Server>[ id = db.msens.tb_qst_kind_mng.delete
, resultName = 
, batchName = 
, dataSource = msensdatasource
, parameter = 
, initialize = 
. finalize = 
. validationAction = Skip
]
[2020-01-09 15:34:56:056] DEBUG - <XCron-Server>[ id = db.tm.tb_qst_kind_mng.select
, resultName = TB_QST_KIND_MNG
, batchName = 
, dataSource = tmdatasource
, parameter = 
, initialize = 
. finalize = 
. validationAction = Skip
]
[2020-01-09 15:34:56:056] DEBUG - <XCron-Server>[ id = db.msens.tb_qst_kind_mng.insert
, resultName = 
, batchName = TB_QST_KIND_MNG
, dataSource = msensdatasource
, parameter = 
, initialize = 
. finalize = 
. validationAction = Skip
]
[2020-01-09 15:34:56:056] DEBUG - <XCron-Server>[ id = db.tm.tbia101.select
, resultName = TBIA101
, batchName = 
, dataSource = tmdatasource
, parameter = 
, initialize = 
. finalize = 
. validationAction = Skip
]
[2020-01-09 15:34:56:056] DEBUG - <XCron-Server>[ id = db.msens.ms_product.insert
, resultName = 
, batchName = TBIA101
, dataSource = msensdatasource
, parameter = 
, initialize = 
. finalize = 
. validationAction = Skip
]
[2020-01-09 15:34:56:056] DEBUG - <XCron-Server>[ id = db.tm.tbia102.select
, resultName = TAIA102
, batchName = 
, dataSource = tmdatasource
, parameter = 
, initialize = 
. finalize = 
. validationAction = Skip
]
[2020-01-09 15:34:56:056] DEBUG - <XCron-Server>[ id = db.msens.ms_dmbo.insert
, resultName = 
, batchName = TAIA102
, dataSource = msensdatasource
, parameter = 
, initialize = 
. finalize = 
. validationAction = Skip
]
[2020-01-09 15:34:56:056] DEBUG - <XCron-Server>[ id = db.tm.tb_sc_qst_mng.select
, resultName = TB_SC_QST_MNG
, batchName = 
, dataSource = tmdatasource
, parameter = 
, initialize = 
. finalize = 
. validationAction = Skip
]
[2020-01-09 15:34:56:056] DEBUG - <XCron-Server>[ id = db.msens.tb_sc_qst_mng.insert
, resultName = 
, batchName = TB_SC_QST_MNG
, dataSource = msensdatasource
, parameter = 
, initialize = 
. finalize = 
. validationAction = Skip
]
[2020-01-09 15:34:56:056] DEBUG - <XCron-Server>[ id = db.tm.tb_holiday.select
, resultName = TB_HOLIDAY
, batchName = 
, dataSource = tmdatasource
, parameter = #param
, initialize = 
. finalize = 
. validationAction = Skip
]
[2020-01-09 15:34:56:056] DEBUG - <XCron-Server>[ id = db.msens.ms_holiday_info.insert
, resultName = 
, batchName = TB_HOLIDAY
, dataSource = msensdatasource
, parameter = 
, initialize = 
. finalize = 
. validationAction = Skip
]
[2020-01-09 15:34:56:056] DEBUG - <XCron-Server>[ id = db.msens.ms_stt_meta_flages.update
, resultName = 
, batchName = 
, dataSource = msensdatasource
, parameter = #param
, initialize = 
. finalize = 
. validationAction = Skip
]
[2020-01-09 15:34:56:056] DEBUG - <XCron-Server>[ id = db.tm.tb_insu_plan_mast.ass_user.select
, resultName = TB_INSU_PLAN_MAST
, batchName = 
, dataSource = tmdatasource
, parameter = #param
, initialize = 
. finalize = 
. validationAction = Skip
]
[2020-01-09 15:34:56:056] DEBUG - <XCron-Server>[ id = db.msens.ms_stt_meta.ass_user.update
, resultName = 
, batchName = TB_INSU_PLAN_MAST
, dataSource = msensdatasource
, parameter = 
, initialize = 
. finalize = 
. validationAction = Skip
]
[2020-01-09 15:34:56:056] DEBUG - <XCron-Server>[ id = db.msens.ms_stt_meta.cur_con_ent_dgn_no.select
, resultName = MS_STT_META
, batchName = 
, dataSource = msensdatasource
, parameter = #param
, initialize = 
. finalize = 
. validationAction = Skip
]
[2020-01-09 15:34:56:056] DEBUG - <XCron-Server>[ id = db.tm.tb_pre_est_history.est_info.select
, resultName = TB_PRE_EST_HISTORY
, batchName = MS_STT_META
, dataSource = tmdatasource
, parameter = 
, initialize = 
. finalize = 
. validationAction = Skip
]
[2020-01-09 15:34:56:056] DEBUG - <XCron-Server>[ id = db.msens.ms_pre_est_info.est_info.insert
, resultName = 
, batchName = TB_PRE_EST_HISTORY
, dataSource = msensdatasource
, parameter = 
, initialize = 
. finalize = 
. validationAction = Skip
]
[2020-01-09 15:34:56:056] DEBUG - <XCron-Server>[ id = db.msens.ms_qc_work_stat.endtime.update
, resultName = 
, batchName = 
, dataSource = msensdatasource
, parameter = #param
, initialize = 
. finalize = 
. validationAction = Skip
]
[2020-01-09 15:34:56:056] DEBUG - <XCron-Server>[ id = db.msens.ms_ins_timestamp.endtime.update
, resultName = 
, batchName = 
, dataSource = msensdatasource
, parameter = #param
, initialize = 
. finalize = 
. validationAction = Skip
]
[2020-01-09 15:34:56:056] DEBUG - <XCron-Server>[ id = db.msens.ms_qc_work_stat.sum.select
, resultName = MS_QC_WORK_SUM
, batchName = 
, dataSource = msensdatasource
, parameter = #param
, initialize = 
. finalize = 
. validationAction = Skip
]
[2020-01-09 15:34:56:056] DEBUG - <XCron-Server>[ id = db.msens.ms_qc_work_sum.sum.insert
, resultName = 
, batchName = MS_QC_WORK_SUM
, dataSource = msensdatasource
, parameter = 
, initialize = 
. finalize = 
. validationAction = Skip
]
[2020-01-09 15:34:56:056] DEBUG - <XCron-Server>[ id = db.msens.ms_qc_work_stat.delete
, resultName = 
, batchName = 
, dataSource = msensdatasource
, parameter = #param
, initialize = 
. finalize = 
. validationAction = Skip
]
[2020-01-09 15:34:56:056] DEBUG - <XCron-Server>[ id = db.msens.ms_ins_timestamp.sum.select
, resultName = MS_INS_TIMESTAMP
, batchName = 
, dataSource = msensdatasource
, parameter = #param
, initialize = 
. finalize = 
. validationAction = Skip
]
[2020-01-09 15:34:56:056] DEBUG - <XCron-Server>[ id = db.msens.ms_ins_timestamp_sum.sum.insert
, resultName = 
, batchName = MS_INS_TIMESTAMP
, dataSource = msensdatasource
, parameter = 
, initialize = 
. finalize = 
. validationAction = Skip
]
[2020-01-09 15:34:56:056] DEBUG - <XCron-Server>[ id = db.msens.ms_ins_timestamp.delete
, resultName = 
, batchName = 
, dataSource = msensdatasource
, parameter = #param
, initialize = 
. finalize = 
. validationAction = Skip
]
[2020-01-09 15:34:56:056] DEBUG - <XCron-Server>[ id = db.msens.ms_xcron_file_log.delete.term
, resultName = 
, batchName = 
, dataSource = msensdatasource
, parameter = 
, initialize = 
. finalize = 
. validationAction = Skip
]
[2020-01-09 15:34:56:056] DEBUG - <XCron-Server>[ id = db.msens.ms_xcron_service_log.delete.term
, resultName = 
, batchName = 
, dataSource = msensdatasource
, parameter = 
, initialize = 
. finalize = 
. validationAction = Skip
]
[2020-01-09 15:34:56:056] DEBUG - <XCron-Server>[ id = db.msens.ms_login_log.delete.term
, resultName = 
, batchName = 
, dataSource = msensdatasource
, parameter = 
, initialize = 
. finalize = 
. validationAction = Skip
]
[2020-01-09 15:34:56:056] DEBUG - <XCron-Server>[ id = db.msens.ms_player_log.delete.term
, resultName = 
, batchName = 
, dataSource = msensdatasource
, parameter = 
, initialize = 
. finalize = 
. validationAction = Skip
]
[2020-01-09 15:34:56:056] DEBUG - <XCron-Server>[ id = db.msens.ms_stt_rslt.delete.term
, resultName = 
, batchName = 
, dataSource = msensdatasource
, parameter = 
, initialize = 
. finalize = 
. validationAction = Skip
]
[2020-01-09 15:34:56:056] DEBUG - <XCron-Server>[ id = msens.xcron.hansol.wavfile.delete.action
, resultName = 
, batchName = 
, dataSource = 
, parameter = 
, initialize = import com.inticube.xcron.logs.Logger;
						
						try {
						
							String command = "/sw/msens/MSENS_OB/webapps/temp/file_delete.sh";
							
							Runtime runtime = Runtime.getRuntime();
							Process process = runtime.exec(command);
							
						} catch(Exception e) {
							Logger.error(e.getMessage(), e);
						}
. finalize = 
. validationAction = Skip
]
[2020-01-09 15:34:56:056] DEBUG - <XCron-Server>[ id = msens.xcron.hansol.log.delete.action
, resultName = 
, batchName = 
, dataSource = 
, parameter = 
, initialize = import com.inticube.xcron.logs.Logger;
						
						try {
						
							String command = "/sw/msens/MSENS_OB/webapps/temp/log_delete.sh";
							
							Runtime runtime = Runtime.getRuntime();
							Process process = runtime.exec(command);
							
						} catch(Exception e) {
							Logger.error(e.getMessage(), e);
						}
. finalize = 
. validationAction = Skip
]
[2020-01-09 15:34:56:056] DEBUG - <XCron-Server>[ id = db.msens.ms_value.delete.term
, resultName = 
, batchName = 
, dataSource = snmpdatasource
, parameter = #param
, initialize = 
. finalize = 
. validationAction = Skip
]
[2020-01-09 15:34:56:056] DEBUG - <XCron-Server>[ id = db.msens.ms_value_min.delete.term
, resultName = 
, batchName = 
, dataSource = snmpdatasource
, parameter = #param
, initialize = 
. finalize = 
. validationAction = Skip
]
[2020-01-09 15:34:56:056] DEBUG - <XCron-Server>[ id = db.msens.ms_value_usage.delete.term
, resultName = 
, batchName = 
, dataSource = snmpdatasource
, parameter = #param
, initialize = 
. finalize = 
. validationAction = Skip
]
[2020-01-09 15:34:56:056] DEBUG - <XCron-Server>[ id = db.msens.ms_value_usage_et.delete.term
, resultName = 
, batchName = 
, dataSource = snmpdatasource
, parameter = #param
, initialize = 
. finalize = 
. validationAction = Skip
]
[2020-01-09 15:34:56:056] DEBUG - <XCron-Server>[ id = db.uat.msens.tb_sc_code_mng.utp.select
, resultName = TB_SC_CODE_MNG
, batchName = 
, dataSource = muatdatasource
, parameter = 
, initialize = 
. finalize = 
. validationAction = Skip
]
[2020-01-09 15:34:56:056] DEBUG - <XCron-Server>[ id = db.msens.tb_sc_code_mng.utp.insert
, resultName = 
, batchName = TB_SC_CODE_MNG
, dataSource = mproddatasource
, parameter = 
, initialize = 
. finalize = 
. validationAction = Skip
]
[2020-01-09 15:34:56:056] DEBUG - <XCron-Server>[ id = db.uat.msens.tb_sc_mng.utp.select
, resultName = TB_SC_MNG
, batchName = 
, dataSource = muatdatasource
, parameter = 
, initialize = 
. finalize = 
. validationAction = Skip
]
[2020-01-09 15:34:56:056] DEBUG - <XCron-Server>[ id = db.msens.tb_sc_mng.utp.insert
, resultName = 
, batchName = TB_SC_MNG
, dataSource = mproddatasource
, parameter = 
, initialize = 
. finalize = 
. validationAction = Skip
]
[2020-01-09 15:34:56:056] DEBUG - <XCron-Server>[ id = db.uat.msens.tb_codebook_SYS119.utp.select
, resultName = TB_CODEBOOK
, batchName = 
, dataSource = muatdatasource
, parameter = 
, initialize = 
. finalize = 
. validationAction = Skip
]
[2020-01-09 15:34:56:056] DEBUG - <XCron-Server>[ id = db.msens.ms_codebook_SYS105.utp.insert
, resultName = 
, batchName = TB_CODEBOOK
, dataSource = mproddatasource
, parameter = 
, initialize = 
. finalize = 
. validationAction = Skip
]
[2020-01-09 15:34:56:056] DEBUG - <XCron-Server>[ id = db.msens.tb_qst_kind_mng.utp.delete
, resultName = 
, batchName = 
, dataSource = mproddatasource
, parameter = 
, initialize = 
. finalize = 
. validationAction = Skip
]
[2020-01-09 15:34:56:056] DEBUG - <XCron-Server>[ id = db.uat.msens.tb_qst_kind_mng.utp.select
, resultName = TB_QST_KIND_MNG
, batchName = 
, dataSource = muatdatasource
, parameter = 
, initialize = 
. finalize = 
. validationAction = Skip
]
[2020-01-09 15:34:56:056] DEBUG - <XCron-Server>[ id = db.msens.tb_qst_kind_mng.utp.insert
, resultName = 
, batchName = TB_QST_KIND_MNG
, dataSource = mproddatasource
, parameter = 
, initialize = 
. finalize = 
. validationAction = Skip
]
[2020-01-09 15:34:56:056] DEBUG - <XCron-Server>[ id = db.msens.ms_stt_result.delete.term
, resultName = 
, batchName = 
, dataSource = msensdatasource
, parameter = #param
, initialize = 
. finalize = 
. validationAction = Skip
]
[2020-01-09 15:34:56:056] DEBUG - <XCron-Server>[ id = db.msens.ms_stt_meta.delete.term
, resultName = 
, batchName = 
, dataSource = msensdatasource
, parameter = #param
, initialize = 
. finalize = 
. validationAction = Skip
]
[2020-01-09 15:34:56:056] DEBUG - <XCron-Server>[ id = db.msens.ms_script_result.delete.term
, resultName = 
, batchName = 
, dataSource = msensdatasource
, parameter = #param
, initialize = 
. finalize = 
. validationAction = Skip
]
[2020-01-09 15:34:56:056] DEBUG - <XCron-Server>[ id = db.msens.ms_search_result.delete.term
, resultName = 
, batchName = 
, dataSource = msensdatasource
, parameter = #param
, initialize = 
. finalize = 
. validationAction = Skip
]
[2020-01-09 15:34:56:056] DEBUG - <XCron-Server>[ id = db.msens.ms_grade_result.delete.term
, resultName = 
, batchName = 
, dataSource = msensdatasource
, parameter = #param
, initialize = 
. finalize = 
. validationAction = Skip
]
[2020-01-09 15:34:56:056] DEBUG - <XCron-Server>[ id = db.msens.ms_bef_est_score.delete.term
, resultName = 
, batchName = 
, dataSource = msensdatasource
, parameter = #param
, initialize = 
. finalize = 
. validationAction = Skip
]
[2020-01-09 15:34:56:056] DEBUG - <XCron-Server>[ id = db.msens.ms_bef_mrls.delete.term
, resultName = 
, batchName = 
, dataSource = msensdatasource
, parameter = #param
, initialize = 
. finalize = 
. validationAction = Skip
]
[2020-01-09 15:34:56:056] DEBUG - <XCron-Server>[ id = db.msens.tb_sc_qst_mng.delete.term
, resultName = 
, batchName = 
, dataSource = msensdatasource
, parameter = #param
, initialize = 
. finalize = 
. validationAction = Skip
]
[2020-01-09 15:34:56:056] DEBUG - <XCron-Server>[ id = db.prod.msens.ms_ment_mng.utp.del
, resultName = 
, batchName = 
, dataSource = mproddatasource
, parameter = 
, initialize = 
. finalize = 
. validationAction = Skip
]
[2020-01-09 15:34:56:056] DEBUG - <XCron-Server>[ id = db.uat.msens.ms_ment_mng.utp.select
, resultName = MS_MENT_MNG
, batchName = 
, dataSource = muatdatasource
, parameter = 
, initialize = 
. finalize = 
. validationAction = Skip
]
[2020-01-09 15:34:56:056] DEBUG - <XCron-Server>[ id = db.prod.msens.ms_ment_mng.utp.ins
, resultName = 
, batchName = MS_MENT_MNG
, dataSource = mproddatasource
, parameter = 
, initialize = 
. finalize = 
. validationAction = Skip
]
[2020-01-09 15:34:56:056] DEBUG - <XCron-Server>[ id = msens.xcron.hansol.autoDownload.flag.update
, resultName = 
, batchName = 
, dataSource = msensdatasource
, parameter = 
, initialize = 
. finalize = 
. validationAction = Skip
]
[2020-01-09 15:34:56:056] DEBUG - <XCron-Server>[ id = db.msens.tb_reject_list.select
, resultName = TB_REJECT
, batchName = 
, dataSource = tmdatasource
, parameter = #param
, initialize = 
. finalize = 
. validationAction = Skip
]
[2020-01-09 15:34:56:056] DEBUG - <XCron-Server>[ id = db.msens.ms_reject_list.insert
, resultName = 
, batchName = TB_REJECT
, dataSource = msensdatasource
, parameter = 
, initialize = 
. finalize = 
. validationAction = Skip
]
[2020-01-09 15:34:56:056] DEBUG - <XCron-Server>[ id = db.tm.getBefMrLs
, resultName = TB_LIST
, batchName = 
, dataSource = tmdatasource
, parameter = #param
, initialize = 
. finalize = 
. validationAction = Skip
]
[2020-01-09 15:34:56:056] DEBUG - <XCron-Server>[ id = db.msens.ms_bef_mrls_list.insert
, resultName = 
, batchName = TB_LIST
, dataSource = msensdatasource
, parameter = 
, initialize = 
. finalize = 
. validationAction = Skip
]
[2020-01-09 15:34:56:056] INFO  - <XCron-Server>XCron Schedule Service Started
[2020-01-09 15:34:56:056] INFO  - <XCron-Server>Programmed = Youn TaeHee, @Seoul Korea
[2020-01-09 15:34:56:056] INFO  - <XCron-Server>E-mail = taehee.youn@gmail.com
[2020-01-09 15:34:56:056] INFO  - <XCron-Server>Initializing end
[2020-01-09 15:34:56:056] INFO  - <XCron-Server>==============================================================================
[2020-01-09 15:37:15:015] DEBUG - <pool-1-thread-1><?xml version='1.0' encoding='euc-kr'?><ControlConfig><Cmd Name="exec" Service="SVC_COM_007"/><Param><Field Name="TO_DATE"><![CDATA[20200109235959]]></Field><Field Name="FROM_DATE"><![CDATA[20200108000000]]></Field></Param></ControlConfig>
[2020-01-09 15:37:15:015] DEBUG - <pool-1-thread-1>
[TO_DATE=20200109235959,FROM_DATE=20200108000000]
[2020-01-09 15:37:15:015] INFO  - <pool-1-thread-1>Service <SVC_COM_007> is requested from </127.0.0.1>
[2020-01-09 15:37:15:015] DEBUG - <pool-1-thread-1>Transaction [ pool-1-thread-1 ] begins(Current Transaction Group Size Is 0)
[2020-01-09 15:37:15:015] DEBUG - <pool-1-thread-1>RequestServiceManager.execute begin ...
[2020-01-09 15:37:17:017] DEBUG - <pool-1-thread-1>RequestServiceManager.execute end ...
[2020-01-09 15:37:17:017] DEBUG - <pool-1-thread-1>Transaction [ pool-1-thread-1 ] commit ...
[2020-01-09 15:37:17:017] DEBUG - <pool-1-thread-1>RequestServiceManager.execute begin ...
[2020-01-09 15:37:17:017] DEBUG - <pool-1-thread-1>Non Trasaction & DataSource msensdatasource is Created
[2020-01-09 15:39:02:002] ERROR - <pool-1-thread-1>[Microsoft][SQLServer 2000 Driver for JDBC]Error establishing socket.
com.inticube.xcron.exception.XCronAppException: [Microsoft][SQLServer 2000 Driver for JDBC]Error establishing socket.
	at com.inticube.xcron.resource.TransactionManager.getConnection(TransactionManager.java:95)
	at com.inticube.xcron.resource.JDBCDataSource.executePreparedUpdate(JDBCDataSource.java:483)
	at com.inticube.xcron.resource.JDBCDataSource.execute(JDBCDataSource.java:826)
	at com.inticube.xcron.config.RequestServiceManager.execute(RequestServiceManager.java:181)
	at com.inticube.xcron.core.XCronServiceHandler.executeLogService(XCronServiceHandler.java:218)
	at com.inticube.xcron.core.XCronServiceHandler.executeLogService(XCronServiceHandler.java:185)
	at com.inticube.xcron.core.XCronServiceHandler.execute(XCronServiceHandler.java:130)
	at com.inticube.xcron.core.XCronServerProcessor.execute(XCronServerProcessor.java:215)
	at com.inticube.xcron.core.XCronServerProcessor.run(XCronServerProcessor.java:124)
	at java.util.concurrent.ThreadPoolExecutor.runWorker(Unknown Source)
	at java.util.concurrent.ThreadPoolExecutor$Worker.run(Unknown Source)
	at java.lang.Thread.run(Unknown Source)
[2020-01-09 15:39:03:003] INFO  - <pool-1-thread-1>Running : 0 / Pending : 0
[2020-01-09 15:39:03:003] INFO  - <pool-1-thread-1>Service <SVC_COM_007> is completed  <w:0 e:1924 m/s>
[2020-01-09 15:39:03:003] DEBUG - <pool-1-thread-1><?xml version='1.0' encoding='UTF-8'?><ControlConfig><ResultCode>0</ResultCode><ResultMessage></ResultMessage></ControlConfig>
[2020-01-09 15:49:54:054] DEBUG - <pool-1-thread-2><?xml version='1.0' encoding='euc-kr'?><ControlConfig><Cmd Name="exec" Service="SVC_COM_007"/><Param><Field Name="TO_DATE"><![CDATA[20200109235959]]></Field><Field Name="FROM_DATE"><![CDATA[20200108000000]]></Field></Param></ControlConfig>
[2020-01-09 15:49:54:054] DEBUG - <pool-1-thread-2>
[TO_DATE=20200109235959,FROM_DATE=20200108000000]
[2020-01-09 15:49:54:054] INFO  - <pool-1-thread-2>Service <SVC_COM_007> is requested from </127.0.0.1>
[2020-01-09 15:49:54:054] DEBUG - <pool-1-thread-2>Transaction [ pool-1-thread-2 ] begins(Current Transaction Group Size Is 0)
[2020-01-09 15:49:54:054] DEBUG - <pool-1-thread-2>RequestServiceManager.execute begin ...
[2020-01-09 15:49:55:055] DEBUG - <pool-1-thread-2>RequestServiceManager.execute end ...
[2020-01-09 15:49:55:055] DEBUG - <pool-1-thread-2>Transaction [ pool-1-thread-2 ] commit ...
[2020-01-09 15:49:55:055] DEBUG - <pool-1-thread-2>RequestServiceManager.execute begin ...
[2020-01-09 15:49:55:055] DEBUG - <pool-1-thread-2>Non Trasaction & DataSource msensdatasource is Created
[2020-01-09 15:51:21:021] DEBUG - <pool-1-thread-3><?xml version='1.0' encoding='euc-kr'?><ControlConfig><Cmd Name="exec" Service="SVC_COM_007"/><Param><Field Name="TO_DATE"><![CDATA[20200109235959]]></Field><Field Name="FROM_DATE"><![CDATA[20170105000000]]></Field></Param></ControlConfig>
[2020-01-09 15:51:21:021] DEBUG - <pool-1-thread-3>
[TO_DATE=20200109235959,FROM_DATE=20170105000000]
[2020-01-09 15:51:21:021] INFO  - <pool-1-thread-3>Service <SVC_COM_007> is requested from </127.0.0.1>
[2020-01-09 15:51:21:021] WARN  - <pool-1-thread-3>Service <SVC_COM_007> is already running ...
[2020-01-09 15:51:21:021] DEBUG - <pool-1-thread-3><?xml version='1.0' encoding='UTF-8'?><ControlConfig><ResultCode>0</ResultCode><ResultMessage></ResultMessage></ControlConfig>
[2020-01-09 15:51:40:040] ERROR - <pool-1-thread-2>[Microsoft][SQLServer 2000 Driver for JDBC]Error establishing socket.
com.inticube.xcron.exception.XCronAppException: [Microsoft][SQLServer 2000 Driver for JDBC]Error establishing socket.
	at com.inticube.xcron.resource.TransactionManager.getConnection(TransactionManager.java:95)
	at com.inticube.xcron.resource.JDBCDataSource.executePreparedUpdate(JDBCDataSource.java:483)
	at com.inticube.xcron.resource.JDBCDataSource.execute(JDBCDataSource.java:826)
	at com.inticube.xcron.config.RequestServiceManager.execute(RequestServiceManager.java:181)
	at com.inticube.xcron.core.XCronServiceHandler.executeLogService(XCronServiceHandler.java:218)
	at com.inticube.xcron.core.XCronServiceHandler.executeLogService(XCronServiceHandler.java:185)
	at com.inticube.xcron.core.XCronServiceHandler.execute(XCronServiceHandler.java:130)
	at com.inticube.xcron.core.XCronServerProcessor.execute(XCronServerProcessor.java:215)
	at com.inticube.xcron.core.XCronServerProcessor.run(XCronServerProcessor.java:124)
	at java.util.concurrent.ThreadPoolExecutor.runWorker(Unknown Source)
	at java.util.concurrent.ThreadPoolExecutor$Worker.run(Unknown Source)
	at java.lang.Thread.run(Unknown Source)
[2020-01-09 15:51:40:040] INFO  - <pool-1-thread-2>Running : 0 / Pending : 0
[2020-01-09 15:51:40:040] INFO  - <pool-1-thread-2>Service <SVC_COM_007> is completed  <w:0 e:102 m/s>
[2020-01-09 15:51:40:040] DEBUG - <pool-1-thread-2><?xml version='1.0' encoding='UTF-8'?><ControlConfig><ResultCode>0</ResultCode><ResultMessage></ResultMessage></ControlConfig>
[2020-01-09 15:51:53:053] DEBUG - <pool-1-thread-2><?xml version='1.0' encoding='euc-kr'?><ControlConfig><Cmd Name="exec" Service="SVC_COM_007"/><Param><Field Name="TO_DATE"><![CDATA[20200109235959]]></Field><Field Name="FROM_DATE"><![CDATA[20170105000000]]></Field></Param></ControlConfig>
[2020-01-09 15:51:53:053] DEBUG - <pool-1-thread-2>
[TO_DATE=20200109235959,FROM_DATE=20170105000000]
[2020-01-09 15:51:53:053] INFO  - <pool-1-thread-2>Service <SVC_COM_007> is requested from </127.0.0.1>
[2020-01-09 15:51:53:053] DEBUG - <pool-1-thread-2>Transaction [ pool-1-thread-2 ] begins(Current Transaction Group Size Is 0)
[2020-01-09 15:51:53:053] DEBUG - <pool-1-thread-2>RequestServiceManager.execute begin ...
[2020-01-09 15:51:55:055] DEBUG - <pool-1-thread-2>RequestServiceManager.execute end ...
[2020-01-09 15:51:55:055] DEBUG - <pool-1-thread-2>Transaction [ pool-1-thread-2 ] commit ...
[2020-01-09 15:51:55:055] DEBUG - <pool-1-thread-2>RequestServiceManager.execute begin ...
[2020-01-09 15:51:55:055] DEBUG - <pool-1-thread-2>Non Trasaction & DataSource msensdatasource is Created
[2020-01-09 15:53:40:040] ERROR - <pool-1-thread-2>[Microsoft][SQLServer 2000 Driver for JDBC]Error establishing socket.
com.inticube.xcron.exception.XCronAppException: [Microsoft][SQLServer 2000 Driver for JDBC]Error establishing socket.
	at com.inticube.xcron.resource.TransactionManager.getConnection(TransactionManager.java:95)
	at com.inticube.xcron.resource.JDBCDataSource.executePreparedUpdate(JDBCDataSource.java:483)
	at com.inticube.xcron.resource.JDBCDataSource.execute(JDBCDataSource.java:826)
	at com.inticube.xcron.config.RequestServiceManager.execute(RequestServiceManager.java:181)
	at com.inticube.xcron.core.XCronServiceHandler.executeLogService(XCronServiceHandler.java:218)
	at com.inticube.xcron.core.XCronServiceHandler.executeLogService(XCronServiceHandler.java:185)
	at com.inticube.xcron.core.XCronServiceHandler.execute(XCronServiceHandler.java:130)
	at com.inticube.xcron.core.XCronServerProcessor.execute(XCronServerProcessor.java:215)
	at com.inticube.xcron.core.XCronServerProcessor.run(XCronServerProcessor.java:124)
	at java.util.concurrent.ThreadPoolExecutor.runWorker(Unknown Source)
	at java.util.concurrent.ThreadPoolExecutor$Worker.run(Unknown Source)
	at java.lang.Thread.run(Unknown Source)
[2020-01-09 15:53:40:040] INFO  - <pool-1-thread-2>Running : 0 / Pending : 0
[2020-01-09 15:53:40:040] INFO  - <pool-1-thread-2>Service <SVC_COM_007> is completed  <w:0 e:1512 m/s>
[2020-01-09 15:53:40:040] DEBUG - <pool-1-thread-2><?xml version='1.0' encoding='UTF-8'?><ControlConfig><ResultCode>0</ResultCode><ResultMessage></ResultMessage></ControlConfig>
[2020-01-09 16:17:23:023] DEBUG - <pool-1-thread-4><?xml version='1.0' encoding='euc-kr'?><ControlConfig><Cmd Name="exec" Service="SVC_COM_007"/><Param><Field Name="TO_DATE"><![CDATA[20200109235959]]></Field><Field Name="FROM_DATE"><![CDATA[20200108000000]]></Field></Param></ControlConfig>
[2020-01-09 16:17:23:023] DEBUG - <pool-1-thread-4>
[TO_DATE=20200109235959,FROM_DATE=20200108000000]
[2020-01-09 16:17:23:023] INFO  - <pool-1-thread-4>Service <SVC_COM_007> is requested from </127.0.0.1>
[2020-01-09 16:17:23:023] DEBUG - <pool-1-thread-4>Transaction [ pool-1-thread-4 ] begins(Current Transaction Group Size Is 0)
[2020-01-09 16:17:23:023] DEBUG - <pool-1-thread-4>RequestServiceManager.execute begin ...
[2020-01-09 16:17:24:024] DEBUG - <pool-1-thread-4>RequestServiceManager.execute end ...
[2020-01-09 16:17:24:024] DEBUG - <pool-1-thread-4>Transaction [ pool-1-thread-4 ] commit ...
[2020-01-09 16:17:24:024] DEBUG - <pool-1-thread-4>RequestServiceManager.execute begin ...
[2020-01-09 16:17:24:024] DEBUG - <pool-1-thread-4>Non Trasaction & DataSource msensdatasource is Created
[2020-01-09 16:19:09:009] ERROR - <pool-1-thread-4>[Microsoft][SQLServer 2000 Driver for JDBC]Error establishing socket.
com.inticube.xcron.exception.XCronAppException: [Microsoft][SQLServer 2000 Driver for JDBC]Error establishing socket.
	at com.inticube.xcron.resource.TransactionManager.getConnection(TransactionManager.java:95)
	at com.inticube.xcron.resource.JDBCDataSource.executePreparedUpdate(JDBCDataSource.java:483)
	at com.inticube.xcron.resource.JDBCDataSource.execute(JDBCDataSource.java:826)
	at com.inticube.xcron.config.RequestServiceManager.execute(RequestServiceManager.java:181)
	at com.inticube.xcron.core.XCronServiceHandler.executeLogService(XCronServiceHandler.java:218)
	at com.inticube.xcron.core.XCronServiceHandler.executeLogService(XCronServiceHandler.java:185)
	at com.inticube.xcron.core.XCronServiceHandler.execute(XCronServiceHandler.java:130)
	at com.inticube.xcron.core.XCronServerProcessor.execute(XCronServerProcessor.java:215)
	at com.inticube.xcron.core.XCronServerProcessor.run(XCronServerProcessor.java:124)
	at java.util.concurrent.ThreadPoolExecutor.runWorker(Unknown Source)
	at java.util.concurrent.ThreadPoolExecutor$Worker.run(Unknown Source)
	at java.lang.Thread.run(Unknown Source)
[2020-01-09 16:19:09:009] INFO  - <pool-1-thread-4>Running : 0 / Pending : 0
[2020-01-09 16:19:09:009] INFO  - <pool-1-thread-4>Service <SVC_COM_007> is completed  <w:0 e:735 m/s>
[2020-01-09 16:19:09:009] DEBUG - <pool-1-thread-4><?xml version='1.0' encoding='UTF-8'?><ControlConfig><ResultCode>0</ResultCode><ResultMessage></ResultMessage></ControlConfig>
[2020-01-09 16:53:31:031] DEBUG - <pool-1-thread-5><?xml version='1.0' encoding='euc-kr'?><ControlConfig><Cmd Name="exec" Service="SVC_COM_007"/><Param><Field Name="TO_DATE"><![CDATA[20200109235959]]></Field><Field Name="FROM_DATE"><![CDATA[20160101000000]]></Field></Param></ControlConfig>
[2020-01-09 16:53:31:031] DEBUG - <pool-1-thread-5>
[TO_DATE=20200109235959,FROM_DATE=20160101000000]
[2020-01-09 16:53:31:031] INFO  - <pool-1-thread-5>Service <SVC_COM_007> is requested from </127.0.0.1>
[2020-01-09 16:53:31:031] DEBUG - <pool-1-thread-5>Transaction [ pool-1-thread-5 ] begins(Current Transaction Group Size Is 0)
[2020-01-09 16:53:31:031] DEBUG - <pool-1-thread-5>RequestServiceManager.execute begin ...
[2020-01-09 16:53:32:032] DEBUG - <pool-1-thread-5>RequestServiceManager.execute end ...
[2020-01-09 16:53:32:032] DEBUG - <pool-1-thread-5>Transaction [ pool-1-thread-5 ] commit ...
[2020-01-09 16:53:32:032] DEBUG - <pool-1-thread-5>RequestServiceManager.execute begin ...
[2020-01-09 16:53:32:032] DEBUG - <pool-1-thread-5>Non Trasaction & DataSource msensdatasource is Created
[2020-01-09 16:55:17:017] ERROR - <pool-1-thread-5>[Microsoft][SQLServer 2000 Driver for JDBC]Error establishing socket.
com.inticube.xcron.exception.XCronAppException: [Microsoft][SQLServer 2000 Driver for JDBC]Error establishing socket.
	at com.inticube.xcron.resource.TransactionManager.getConnection(TransactionManager.java:95)
	at com.inticube.xcron.resource.JDBCDataSource.executePreparedUpdate(JDBCDataSource.java:483)
	at com.inticube.xcron.resource.JDBCDataSource.execute(JDBCDataSource.java:826)
	at com.inticube.xcron.config.RequestServiceManager.execute(RequestServiceManager.java:181)
	at com.inticube.xcron.core.XCronServiceHandler.executeLogService(XCronServiceHandler.java:218)
	at com.inticube.xcron.core.XCronServiceHandler.executeLogService(XCronServiceHandler.java:185)
	at com.inticube.xcron.core.XCronServiceHandler.execute(XCronServiceHandler.java:130)
	at com.inticube.xcron.core.XCronServerProcessor.execute(XCronServerProcessor.java:215)
	at com.inticube.xcron.core.XCronServerProcessor.run(XCronServerProcessor.java:124)
	at java.util.concurrent.ThreadPoolExecutor.runWorker(Unknown Source)
	at java.util.concurrent.ThreadPoolExecutor$Worker.run(Unknown Source)
	at java.lang.Thread.run(Unknown Source)
[2020-01-09 16:55:17:017] INFO  - <pool-1-thread-5>Running : 0 / Pending : 0
[2020-01-09 16:55:17:017] INFO  - <pool-1-thread-5>Service <SVC_COM_007> is completed  <w:0 e:949 m/s>
[2020-01-09 16:55:17:017] DEBUG - <pool-1-thread-5><?xml version='1.0' encoding='UTF-8'?><ControlConfig><ResultCode>0</ResultCode><ResultMessage></ResultMessage></ControlConfig>
[2020-01-09 16:58:25:025] DEBUG - <pool-1-thread-6><?xml version='1.0' encoding='euc-kr'?><ControlConfig><Cmd Name="exec" Service="SVC_COM_007"/><Param><Field Name="TO_DATE"><![CDATA[20200109235959]]></Field><Field Name="FROM_DATE"><![CDATA[20160101000000]]></Field></Param></ControlConfig>
[2020-01-09 16:58:25:025] DEBUG - <pool-1-thread-6>
[TO_DATE=20200109235959,FROM_DATE=20160101000000]
[2020-01-09 16:58:25:025] INFO  - <pool-1-thread-6>Service <SVC_COM_007> is requested from </127.0.0.1>
[2020-01-09 16:58:25:025] DEBUG - <pool-1-thread-6>Transaction [ pool-1-thread-6 ] begins(Current Transaction Group Size Is 0)
[2020-01-09 16:58:25:025] DEBUG - <pool-1-thread-6>RequestServiceManager.execute begin ...
[2020-01-09 16:58:26:026] DEBUG - <pool-1-thread-6>RequestServiceManager.execute end ...
[2020-01-09 16:58:26:026] DEBUG - <pool-1-thread-6>Transaction [ pool-1-thread-6 ] commit ...
[2020-01-09 16:58:26:026] DEBUG - <pool-1-thread-6>RequestServiceManager.execute begin ...
[2020-01-09 16:58:26:026] DEBUG - <pool-1-thread-6>Non Trasaction & DataSource msensdatasource is Created
[2020-01-09 17:00:11:011] ERROR - <pool-1-thread-6>[Microsoft][SQLServer 2000 Driver for JDBC]Error establishing socket.
com.inticube.xcron.exception.XCronAppException: [Microsoft][SQLServer 2000 Driver for JDBC]Error establishing socket.
	at com.inticube.xcron.resource.TransactionManager.getConnection(TransactionManager.java:95)
	at com.inticube.xcron.resource.JDBCDataSource.executePreparedUpdate(JDBCDataSource.java:483)
	at com.inticube.xcron.resource.JDBCDataSource.execute(JDBCDataSource.java:826)
	at com.inticube.xcron.config.RequestServiceManager.execute(RequestServiceManager.java:181)
	at com.inticube.xcron.core.XCronServiceHandler.executeLogService(XCronServiceHandler.java:218)
	at com.inticube.xcron.core.XCronServiceHandler.executeLogService(XCronServiceHandler.java:185)
	at com.inticube.xcron.core.XCronServiceHandler.execute(XCronServiceHandler.java:130)
	at com.inticube.xcron.core.XCronServerProcessor.execute(XCronServerProcessor.java:215)
	at com.inticube.xcron.core.XCronServerProcessor.run(XCronServerProcessor.java:124)
	at java.util.concurrent.ThreadPoolExecutor.runWorker(Unknown Source)
	at java.util.concurrent.ThreadPoolExecutor$Worker.run(Unknown Source)
	at java.lang.Thread.run(Unknown Source)
[2020-01-09 17:00:11:011] INFO  - <pool-1-thread-6>Running : 0 / Pending : 0
[2020-01-09 17:00:11:011] INFO  - <pool-1-thread-6>Service <SVC_COM_007> is completed  <w:0 e:1130 m/s>
[2020-01-09 17:00:11:011] DEBUG - <pool-1-thread-6><?xml version='1.0' encoding='UTF-8'?><ControlConfig><ResultCode>0</ResultCode><ResultMessage></ResultMessage></ControlConfig>
[2020-01-09 17:05:55:055] DEBUG - <pool-1-thread-7><?xml version='1.0' encoding='euc-kr'?><ControlConfig><Cmd Name="exec" Service="SVC_COM_007"/><Param><Field Name="TO_DATE"><![CDATA[20200109235959]]></Field><Field Name="FROM_DATE"><![CDATA[20160101000000]]></Field></Param></ControlConfig>
[2020-01-09 17:05:55:055] DEBUG - <pool-1-thread-7>
[TO_DATE=20200109235959,FROM_DATE=20160101000000]
[2020-01-09 17:05:55:055] INFO  - <pool-1-thread-7>Service <SVC_COM_007> is requested from </127.0.0.1>
[2020-01-09 17:05:55:055] DEBUG - <pool-1-thread-7>Transaction [ pool-1-thread-7 ] begins(Current Transaction Group Size Is 0)
[2020-01-09 17:05:55:055] DEBUG - <pool-1-thread-7>RequestServiceManager.execute begin ...
[2020-01-09 17:05:56:056] DEBUG - <pool-1-thread-7>RequestServiceManager.execute end ...
[2020-01-09 17:05:56:056] DEBUG - <pool-1-thread-7>Transaction [ pool-1-thread-7 ] commit ...
[2020-01-09 17:05:56:056] DEBUG - <pool-1-thread-7>RequestServiceManager.execute begin ...
[2020-01-09 17:05:56:056] DEBUG - <pool-1-thread-7>Non Trasaction & DataSource msensdatasource is Created
[2020-01-09 17:07:41:041] ERROR - <pool-1-thread-7>[Microsoft][SQLServer 2000 Driver for JDBC]Error establishing socket.
com.inticube.xcron.exception.XCronAppException: [Microsoft][SQLServer 2000 Driver for JDBC]Error establishing socket.
	at com.inticube.xcron.resource.TransactionManager.getConnection(TransactionManager.java:95)
	at com.inticube.xcron.resource.JDBCDataSource.executePreparedUpdate(JDBCDataSource.java:483)
	at com.inticube.xcron.resource.JDBCDataSource.execute(JDBCDataSource.java:826)
	at com.inticube.xcron.config.RequestServiceManager.execute(RequestServiceManager.java:181)
	at com.inticube.xcron.core.XCronServiceHandler.executeLogService(XCronServiceHandler.java:218)
	at com.inticube.xcron.core.XCronServiceHandler.executeLogService(XCronServiceHandler.java:185)
	at com.inticube.xcron.core.XCronServiceHandler.execute(XCronServiceHandler.java:130)
	at com.inticube.xcron.core.XCronServerProcessor.execute(XCronServerProcessor.java:215)
	at com.inticube.xcron.core.XCronServerProcessor.run(XCronServerProcessor.java:124)
	at java.util.concurrent.ThreadPoolExecutor.runWorker(Unknown Source)
	at java.util.concurrent.ThreadPoolExecutor$Worker.run(Unknown Source)
	at java.lang.Thread.run(Unknown Source)
[2020-01-09 17:07:41:041] INFO  - <pool-1-thread-7>Running : 0 / Pending : 0
[2020-01-09 17:07:41:041] INFO  - <pool-1-thread-7>Service <SVC_COM_007> is completed  <w:0 e:960 m/s>
[2020-01-09 17:07:41:041] DEBUG - <pool-1-thread-7><?xml version='1.0' encoding='UTF-8'?><ControlConfig><ResultCode>0</ResultCode><ResultMessage></ResultMessage></ControlConfig>
[2020-01-09 17:11:48:048] DEBUG - <pool-1-thread-8><?xml version='1.0' encoding='euc-kr'?><ControlConfig><Cmd Name="exec" Service="SVC_COM_007"/><Param><Field Name="TO_DATE"><![CDATA[20200109235959]]></Field><Field Name="FROM_DATE"><![CDATA[20160101000000]]></Field></Param></ControlConfig>
[2020-01-09 17:11:48:048] DEBUG - <pool-1-thread-8>
[TO_DATE=20200109235959,FROM_DATE=20160101000000]
[2020-01-09 17:11:48:048] INFO  - <pool-1-thread-8>Service <SVC_COM_007> is requested from </127.0.0.1>
[2020-01-09 17:11:48:048] DEBUG - <pool-1-thread-8>Transaction [ pool-1-thread-8 ] begins(Current Transaction Group Size Is 0)
[2020-01-09 17:11:48:048] DEBUG - <pool-1-thread-8>RequestServiceManager.execute begin ...
[2020-01-09 17:11:49:049] DEBUG - <pool-1-thread-8>RequestServiceManager.execute end ...
[2020-01-09 17:11:49:049] DEBUG - <pool-1-thread-8>Transaction [ pool-1-thread-8 ] commit ...
[2020-01-09 17:11:49:049] DEBUG - <pool-1-thread-8>RequestServiceManager.execute begin ...
[2020-01-09 17:11:49:049] DEBUG - <pool-1-thread-8>Non Trasaction & DataSource msensdatasource is Created
[2020-01-09 17:13:34:034] ERROR - <pool-1-thread-8>[Microsoft][SQLServer 2000 Driver for JDBC]Error establishing socket.
com.inticube.xcron.exception.XCronAppException: [Microsoft][SQLServer 2000 Driver for JDBC]Error establishing socket.
	at com.inticube.xcron.resource.TransactionManager.getConnection(TransactionManager.java:95)
	at com.inticube.xcron.resource.JDBCDataSource.executePreparedUpdate(JDBCDataSource.java:483)
	at com.inticube.xcron.resource.JDBCDataSource.execute(JDBCDataSource.java:826)
	at com.inticube.xcron.config.RequestServiceManager.execute(RequestServiceManager.java:181)
	at com.inticube.xcron.core.XCronServiceHandler.executeLogService(XCronServiceHandler.java:218)
	at com.inticube.xcron.core.XCronServiceHandler.executeLogService(XCronServiceHandler.java:185)
	at com.inticube.xcron.core.XCronServiceHandler.execute(XCronServiceHandler.java:130)
	at com.inticube.xcron.core.XCronServerProcessor.execute(XCronServerProcessor.java:215)
	at com.inticube.xcron.core.XCronServerProcessor.run(XCronServerProcessor.java:124)
	at java.util.concurrent.ThreadPoolExecutor.runWorker(Unknown Source)
	at java.util.concurrent.ThreadPoolExecutor$Worker.run(Unknown Source)
	at java.lang.Thread.run(Unknown Source)
[2020-01-09 17:13:34:034] INFO  - <pool-1-thread-8>Running : 0 / Pending : 0
[2020-01-09 17:13:34:034] INFO  - <pool-1-thread-8>Service <SVC_COM_007> is completed  <w:0 e:959 m/s>
[2020-01-09 17:13:34:034] DEBUG - <pool-1-thread-8><?xml version='1.0' encoding='UTF-8'?><ControlConfig><ResultCode>0</ResultCode><ResultMessage></ResultMessage></ControlConfig>
[2020-01-10 10:27:52:052] INFO  - <XCron-Server>==============================================================================
[2020-01-10 10:27:52:052] INFO  - <XCron-Server>Starting XCron Version 3.1.2 initializing
[2020-01-10 10:27:53:053] INFO  - <XCron-Server>XCronServer IP Address = 10.1.8.234
[2020-01-10 10:27:53:053] INFO  - <XCron-Server>XCronServer Port = 5292
[2020-01-10 10:27:53:053] INFO  - <XCron-Server>CLASSPATH = {D:/MSENS_AIG_NEW/AIG_QSENS_FINAL/XCron/lib/xml-apis.jar;D:/MSENS_AIG_NEW/AIG_QSENS_FINAL/XCron/lib/xercesImpl.jar;D:/MSENS_AIG_NEW/AIG_QSENS_FINAL/XCron/lib/ojdbc14.jar;D:/MSENS_AIG_NEW/AIG_QSENS_FINAL/XCron/lib/log4j-1.2.15.jar;D:/MSENS_AIG_NEW/AIG_QSENS_FINAL/XCron/lib/commons-pool-1.6.jar;D:/MSENS_AIG_NEW/AIG_QSENS_FINAL/XCron/lib/commons-net-3.0.jar;D:/MSENS_AIG_NEW/AIG_QSENS_FINAL/XCron/lib/commons-dbcp-1.3.jar;D:/MSENS_AIG_NEW/AIG_QSENS_FINAL/XCron/lib/commons-collections-3.2.1.jar;D:/MSENS_AIG_NEW/AIG_QSENS_FINAL/XCron/lib/commons-daemon.jar;D:/MSENS_AIG_NEW/AIG_QSENS_FINAL/XCron/lib/commons-codec-1.4.jar;D:/MSENS_AIG_NEW/AIG_QSENS_FINAL/XCron/lib/jakarta-oro.jar;D:/MSENS_AIG_NEW/AIG_QSENS_FINAL/XCron/lib/megathin2.jar;D:/MSENS_AIG_NEW/AIG_QSENS_FINAL/XCron/lib/opljdbc2.jar;D:/MSENS_AIG_NEW/AIG_QSENS_FINAL/XCron/lib/jcrontab.jar;D:/MSENS_AIG_NEW/AIG_QSENS_FINAL/XCron/lib/bsh.jar;D:/MSENS_AIG_NEW/AIG_QSENS_FINAL/XCron/lib/mssqlserver.jar;D:/MSENS_AIG_NEW/AIG_QSENS_FINAL/XCron/lib/msbase.jar;D:/MSENS_AIG_NEW/AIG_QSENS_FINAL/XCron/lib/msutil.jar;D:/MSENS_AIG_NEW/AIG_QSENS_FINAL/XCron/lib/mysql-connector-5.1.8.jar;D:/MSENS_AIG_NEW/AIG_QSENS_FINAL/XCron/lib/jconn3.jar;D:/MSENS_AIG_NEW/AIG_QSENS_FINAL/XCron/lib/junit.jar;D:/MSENS_AIG_NEW/AIG_QSENS_FINAL/XCron/lib/sigar/sigar.jar;D:/MSENS_AIG_NEW/AIG_QSENS_FINAL/XCron/lib/mail.jar;D:/MSENS_AIG_NEW/AIG_QSENS_FINAL/XCron/lib/activation.jar;D:/MSENS_AIG_NEW/AIG_QSENS_FINAL/XCron/lib/ejb.jar;D:/MSENS_AIG_NEW/AIG_QSENS_FINAL/XCron/lib/jgroups.jar;D:/MSENS_AIG_NEW/AIG_QSENS_FINAL/XCron/lib/db2jcc.jar;D:/MSENS_AIG_NEW/AIG_QSENS_FINAL/XCron/lib/jsch-0.1.52.jar;D:/MSENS_AIG_NEW/AIG_QSENS_FINAL/XCron/lib/XCron-1.1.1.jar;D:/MSENS_AIG_NEW/AIG_QSENS_FINAL/XCron/common;;}
[2020-01-10 10:27:53:053] INFO  - <XCron-Server>==============================================================================
[2020-01-10 10:27:54:054] INFO  - <XCron-Server>DataSource <msensdatasource>
[2020-01-10 10:27:54:054] DEBUG - <XCron-Server>[ id = msensdatasource
, driverName = com.microsoft.jdbc.sqlserver.SQLServerDriver
, url = jdbc:Microsoft:sqlserver://10.48.241.43:1433;databaseName=msens_ob;integratedSecurity=false;failoverPartner=10.48.241.44
, user = {AES}tkUoArFZgt9kpayQiIMCtA==
, password = {AES}guUufQeMdvWVCVIfz8iiGQ==
, maxCapacity(maxActive) = 80
, exhaustedAction(whenExhaustedAction) = 1
, maxWait = 60000
, testQuery = select 1
, maxIdle = 20
, idleTimeOut(timeBetweenEvictionRunsMillis) = 300000
, lifo = true
, minEvictableIdleTimeMillis = 600000
, minIdle = 5
, numTestsPerEvictionRun = 3
, softMinEvictableIdleTimeMillis = -1
, testOnBorrow = false
, testOnReturn = false
, testWhileIdle = true
, maxBatchSize = 10000
, queryTimeout = -1
, productName = null
]
[2020-01-10 10:27:54:054] INFO  - <XCron-Server>DataSource <snmpdatasource>
[2020-01-10 10:27:54:054] DEBUG - <XCron-Server>[ id = snmpdatasource
, driverName = com.microsoft.jdbc.sqlserver.SQLServerDriver
, url = jdbc:Microsoft:sqlserver://10.48.241.57:1433;databaseName=snmp_db;
, user = {AES}tkUoArFZgt9kpayQiIMCtA==
, password = {AES}guUufQeMdvWVCVIfz8iiGQ==
, maxCapacity(maxActive) = 80
, exhaustedAction(whenExhaustedAction) = 1
, maxWait = 60000
, testQuery = select 1
, maxIdle = 20
, idleTimeOut(timeBetweenEvictionRunsMillis) = 300000
, lifo = true
, minEvictableIdleTimeMillis = 600000
, minIdle = 5
, numTestsPerEvictionRun = 3
, softMinEvictableIdleTimeMillis = -1
, testOnBorrow = false
, testOnReturn = false
, testWhileIdle = true
, maxBatchSize = 10000
, queryTimeout = -1
, productName = null
]
[2020-01-10 10:27:54:054] INFO  - <XCron-Server>DataSource <tmdatasource>
[2020-01-10 10:27:54:054] DEBUG - <XCron-Server>[ id = tmdatasource
, driverName = oracle.jdbc.driver.OracleDriver
, url = jdbc:oracle:thin:@10.51.192.49:1521/PCHA
, user = {AES}lIYDNAsmhnOtBF7ZLAyxKQ==
, password = {AES}UMo/LIzvP1xNpPIHWQd/LQ==
, maxCapacity(maxActive) = 80
, exhaustedAction(whenExhaustedAction) = 1
, maxWait = 60000
, testQuery = select 1 from dual
, maxIdle = 20
, idleTimeOut(timeBetweenEvictionRunsMillis) = 300000
, lifo = true
, minEvictableIdleTimeMillis = 600000
, minIdle = 5
, numTestsPerEvictionRun = 3
, softMinEvictableIdleTimeMillis = -1
, testOnBorrow = false
, testOnReturn = false
, testWhileIdle = true
, maxBatchSize = 10000
, queryTimeout = -1
, productName = null
]
[2020-01-10 10:27:54:054] INFO  - <XCron-Server>DataSource <muatdatasource>
[2020-01-10 10:27:54:054] DEBUG - <XCron-Server>[ id = muatdatasource
, driverName = com.microsoft.jdbc.sqlserver.SQLServerDriver
, url = jdbc:Microsoft:sqlserver://10.48.247.186:1433;databaseName=msens_ob;
, user = {AES}LG4WDPTajFxCgzi2rXxR5Q==
, password = {AES}guUufQeMdvWVCVIfz8iiGQ==
, maxCapacity(maxActive) = 80
, exhaustedAction(whenExhaustedAction) = 1
, maxWait = 60000
, testQuery = select 1
, maxIdle = 20
, idleTimeOut(timeBetweenEvictionRunsMillis) = 300000
, lifo = true
, minEvictableIdleTimeMillis = 600000
, minIdle = 5
, numTestsPerEvictionRun = 3
, softMinEvictableIdleTimeMillis = -1
, testOnBorrow = false
, testOnReturn = false
, testWhileIdle = true
, maxBatchSize = 10000
, queryTimeout = -1
, productName = null
]
[2020-01-10 10:27:54:054] INFO  - <XCron-Server>DataSource <mproddatasource>
[2020-01-10 10:27:54:054] DEBUG - <XCron-Server>[ id = mproddatasource
, driverName = com.microsoft.jdbc.sqlserver.SQLServerDriver
, url = jdbc:Microsoft:sqlserver://10.48.241.43:1433;databaseName=msens_ob;integratedSecurity=false;failoverPartner=10.48.241.44
, user = {AES}tkUoArFZgt9kpayQiIMCtA==
, password = {AES}guUufQeMdvWVCVIfz8iiGQ==
, maxCapacity(maxActive) = 80
, exhaustedAction(whenExhaustedAction) = 1
, maxWait = 60000
, testQuery = select 1
, maxIdle = 20
, idleTimeOut(timeBetweenEvictionRunsMillis) = 300000
, lifo = true
, minEvictableIdleTimeMillis = 600000
, minIdle = 5
, numTestsPerEvictionRun = 3
, softMinEvictableIdleTimeMillis = -1
, testOnBorrow = false
, testOnReturn = false
, testWhileIdle = true
, maxBatchSize = 10000
, queryTimeout = -1
, productName = null
]
[2020-01-10 10:27:54:054] DEBUG - <XCron-Server>[ Name=from_date Length=8 DefaultValue= Type=STRING Direction=IN Validation= ]
[2020-01-10 10:27:54:054] DEBUG - <XCron-Server>[ Name=to_date Length=8 DefaultValue= Type=STRING Direction=IN Validation= ]
[2020-01-10 10:27:54:054] DEBUG - <XCron-Server>RequestGroup <db.tm.tb_user.select,db.msens.ms_usermaster_batch.insert,db.tm.tb_codebook_SYS999_SYS001.select,db.msens.ms_codebook_SYS001_SYS011.insert>
[2020-01-10 10:27:54:054] INFO  - <XCron-Server>Service <SVC_COM_001>
[2020-01-10 10:27:54:054] DEBUG - <XCron-Server>[ Name=from_date Length=8 DefaultValue= Type=STRING Direction=IN Validation= ]
[2020-01-10 10:27:54:054] DEBUG - <XCron-Server>[ Name=to_date Length=8 DefaultValue= Type=STRING Direction=IN Validation= ]
[2020-01-10 10:27:54:054] DEBUG - <XCron-Server>RequestGroup <db.tm.tb_group_info.select,db.msens.ms_dept.insert>
[2020-01-10 10:27:54:054] DEBUG - <XCron-Server>RequestGroup <db.tm.tb_codebook_SYS057.select,db.msens.ms_codebook_SYS002.insert>
[2020-01-10 10:27:54:054] INFO  - <XCron-Server>Service <SVC_COM_002>
[2020-01-10 10:27:54:054] DEBUG - <XCron-Server>RequestGroup <db.tm.tb_sc_code_mng.select,db.msens.tb_sc_code_mng.insert>
[2020-01-10 10:27:54:054] DEBUG - <XCron-Server>RequestGroup <db.tm.tb_sc_mng.select,db.msens.tb_sc_mng.insert>
[2020-01-10 10:27:54:054] DEBUG - <XCron-Server>RequestGroup <db.tm.tb_codebook_SYS119.select,db.msens.ms_codebook_SYS105.insert>
[2020-01-10 10:27:54:054] INFO  - <XCron-Server>Service <SVC_COM_003>
[2020-01-10 10:27:54:054] DEBUG - <XCron-Server>RequestGroup <db.msens.tb_qst_kind_mng.delete,db.tm.tb_qst_kind_mng.select,db.msens.tb_qst_kind_mng.insert>
[2020-01-10 10:27:54:054] INFO  - <XCron-Server>Service <SVC_COM_004>
[2020-01-10 10:27:54:054] DEBUG - <XCron-Server>[ Name=from_date Length=14 DefaultValue= Type=STRING Direction=IN Validation= ]
[2020-01-10 10:27:54:054] DEBUG - <XCron-Server>[ Name=to_date Length=14 DefaultValue= Type=STRING Direction=IN Validation= ]
[2020-01-10 10:27:54:054] DEBUG - <XCron-Server>RequestGroup <msens.xcron.hansol.qstmngWebaction>
[2020-01-10 10:27:54:054] INFO  - <XCron-Server>Service <SVC_COM_005>
[2020-01-10 10:27:54:054] DEBUG - <XCron-Server>RequestGroup <db.tm.tb_user_workmonth.select,db.msens.ms_usermaster_workmonth.update>
[2020-01-10 10:27:54:054] INFO  - <XCron-Server>Service <SVC_COM_006>
[2020-01-10 10:27:54:054] DEBUG - <XCron-Server>[ Name=from_date Length=14 DefaultValue= Type=STRING Direction=IN Validation= ]
[2020-01-10 10:27:54:054] DEBUG - <XCron-Server>[ Name=to_date Length=14 DefaultValue= Type=STRING Direction=IN Validation= ]
[2020-01-10 10:27:54:054] DEBUG - <XCron-Server>RequestGroup <msens.xcron.hansol.VRSParserWebaction>
[2020-01-10 10:27:54:054] INFO  - <XCron-Server>Service <SVC_COM_007>
[2020-01-10 10:27:54:054] DEBUG - <XCron-Server>RequestGroup <db.msens.ms_xcron_file_log.delete.term,db.msens.ms_xcron_service_log.delete.term>
[2020-01-10 10:27:54:054] DEBUG - <XCron-Server>RequestGroup <db.msens.ms_login_log.delete.term>
[2020-01-10 10:27:54:054] DEBUG - <XCron-Server>RequestGroup <db.msens.ms_player_log.delete.term>
[2020-01-10 10:27:54:054] DEBUG - <XCron-Server>RequestGroup <db.msens.ms_stt_rslt.delete.term>
[2020-01-10 10:27:54:054] INFO  - <XCron-Server>Service <SVC_COM_008>
[2020-01-10 10:27:54:054] INFO  - <XCron-Server>Service <SVC_COM_009>
[2020-01-10 10:27:54:054] DEBUG - <XCron-Server>RequestGroup <msens.xcron.hansol.wavfile.delete.action>
[2020-01-10 10:27:54:054] DEBUG - <XCron-Server>RequestGroup <msens.xcron.hansol.autoDownload.flag.update>
[2020-01-10 10:27:54:054] INFO  - <XCron-Server>Service <SVC_COM_010>
[2020-01-10 10:27:54:054] DEBUG - <XCron-Server>[ Name=from_date Length=10 DefaultValue= Type=STRING Direction=IN Validation= ]
[2020-01-10 10:27:54:054] DEBUG - <XCron-Server>RequestGroup <db.msens.ms_value_min.delete.term,db.msens.ms_value_usage.delete.term,db.msens.ms_value_usage_et.delete.term,db.msens.ms_value.delete.term>
[2020-01-10 10:27:54:054] INFO  - <XCron-Server>Service <SVC_COM_011>
[2020-01-10 10:27:54:054] DEBUG - <XCron-Server>RequestGroup <db.tm.tbia101.select,db.msens.ms_product.insert>
[2020-01-10 10:27:54:054] DEBUG - <XCron-Server>RequestGroup <db.tm.tbia102.select,db.msens.ms_dmbo.insert>
[2020-01-10 10:27:54:054] INFO  - <XCron-Server>Service <SVC_COM_012>
[2020-01-10 10:27:54:054] DEBUG - <XCron-Server>[ Name=from_date Length=8 DefaultValue= Type=STRING Direction=IN Validation= ]
[2020-01-10 10:27:54:054] DEBUG - <XCron-Server>[ Name=to_date Length=8 DefaultValue= Type=STRING Direction=IN Validation= ]
[2020-01-10 10:27:54:054] DEBUG - <XCron-Server>RequestGroup <db.tm.tb_pre_est_allocate_mng.select,db.msens.tb_pre_est_allocate_mng.insert>
[2020-01-10 10:27:54:054] INFO  - <XCron-Server>Service <SVC_COM_013>
[2020-01-10 10:27:54:054] DEBUG - <XCron-Server>[ Name=from_date Length=8 DefaultValue= Type=STRING Direction=IN Validation= ]
[2020-01-10 10:27:54:054] DEBUG - <XCron-Server>[ Name=to_date Length=8 DefaultValue= Type=STRING Direction=IN Validation= ]
[2020-01-10 10:27:54:054] DEBUG - <XCron-Server>RequestGroup <db.tm.tb_holiday.select,db.msens.ms_holiday_info.insert>
[2020-01-10 10:27:54:054] INFO  - <XCron-Server>Service <SVC_COM_014>
[2020-01-10 10:27:54:054] DEBUG - <XCron-Server>[ Name=from_date Length=8 DefaultValue= Type=STRING Direction=IN Validation= ]
[2020-01-10 10:27:54:054] DEBUG - <XCron-Server>[ Name=to_date Length=8 DefaultValue= Type=STRING Direction=IN Validation= ]
[2020-01-10 10:27:54:054] DEBUG - <XCron-Server>RequestGroup <db.tm.tb_insu_plan_mast.ass_user.select,db.msens.ms_stt_meta.ass_user.update>
[2020-01-10 10:27:54:054] DEBUG - <XCron-Server>RequestGroup <db.msens.ms_stt_meta.cur_con_ent_dgn_no.select,db.tm.tb_pre_est_history.est_info.select,db.msens.ms_pre_est_info.est_info.insert>
[2020-01-10 10:27:54:054] INFO  - <XCron-Server>Service <SVC_COM_015>
[2020-01-10 10:27:54:054] DEBUG - <XCron-Server>RequestGroup <db.uat.msens.tb_sc_code_mng.utp.select,db.msens.tb_sc_code_mng.utp.insert>
[2020-01-10 10:27:54:054] DEBUG - <XCron-Server>RequestGroup <db.uat.msens.tb_sc_mng.utp.select,db.msens.tb_sc_mng.utp.insert>
[2020-01-10 10:27:54:054] INFO  - <XCron-Server>Service <SVC_COM_016>
[2020-01-10 10:27:54:054] DEBUG - <XCron-Server>RequestGroup <db.msens.tb_qst_kind_mng.utp.delete,db.uat.msens.tb_qst_kind_mng.utp.select,db.msens.tb_qst_kind_mng.utp.insert>
[2020-01-10 10:27:54:054] INFO  - <XCron-Server>Service <SVC_COM_017>
[2020-01-10 10:27:54:054] DEBUG - <XCron-Server>RequestGroup <db.uat.msens.tb_codebook_SYS119.utp.select,db.msens.ms_codebook_SYS105.utp.insert>
[2020-01-10 10:27:54:054] INFO  - <XCron-Server>Service <SVC_COM_018>
[2020-01-10 10:27:54:054] DEBUG - <XCron-Server>RequestGroup <db.prod.msens.ms_ment_mng.utp.del,db.uat.msens.ms_ment_mng.utp.select,db.prod.msens.ms_ment_mng.utp.ins>
[2020-01-10 10:27:54:054] INFO  - <XCron-Server>Service <SVC_COM_019>
[2020-01-10 10:27:54:054] DEBUG - <XCron-Server>[ Name=from_date Length=8 DefaultValue= Type=STRING Direction=IN Validation= ]
[2020-01-10 10:27:54:054] DEBUG - <XCron-Server>RequestGroup <db.msens.ms_qc_work_stat.endtime.update, db.msens.ms_ins_timestamp.endtime.update>
[2020-01-10 10:27:54:054] DEBUG - <XCron-Server>RequestGroup <db.msens.ms_qc_work_stat.sum.select, db.msens.ms_qc_work_sum.sum.insert, db.msens.ms_qc_work_stat.delete>
[2020-01-10 10:27:54:054] DEBUG - <XCron-Server>RequestGroup <db.msens.ms_ins_timestamp.sum.select, db.msens.ms_ins_timestamp_sum.sum.insert, db.msens.ms_ins_timestamp.delete>
[2020-01-10 10:27:54:054] INFO  - <XCron-Server>Service <SVC_COM_020>
[2020-01-10 10:27:54:054] DEBUG - <XCron-Server>[ Name=from_date Length=14 DefaultValue= Type=STRING Direction=IN Validation= ]
[2020-01-10 10:27:54:054] DEBUG - <XCron-Server>RequestGroup <db.msens.ms_stt_result.delete.term>
[2020-01-10 10:27:54:054] DEBUG - <XCron-Server>RequestGroup <db.msens.ms_stt_meta.delete.term>
[2020-01-10 10:27:54:054] DEBUG - <XCron-Server>RequestGroup <db.msens.ms_script_result.delete.term>
[2020-01-10 10:27:54:054] DEBUG - <XCron-Server>RequestGroup <db.msens.ms_search_result.delete.term>
[2020-01-10 10:27:54:054] DEBUG - <XCron-Server>RequestGroup <db.msens.ms_grade_result.delete.term>
[2020-01-10 10:27:54:054] DEBUG - <XCron-Server>RequestGroup <db.msens.ms_bef_est_score.delete.term>
[2020-01-10 10:27:54:054] DEBUG - <XCron-Server>RequestGroup <db.msens.ms_bef_mrls.delete.term>
[2020-01-10 10:27:54:054] DEBUG - <XCron-Server>RequestGroup <db.msens.tb_sc_qst_mng.delete.term>
[2020-01-10 10:27:54:054] INFO  - <XCron-Server>Service <SVC_COM_021>
[2020-01-10 10:27:54:054] DEBUG - <XCron-Server>[ Name=from_date Length=8 DefaultValue= Type=STRING Direction=IN Validation= ]
[2020-01-10 10:27:54:054] DEBUG - <XCron-Server>[ Name=to_date Length=8 DefaultValue= Type=STRING Direction=IN Validation= ]
[2020-01-10 10:27:54:054] DEBUG - <XCron-Server>RequestGroup <db.msens.tb_reject_list.select,db.msens.ms_reject_list.insert>
[2020-01-10 10:27:54:054] INFO  - <XCron-Server>Service <SVC_COM_022>
[2020-01-10 10:27:54:054] DEBUG - <XCron-Server>RequestGroup <msens.xcron.hansol.sttmetawebaction>
[2020-01-10 10:27:54:054] INFO  - <XCron-Server>Service <SVC_MS_001>
[2020-01-10 10:27:54:054] DEBUG - <XCron-Server>RequestGroup <msens.xcron.hansol.sttmetawebaction2>
[2020-01-10 10:27:54:054] INFO  - <XCron-Server>Service <SVC_MS_001_1>
[2020-01-10 10:27:54:054] DEBUG - <XCron-Server>RequestGroup <msens.xcron.hansol.scriptResultWebAction>
[2020-01-10 10:27:54:054] INFO  - <XCron-Server>Service <SVC_MS_002>
[2020-01-10 10:27:54:054] DEBUG - <XCron-Server>RequestGroup <msens.xcron.hansol.scriptResultWebAction2>
[2020-01-10 10:27:54:054] INFO  - <XCron-Server>Service <SVC_MS_002_1>
[2020-01-10 10:27:54:054] DEBUG - <XCron-Server>RequestGroup <msens.xcron.hansol.searchResultWebAction>
[2020-01-10 10:27:54:054] INFO  - <XCron-Server>Service <SVC_MS_003>
[2020-01-10 10:27:54:054] DEBUG - <XCron-Server>RequestGroup <msens.xcron.hansol.searchResultWebAction2>
[2020-01-10 10:27:54:054] INFO  - <XCron-Server>Service <SVC_MS_003_1>
[2020-01-10 10:27:54:054] DEBUG - <XCron-Server>RequestGroup <msens.xcron.hansol.graderesultwebaction>
[2020-01-10 10:27:54:054] INFO  - <XCron-Server>Service <SVC_MS_004>
[2020-01-10 10:27:54:054] DEBUG - <XCron-Server>RequestGroup <msens.xcron.hansol.graderesultwebaction2>
[2020-01-10 10:27:54:054] INFO  - <XCron-Server>Service <SVC_MS_004_1>
[2020-01-10 10:27:54:054] DEBUG - <XCron-Server>RequestGroup <msens.xcron.hansol.autoAssignwebaction>
[2020-01-10 10:27:54:054] INFO  - <XCron-Server>Service <SVC_MS_005>
[2020-01-10 10:27:54:054] DEBUG - <XCron-Server>RequestGroup <msens.xcron.hansol.autoAssignwebaction2>
[2020-01-10 10:27:54:054] INFO  - <XCron-Server>Service <SVC_MS_005_1>
[2020-01-10 10:27:54:054] DEBUG - <XCron-Server>RequestGroup <msens.xcron.hansol.systeminfocachecall>
[2020-01-10 10:27:54:054] INFO  - <XCron-Server>Service <SVC_MS_007>
[2020-01-10 10:27:54:054] DEBUG - <XCron-Server>RequestGroup <msens.xcron.hansol.getRealtimewebaction>
[2020-01-10 10:27:54:054] INFO  - <XCron-Server>Service <SVC_MS_008>
[2020-01-10 10:27:54:054] DEBUG - <XCron-Server>RequestGroup <msens.xcron.hansol.getRealtimewebaction2>
[2020-01-10 10:27:54:054] INFO  - <XCron-Server>Service <SVC_MS_008_1>
[2020-01-10 10:27:54:054] DEBUG - <XCron-Server>[ Name=from_date Length=8 DefaultValue= Type=STRING Direction=IN Validation= ]
[2020-01-10 10:27:54:054] DEBUG - <XCron-Server>[ Name=to_date Length=8 DefaultValue= Type=STRING Direction=IN Validation= ]
[2020-01-10 10:27:54:054] DEBUG - <XCron-Server>RequestGroup <db.msens.ms_stt_meta_flages.update>
[2020-01-10 10:27:54:054] INFO  - <XCron-Server>Service <SVC_MS_009>
[2020-01-10 10:27:54:054] DEBUG - <XCron-Server>RequestGroup <msens.xcron.hansol.sttContentSplitWebaction>
[2020-01-10 10:27:54:054] INFO  - <XCron-Server>Service <SVC_MS_012>
[2020-01-10 10:27:54:054] DEBUG - <XCron-Server>RequestGroup <msens.xcron.hansol.sttContentSplitWebaction2>
[2020-01-10 10:27:54:054] INFO  - <XCron-Server>Service <SVC_MS_012_1>
[2020-01-10 10:27:54:054] DEBUG - <XCron-Server>RequestGroup <db.tm.tb_pre_est_history.select, db.msens.tm.tb_pre_est_history.insert>
[2020-01-10 10:27:54:054] DEBUG - <XCron-Server>RequestGroup <db.tm.ms_bef_est_score.select,db.msens.ms_bef_est_score.insert>
[2020-01-10 10:27:54:054] INFO  - <XCron-Server>Service <SVC_MS_013>
[2020-01-10 10:27:54:054] DEBUG - <XCron-Server>RequestGroup <msens.xcron.hansol.codeutilWebaction>
[2020-01-10 10:27:54:054] INFO  - <XCron-Server>Service <SVC_MS_020>
[2020-01-10 10:27:54:054] DEBUG - <XCron-Server>[ Name=from_date Length=8 DefaultValue= Type=STRING Direction=IN Validation= ]
[2020-01-10 10:27:54:054] DEBUG - <XCron-Server>[ Name=to_date Length=8 DefaultValue= Type=STRING Direction=IN Validation= ]
[2020-01-10 10:27:54:054] DEBUG - <XCron-Server>RequestGroup <msens.xcron.hansol.sttBulkWebAction>
[2020-01-10 10:27:54:054] INFO  - <XCron-Server>Service <SVC_MS_014>
[2020-01-10 10:27:54:054] DEBUG - <XCron-Server>RequestGroup <msens.xcron.hansol.qstmngbulkWebaction>
[2020-01-10 10:27:54:054] INFO  - <XCron-Server>Service <SVC_BATCH_001>
[2020-01-10 10:27:54:054] DEBUG - <XCron-Server>RequestGroup <msens.xcron.hansol.autoDownload>
[2020-01-10 10:27:54:054] INFO  - <XCron-Server>Service <SVC_MS_015>
[2020-01-10 10:27:54:054] DEBUG - <XCron-Server>[ Name=from_date Length=8 DefaultValue= Type=STRING Direction=IN Validation= ]
[2020-01-10 10:27:54:054] DEBUG - <XCron-Server>[ Name=to_date Length=8 DefaultValue= Type=STRING Direction=IN Validation= ]
[2020-01-10 10:27:54:054] DEBUG - <XCron-Server>RequestGroup <db.tm.getBefMrLs,db.msens.ms_bef_mrls_list.insert>
[2020-01-10 10:27:54:054] INFO  - <XCron-Server>Service <SVC_MS_016>
[2020-01-10 10:27:54:054] DEBUG - <XCron-Server>RequestGroup <msens.xcron.hansol.mrLsListWebAction>
[2020-01-10 10:27:54:054] INFO  - <XCron-Server>Service <SVC_MS_017>
[2020-01-10 10:27:54:054] DEBUG - <XCron-Server>[ id = msens.xcron.hansol.codeutilWebaction
, resultName = 
, batchName = 
, dataSource = 
, parameter = 
, initialize = import java.io.BufferedReader;
						import java.io.InputStreamReader;
						import java.net.URL;
						import java.net.URLConnection;
						import com.inticube.xcron.logs.Logger;
						import java.net.InetAddress;
						
						try {
							String serverIp = InetAddress.getLocalHost().getHostAddress();
							//String sUrl = "http://10.48.241.41:8080/msens/cs.com.codeutil.refresh.do?cmd=refresh";
							
							String sUrl = "http://"+serverIp+":8080/msens/cs.com.codeutil.refresh.do?cmd=refresh";
							
							URL url = new URL(sUrl);
							URLConnection urlConnection = url.openConnection();
							            
							BufferedReader in = new BufferedReader(new InputStreamReader(urlConnection.getInputStream()));
							
							String inputLine = "";
										
							while ((inputLine = in.readLine()) != null) { 
								System.out.println(inputLine);
							}
							
							in.close();
						} catch(Exception e) {
							Logger.error(e.getMessage(), e);
						}
. finalize = 
. validationAction = Skip
]
[2020-01-10 10:27:54:054] DEBUG - <XCron-Server>[ id = msens.xcron.hansol.sttmetawebaction
, resultName = 
, batchName = 
, dataSource = 
, parameter = 
, initialize = import java.io.BufferedReader;
						import java.io.InputStreamReader;
						import java.net.URL;
						import java.net.URLConnection;
						import com.inticube.xcron.logs.Logger;
						import java.net.InetAddress;
						
						try {
							String serverIp = InetAddress.getLocalHost().getHostAddress();
							String sUrl = "http://"+serverIp+":8080/msens/msens.xcron.hansol.sttmetawebaction.do";
							
							//String sUrl = "http://10.48.241.41:8080/msens/msens.xcron.hansol.sttmetawebaction.do";
							URL url = new URL(sUrl);
							URLConnection urlConnection = url.openConnection();
							            
							BufferedReader in = new BufferedReader(new InputStreamReader(urlConnection.getInputStream()));
							
							String inputLine = "";
										
							while ((inputLine = in.readLine()) != null) { 
								System.out.println(inputLine);
							}
							
							in.close();
						} catch(Exception e) {
							Logger.error(e.getMessage(), e);
						}
. finalize = 
. validationAction = Skip
]
[2020-01-10 10:27:54:054] DEBUG - <XCron-Server>[ id = msens.xcron.hansol.sttmetawebaction2
, resultName = 
, batchName = 
, dataSource = 
, parameter = 
, initialize = import java.io.BufferedReader;
						import java.io.InputStreamReader;
						import java.net.URL;
						import java.net.URLConnection;
						import com.inticube.xcron.logs.Logger;
						import java.net.InetAddress;
						
						try {
							String serverIp = InetAddress.getLocalHost().getHostAddress();
							String sUrl = "http://"+serverIp+":8080/msens/msens.xcron.hansol.sttmetawebaction.do";
							//String sUrl = "http://10.48.241.41:8080/msens/msens.xcron.hansol.sttmetawebaction.do";
							URL url = new URL(sUrl);
							URLConnection urlConnection = url.openConnection();
							            
							BufferedReader in = new BufferedReader(new InputStreamReader(urlConnection.getInputStream()));
							
							String inputLine = "";
										
							while ((inputLine = in.readLine()) != null) { 
								System.out.println(inputLine);
							}
							
							in.close();
						} catch(Exception e) {
							Logger.error(e.getMessage(), e);
						}
. finalize = 
. validationAction = Skip
]
[2020-01-10 10:27:54:054] DEBUG - <XCron-Server>[ id = msens.xcron.hansol.scriptResultWebAction
, resultName = 
, batchName = 
, dataSource = 
, parameter = 
, initialize = import java.io.BufferedReader;
						import java.io.InputStreamReader;
						import java.net.URL;
						import java.net.URLConnection;
						import com.inticube.xcron.logs.Logger;
						import java.net.InetAddress;
						
						
						try {
							String serverIp = InetAddress.getLocalHost().getHostAddress();
							String sUrl = "http://"+serverIp+":8080/msens/msens.xcron.hansol.scriptresultwebaction.do";
							//String sUrl = "http://10.48.241.41:8080/msens/msens.xcron.hansol.scriptresultwebaction.do";
							URL url = new URL(sUrl);
							URLConnection urlConnection = url.openConnection();
							            
							BufferedReader in = new BufferedReader(new InputStreamReader(urlConnection.getInputStream()));
							
							String inputLine = "";
										
							while ((inputLine = in.readLine()) != null) { 
								System.out.println(inputLine);
							}
							
							in.close();
						} catch(Exception e) {
							Logger.error(e.getMessage(), e);
						}
. finalize = 
. validationAction = Skip
]
[2020-01-10 10:27:54:054] DEBUG - <XCron-Server>[ id = msens.xcron.hansol.scriptResultWebAction2
, resultName = 
, batchName = 
, dataSource = 
, parameter = 
, initialize = import java.io.BufferedReader;
						import java.io.InputStreamReader;
						import java.net.URL;
						import java.net.URLConnection;
						import com.inticube.xcron.logs.Logger;
						import java.net.InetAddress;
						
						try {
							String serverIp = InetAddress.getLocalHost().getHostAddress();
							String sUrl = "http://"+serverIp+":8080/msens/msens.xcron.hansol.scriptresultwebaction.do";
							//String sUrl = "http://10.48.241.41:8080/msens/msens.xcron.hansol.scriptresultwebaction.do";
							URL url = new URL(sUrl);
							URLConnection urlConnection = url.openConnection();
							            
							BufferedReader in = new BufferedReader(new InputStreamReader(urlConnection.getInputStream()));
							
							String inputLine = "";
										
							while ((inputLine = in.readLine()) != null) { 
								System.out.println(inputLine);
							}
							
							in.close();
						} catch(Exception e) {
							Logger.error(e.getMessage(), e);
						}
. finalize = 
. validationAction = Skip
]
[2020-01-10 10:27:54:054] DEBUG - <XCron-Server>[ id = msens.xcron.hansol.searchResultWebAction
, resultName = 
, batchName = 
, dataSource = 
, parameter = 
, initialize = import java.io.BufferedReader;
						import java.io.InputStreamReader;
						import java.net.URL;
						import java.net.URLConnection;
						import com.inticube.xcron.logs.Logger;
						import java.net.InetAddress;
						
						try {
							String serverIp = InetAddress.getLocalHost().getHostAddress();
							String sUrl = "http://"+serverIp+":8080/msens/msens.xcron.hansol.searchResultWebAction.do";
							//String sUrl = "http://10.48.241.41:8080/msens/msens.xcron.hansol.searchResultWebAction.do";
							URL url = new URL(sUrl);
							URLConnection urlConnection = url.openConnection();
							            
							BufferedReader in = new BufferedReader(new InputStreamReader(urlConnection.getInputStream()));
							
							String inputLine = "";
										
							while ((inputLine = in.readLine()) != null) { 
								System.out.println(inputLine);
							}
							
							in.close();
						} catch(Exception e) {
							Logger.error(e.getMessage(), e);
						}
. finalize = 
. validationAction = Skip
]
[2020-01-10 10:27:54:054] DEBUG - <XCron-Server>[ id = msens.xcron.hansol.searchResultWebAction2
, resultName = 
, batchName = 
, dataSource = 
, parameter = 
, initialize = import java.io.BufferedReader;
						import java.io.InputStreamReader;
						import java.net.URL;
						import java.net.URLConnection;
						import com.inticube.xcron.logs.Logger;
						import java.net.InetAddress;
						
						try {
							String serverIp = InetAddress.getLocalHost().getHostAddress();
							String sUrl = "http://"+serverIp+":8080/msens/msens.xcron.hansol.searchResultWebAction.do";
							//String sUrl = "http://10.48.241.41:8080/msens/msens.xcron.hansol.searchResultWebAction.do";
							URL url = new URL(sUrl);
							URLConnection urlConnection = url.openConnection();
							            
							BufferedReader in = new BufferedReader(new InputStreamReader(urlConnection.getInputStream()));
							
							String inputLine = "";
										
							while ((inputLine = in.readLine()) != null) { 
								System.out.println(inputLine);
							}
							
							in.close();
						} catch(Exception e) {
							Logger.error(e.getMessage(), e);
						}
. finalize = 
. validationAction = Skip
]
[2020-01-10 10:27:54:054] DEBUG - <XCron-Server>[ id = msens.xcron.hansol.graderesultwebaction
, resultName = 
, batchName = 
, dataSource = 
, parameter = 
, initialize = import java.io.BufferedReader;
						import java.io.InputStreamReader;
						import java.net.URL;
						import java.net.URLConnection;
						import com.inticube.xcron.logs.Logger;
						import java.net.InetAddress;
						
						try {
							String serverIp = InetAddress.getLocalHost().getHostAddress();
							String sUrl = "http://"+serverIp+":8080/msens/msens.xcron.hansol.graderesultwebaction.do";
							//String sUrl = "http://10.48.241.41:8080/msens/msens.xcron.hansol.graderesultwebaction.do";
							URL url = new URL(sUrl);
							URLConnection urlConnection = url.openConnection();
							            
							BufferedReader in = new BufferedReader(new InputStreamReader(urlConnection.getInputStream()));
							
							String inputLine = "";
										
							while ((inputLine = in.readLine()) != null) { 
								System.out.println(inputLine);
							}
							
							in.close();
						} catch(Exception e) {
							Logger.error(e.getMessage(), e);
						}
. finalize = 
. validationAction = Skip
]
[2020-01-10 10:27:54:054] DEBUG - <XCron-Server>[ id = msens.xcron.hansol.graderesultwebaction2
, resultName = 
, batchName = 
, dataSource = 
, parameter = 
, initialize = import java.io.BufferedReader;
						import java.io.InputStreamReader;
						import java.net.URL;
						import java.net.URLConnection;
						import com.inticube.xcron.logs.Logger;
						import java.net.InetAddress;
						
						try {
							String serverIp = InetAddress.getLocalHost().getHostAddress();
							String sUrl = "http://"+serverIp+":8080/msens/msens.xcron.hansol.graderesultwebaction.do";
							//String sUrl = "http://10.48.241.41:8080/msens/msens.xcron.hansol.graderesultwebaction.do";
							URL url = new URL(sUrl);
							URLConnection urlConnection = url.openConnection();
							            
							BufferedReader in = new BufferedReader(new InputStreamReader(urlConnection.getInputStream()));
							
							String inputLine = "";
										
							while ((inputLine = in.readLine()) != null) { 
								System.out.println(inputLine);
							}
							
							in.close();
						} catch(Exception e) {
							Logger.error(e.getMessage(), e);
						}
. finalize = 
. validationAction = Skip
]
[2020-01-10 10:27:54:054] DEBUG - <XCron-Server>[ id = msens.xcron.hansol.autoAssignwebaction
, resultName = 
, batchName = 
, dataSource = 
, parameter = 
, initialize = import java.io.BufferedReader;
						import java.io.InputStreamReader;
						import java.net.URL;
						import java.net.URLConnection;
						import com.inticube.xcron.logs.Logger;
						import java.net.InetAddress;
						
						try {
							String serverIp = InetAddress.getLocalHost().getHostAddress();
							String sUrl = "http://"+serverIp+":8080/msens/msens.xcron.hansol.autoAssignwebaction.do";
							//String sUrl = "http://10.48.241.41:8080/msens/msens.xcron.hansol.autoAssignwebaction.do";
							URL url = new URL(sUrl);
							URLConnection urlConnection = url.openConnection();
							            
							BufferedReader in = new BufferedReader(new InputStreamReader(urlConnection.getInputStream()));
							
							String inputLine = "";
										
							while ((inputLine = in.readLine()) != null) { 
								System.out.println(inputLine);
							}
							
							in.close();
						} catch(Exception e) {
							Logger.error(e.getMessage(), e);
						}
. finalize = 
. validationAction = Skip
]
[2020-01-10 10:27:54:054] DEBUG - <XCron-Server>[ id = msens.xcron.hansol.autoAssignwebaction2
, resultName = 
, batchName = 
, dataSource = 
, parameter = 
, initialize = import java.io.BufferedReader;
						import java.io.InputStreamReader;
						import java.net.URL;
						import java.net.URLConnection;
						import com.inticube.xcron.logs.Logger;
						import java.net.InetAddress;
						
						try {
							String serverIp = InetAddress.getLocalHost().getHostAddress();
							String sUrl = "http://"+serverIp+":8080/msens/msens.xcron.hansol.autoAssignwebaction.do";
							//String sUrl = "http://10.48.241.41:8080/msens/msens.xcron.hansol.autoAssignwebaction.do";
							URL url = new URL(sUrl);
							URLConnection urlConnection = url.openConnection();
							            
							BufferedReader in = new BufferedReader(new InputStreamReader(urlConnection.getInputStream()));
							
							String inputLine = "";
										
							while ((inputLine = in.readLine()) != null) { 
								System.out.println(inputLine);
							}
							
							in.close();
						} catch(Exception e) {
							Logger.error(e.getMessage(), e);
						}
. finalize = 
. validationAction = Skip
]
[2020-01-10 10:27:54:054] DEBUG - <XCron-Server>[ id = msens.xcron.hansol.dashboardcachecall
, resultName = 
, batchName = 
, dataSource = 
, parameter = 
, initialize = import java.io.BufferedReader;
						import java.io.InputStreamReader;
						import java.net.URL;
						import java.net.URLConnection;
						import com.inticube.xcron.logs.Logger;
						import java.net.InetAddress;
						
						try {
							String serverIp = InetAddress.getLocalHost().getHostAddress();
							String sUrl = "http://"+serverIp+":8080/msens/msens.xcron.hansol.dashboardcachecall.do";
							//String sUrl = "http://10.48.241.41:8080/msens/msens.xcron.hansol.dashboardcachecall.do";
							URL url = new URL(sUrl);
							URLConnection urlConnection = url.openConnection();
							            
							BufferedReader in = new BufferedReader(new InputStreamReader(urlConnection.getInputStream()));
							
							String inputLine = "";
										
							while ((inputLine = in.readLine()) != null) { 
								System.out.println(inputLine);
							}
							
							in.close();
						} catch(Exception e) {
							Logger.error(e.getMessage(), e);
						}
. finalize = 
. validationAction = Skip
]
[2020-01-10 10:27:54:054] DEBUG - <XCron-Server>[ id = msens.xcron.hansol.qstmngWebaction
, resultName = 
, batchName = 
, dataSource = 
, parameter = 
, initialize = import java.io.BufferedReader;
						import java.io.InputStreamReader;
						import java.net.URL;
						import java.net.URLConnection;
						import com.inticube.xcron.logs.Logger;
						import java.net.InetAddress;
						
						try {
							String serverIp = InetAddress.getLocalHost().getHostAddress();
							String sUrl = "http://"+serverIp+":8080/msens/msens.xcron.hansol.qstMngWebaction.do";
							//String sUrl = "http://10.48.241.41:8080/msens/msens.xcron.hansol.qstMngWebaction.do";
							
							String from_date = params.getValue("#PARAM").getString("from_date");
							String to_date = params.getValue("#PARAM").getString("to_date");
							//if(from_date.equals("")) from_date = "";
							//파라미터 안보내면 어제꺼 작업함.
							sUrl += "?from_date=" + from_date + "&to_date=" + to_date;
							
							URL url = new URL(sUrl);
							URLConnection urlConnection = url.openConnection();
							            
							BufferedReader in = new BufferedReader(new InputStreamReader(urlConnection.getInputStream()));
							
							String inputLine = "";
										
							while ((inputLine = in.readLine()) != null) { 
								System.out.println(inputLine);
							}
							
							in.close();
						} catch(Exception e) {
							Logger.error(e.getMessage(), e);
						}
. finalize = 
. validationAction = Skip
]
[2020-01-10 10:27:54:054] DEBUG - <XCron-Server>[ id = msens.xcron.hansol.VRSParserWebaction
, resultName = 
, batchName = 
, dataSource = 
, parameter = 
, initialize = import java.io.BufferedReader;
						import java.io.InputStreamReader;
						import java.net.URL;
						import java.net.URLConnection;
						import com.inticube.xcron.logs.Logger;
						import java.net.InetAddress;
						
						try {
							String serverIp = InetAddress.getLocalHost().getHostAddress();
							String sUrl = "http://"+serverIp+":8080/msens/msens.xcron.hansol.VRSParserWebAction.do";
							//String sUrl = "http://10.48.241.41:8080/msens/msens.xcron.hansol.VRSParserWebAction.do";
								
							String from_date = params.getValue("#PARAM").getString("from_date");
							String to_date = params.getValue("#PARAM").getString("to_date");
							sUrl += "?from_date=" + from_date + "&to_date=" + to_date;
	
							URL url = new URL(sUrl);
							URLConnection urlConnection = url.openConnection();
							            
							BufferedReader in = new BufferedReader(new InputStreamReader(urlConnection.getInputStream()));
							
							String inputLine = "";
										
							while ((inputLine = in.readLine()) != null) { 
								System.out.println(inputLine);
							}
							
							in.close();
						} catch(Exception e) {
							Logger.error(e.getMessage(), e);
						}
. finalize = 
. validationAction = Skip
]
[2020-01-10 10:27:54:054] DEBUG - <XCron-Server>[ id = msens.xcron.hansol.alarmmonitoringcachecall
, resultName = 
, batchName = 
, dataSource = 
, parameter = 
, initialize = import java.io.BufferedReader;
						import java.io.InputStreamReader;
						import java.net.URL;
						import java.net.URLConnection;
						import com.inticube.xcron.logs.Logger;
						import java.net.InetAddress;
						
						try {
							String serverIp = InetAddress.getLocalHost().getHostAddress();
							String sUrl = "http://"+serverIp+":8080/msens/msens.xcron.hansol.alarmmonitoringcachecall.do";
							//String sUrl = "http://10.48.241.41:8080/msens/msens.xcron.hansol.alarmmonitoringcachecall.do";
							URL url = new URL(sUrl);
							URLConnection urlConnection = url.openConnection();
							            
							BufferedReader in = new BufferedReader(new InputStreamReader(urlConnection.getInputStream()));
							
							String inputLine = "";
										
							while ((inputLine = in.readLine()) != null) { 
								System.out.println(inputLine);
							}
							
							in.close();
						} catch(Exception e) {
							Logger.error(e.getMessage(), e);
						}
. finalize = 
. validationAction = Skip
]
[2020-01-10 10:27:54:054] DEBUG - <XCron-Server>[ id = msens.xcron.hansol.systeminfocachecall
, resultName = 
, batchName = 
, dataSource = 
, parameter = 
, initialize = import java.io.BufferedReader;
						import java.io.InputStreamReader;
						import java.net.URL;
						import java.net.URLConnection;
						import com.inticube.xcron.logs.Logger;
						import java.net.InetAddress;
						
						try {
							String serverIp = InetAddress.getLocalHost().getHostAddress();
							String sUrl = "http://"+serverIp+":8080/msens/msens.xcron.hansol.systeminfocachecall.do";
							//String sUrl = "http://10.48.241.41:8080/msens/msens.xcron.hansol.systeminfocachecall.do";
							URL url = new URL(sUrl);
							URLConnection urlConnection = url.openConnection();
							            
							BufferedReader in = new BufferedReader(new InputStreamReader(urlConnection.getInputStream()));
							
							String inputLine = "";
										
							while ((inputLine = in.readLine()) != null) { 
								System.out.println(inputLine);
							}
							
							in.close();
						} catch(Exception e) {
							Logger.error(e.getMessage(), e);
						}
. finalize = 
. validationAction = Skip
]
[2020-01-10 10:27:54:054] DEBUG - <XCron-Server>[ id = msens.xcron.hansol.getRealtimewebaction
, resultName = 
, batchName = 
, dataSource = 
, parameter = 
, initialize = import java.io.BufferedReader;
						import java.io.InputStreamReader;
						import java.net.URL;
						import java.net.URLConnection;
						import com.inticube.xcron.logs.Logger;
						import java.net.InetAddress;
						
						try {
							String serverIp = InetAddress.getLocalHost().getHostAddress();
							String sUrl = "http://"+serverIp+":8080/msens/msens.xcron.hansol.getRealtimewebaction.do";
							//String sUrl = "http://10.48.241.41:8080/msens/msens.xcron.hansol.getRealtimewebaction.do";
							URL url = new URL(sUrl);
							URLConnection urlConnection = url.openConnection();
							            
							BufferedReader in = new BufferedReader(new InputStreamReader(urlConnection.getInputStream()));
							
							String inputLine = "";
										
							while ((inputLine = in.readLine()) != null) { 
								System.out.println(inputLine);
							}
							
							in.close();
						} catch(Exception e) {
							Logger.error(e.getMessage(), e);
						}
. finalize = 
. validationAction = Skip
]
[2020-01-10 10:27:54:054] DEBUG - <XCron-Server>[ id = msens.xcron.hansol.getRealtimewebaction2
, resultName = 
, batchName = 
, dataSource = 
, parameter = 
, initialize = import java.io.BufferedReader;
						import java.io.InputStreamReader;
						import java.net.URL;
						import java.net.URLConnection;
						import com.inticube.xcron.logs.Logger;
						import java.net.InetAddress;
						
						try {
							String serverIp = InetAddress.getLocalHost().getHostAddress();
							String sUrl = "http://"+serverIp+":8080/msens/msens.xcron.hansol.getRealtimewebaction.do";
							//String sUrl = "http://10.48.241.41:8080/msens/msens.xcron.hansol.getRealtimewebaction.do";
							URL url = new URL(sUrl);
							URLConnection urlConnection = url.openConnection();
							            
							BufferedReader in = new BufferedReader(new InputStreamReader(urlConnection.getInputStream()));
							
							String inputLine = "";
										
							while ((inputLine = in.readLine()) != null) { 
								System.out.println(inputLine);
							}
							
							in.close();
						} catch(Exception e) {
							Logger.error(e.getMessage(), e);
						}
. finalize = 
. validationAction = Skip
]
[2020-01-10 10:27:54:054] DEBUG - <XCron-Server>[ id = msens.xcron.hansol.sttEncryptWebaction
, resultName = 
, batchName = 
, dataSource = 
, parameter = 
, initialize = import java.io.BufferedReader;
						import java.io.InputStreamReader;
						import java.net.URL;
						import java.net.URLConnection;
						import com.inticube.xcron.logs.Logger;
						import java.net.InetAddress;
						
						try {
							String serverIp = InetAddress.getLocalHost().getHostAddress();
							String sUrl = "http://"+serverIp+":8080/msens/msens.xcron.hansol.sttEncryptWebaction.do";
							//String sUrl = "http://10.48.241.41:8080/msens/msens.xcron.hansol.sttEncryptWebaction.do";
							URL url = new URL(sUrl);
							URLConnection urlConnection = url.openConnection();
							            
							BufferedReader in = new BufferedReader(new InputStreamReader(urlConnection.getInputStream()));
							
							String inputLine = "";
										
							while ((inputLine = in.readLine()) != null) { 
								System.out.println(inputLine);
							}
							
							in.close();
						} catch(Exception e) {
							Logger.error(e.getMessage(), e);
						}
. finalize = 
. validationAction = Skip
]
[2020-01-10 10:27:55:055] DEBUG - <XCron-Server>[ id = msens.xcron.hansol.sttContentSplitWebaction
, resultName = 
, batchName = 
, dataSource = 
, parameter = 
, initialize = import java.io.BufferedReader;
						import java.io.InputStreamReader;
						import java.net.URL;
						import java.net.URLConnection;
						import com.inticube.xcron.logs.Logger;
						import java.net.InetAddress;
						
						try {
							String serverIp = InetAddress.getLocalHost().getHostAddress();
							String sUrl = "http://"+serverIp+":8080/msens/msens.xcron.hansol.sttContentSplitWebaction.do";
							//String sUrl = "http://10.48.241.41:8080/msens/msens.xcron.hansol.sttContentSplitWebaction.do";
							URL url = new URL(sUrl);
							URLConnection urlConnection = url.openConnection();
							            
							BufferedReader in = new BufferedReader(new InputStreamReader(urlConnection.getInputStream()));
							
							String inputLine = "";
										
							while ((inputLine = in.readLine()) != null) { 
								System.out.println(inputLine);
							}
							
							in.close();
						} catch(Exception e) {
							Logger.error(e.getMessage(), e);
						}
. finalize = 
. validationAction = Skip
]
[2020-01-10 10:27:55:055] DEBUG - <XCron-Server>[ id = msens.xcron.hansol.sttContentSplitWebaction2
, resultName = 
, batchName = 
, dataSource = 
, parameter = 
, initialize = import java.io.BufferedReader;
						import java.io.InputStreamReader;
						import java.net.URL;
						import java.net.URLConnection;
						import com.inticube.xcron.logs.Logger;
						import java.net.InetAddress;
						
						try {
							String serverIp = InetAddress.getLocalHost().getHostAddress();
							String sUrl = "http://"+serverIp+":8080/msens/msens.xcron.hansol.sttContentSplitWebaction.do";
							//String sUrl = "http://10.48.241.41:8080/msens/msens.xcron.hansol.sttContentSplitWebaction.do";
							URL url = new URL(sUrl);
							URLConnection urlConnection = url.openConnection();
							            
							BufferedReader in = new BufferedReader(new InputStreamReader(urlConnection.getInputStream()));
							
							String inputLine = "";
										
							while ((inputLine = in.readLine()) != null) { 
								System.out.println(inputLine);
							}
							
							in.close();
						} catch(Exception e) {
							Logger.error(e.getMessage(), e);
						}
. finalize = 
. validationAction = Skip
]
[2020-01-10 10:27:55:055] DEBUG - <XCron-Server>[ id = msens.xcron.hansol.sttBulkWebAction
, resultName = 
, batchName = 
, dataSource = 
, parameter = 
, initialize = import java.io.BufferedReader;
						import java.io.InputStreamReader;
						import java.net.URL;
						import java.net.URLConnection;
						import com.inticube.xcron.logs.Logger;
						import java.net.InetAddress;
						
						try {
							String serverIp = InetAddress.getLocalHost().getHostAddress();
							String sUrl = "http://"+serverIp+":8080/msens/msens.xcron.hansol.sttBulkWebAction.do";
							//String sUrl = "http://10.48.241.41:8080/msens/msens.xcron.hansol.sttBulkWebAction.do";
														
							String from_date = params.getValue("#PARAM").getString("from_date");
							String to_date = params.getValue("#PARAM").getString("to_date");
							
							sUrl += "?from_date=" + from_date + "&to_date=" + to_date;
	
							URL url = new URL(sUrl);
							URLConnection urlConnection = url.openConnection();
							            
							BufferedReader in = new BufferedReader(new InputStreamReader(urlConnection.getInputStream()));
							
							String inputLine = "";
										
							while ((inputLine = in.readLine()) != null) { 
								System.out.println(inputLine);
							}
							
							in.close();
						} catch(Exception e) {
							Logger.error(e.getMessage(), e);
						}
. finalize = 
. validationAction = Skip
]
[2020-01-10 10:27:55:055] DEBUG - <XCron-Server>[ id = msens.xcron.hansol.qstmngbulkWebaction
, resultName = 
, batchName = 
, dataSource = 
, parameter = 
, initialize = import java.io.BufferedReader;
						import java.io.InputStreamReader;
						import java.net.URL;
						import java.net.URLConnection;
						import com.inticube.xcron.logs.Logger;
						import java.net.InetAddress;
						
						try {
							String serverIp = InetAddress.getLocalHost().getHostAddress();
							String sUrl = "http://"+serverIp+":8080/msens/msens.xcron.hansol.autoDownload.do";
							//String sUrl = "http://10.48.241.41:8080/msens/"msens.xcron.hansol.autoDownload.do";
								
							URL url = new URL(sUrl);
							URLConnection urlConnection = url.openConnection();
							            
							BufferedReader in = new BufferedReader(new InputStreamReader(urlConnection.getInputStream()));
							
							String inputLine = "";
										
							while ((inputLine = in.readLine()) != null) { 
								System.out.println(inputLine);
							}
							
							in.close();
						} catch(Exception e) {
							Logger.error(e.getMessage(), e);
						}
. finalize = 
. validationAction = Skip
]
[2020-01-10 10:27:55:055] DEBUG - <XCron-Server>[ id = msens.xcron.hansol.autoDownload
, resultName = 
, batchName = 
, dataSource = 
, parameter = 
, initialize = import java.io.BufferedReader;
						import java.io.InputStreamReader;
						import java.net.URL;
						import java.net.URLConnection;
						import com.inticube.xcron.logs.Logger;
						import java.net.InetAddress;
						
						try {
							String serverIp = InetAddress.getLocalHost().getHostAddress();
							String sUrl = "http://"+serverIp+":8080/msens/msens.xcron.hansol.autoDownload.do";
							//String sUrl = "http://10.48.241.41:8080/msens/"msens.xcron.hansol.autoDownload.do";
														
							URL url = new URL(sUrl);
							URLConnection urlConnection = url.openConnection();
							            
							BufferedReader in = new BufferedReader(new InputStreamReader(urlConnection.getInputStream()));
							
							String inputLine = "";
										
							while ((inputLine = in.readLine()) != null) { 
								System.out.println(inputLine);
							}
							
							in.close();
						} catch(Exception e) {
							Logger.error(e.getMessage(), e);
						}
. finalize = 
. validationAction = Skip
]
[2020-01-10 10:27:55:055] DEBUG - <XCron-Server>[ id = msens.xcron.hansol.mrLsListWebAction
, resultName = 
, batchName = 
, dataSource = 
, parameter = 
, initialize = import java.io.BufferedReader;
						import java.io.InputStreamReader;
						import java.net.URL;
						import java.net.URLConnection;
						import com.inticube.xcron.logs.Logger;
						import java.net.InetAddress;
						
						try {
							String serverIp = InetAddress.getLocalHost().getHostAddress();
							String sUrl = "http://"+serverIp+":8080/msens/msens.xcron.hansol.mrLsListWebAction.do";
							//String sUrl = "http://10.48.241.41:8080/msens/"msens.xcron.hansol.mrLsListWebAction.do";
							URL url = new URL(sUrl);
							URLConnection urlConnection = url.openConnection();
							            
							BufferedReader in = new BufferedReader(new InputStreamReader(urlConnection.getInputStream()));
							
							String inputLine = "";
										
							while ((inputLine = in.readLine()) != null) { 
								System.out.println(inputLine);
							}
							
							in.close();
						} catch(Exception e) {
							Logger.error(e.getMessage(), e);
						}
. finalize = 
. validationAction = Skip
]
[2020-01-10 10:27:55:055] DEBUG - <XCron-Server>[ id = db.tm.tb_pre_est_history.select
, resultName = TB_PRE_EST_ALLOCATE_HISTORY
, batchName = 
, dataSource = tmdatasource
, parameter = 
, initialize = 
. finalize = 
. validationAction = Skip
]
[2020-01-10 10:27:55:055] DEBUG - <XCron-Server>[ id = db.msens.tm.tb_pre_est_history.insert
, resultName = 
, batchName = TB_PRE_EST_ALLOCATE_HISTORY
, dataSource = msensdatasource
, parameter = 
, initialize = 
. finalize = 
. validationAction = Skip
]
[2020-01-10 10:27:55:055] DEBUG - <XCron-Server>[ id = db.tm.ms_bef_est_score.select
, resultName = MS_BEF_EST_SCORE
, batchName = 
, dataSource = tmdatasource
, parameter = 
, initialize = 
. finalize = 
. validationAction = Skip
]
[2020-01-10 10:27:55:055] DEBUG - <XCron-Server>[ id = db.msens.ms_bef_est_score.insert
, resultName = 
, batchName = MS_BEF_EST_SCORE
, dataSource = msensdatasource
, parameter = 
, initialize = 
. finalize = 
. validationAction = Skip
]
[2020-01-10 10:27:55:055] DEBUG - <XCron-Server>[ id = log.insertservicelog
, resultName = 
, batchName = _Log
, dataSource = msensdatasource
, parameter = 
, initialize = 
. finalize = 
. validationAction = Skip
]
[2020-01-10 10:27:55:055] DEBUG - <XCron-Server>[ id = db.tm.tb_group_info.select
, resultName = TM_GROUP_INGO
, batchName = 
, dataSource = tmdatasource
, parameter = #param
, initialize = 
. finalize = 
. validationAction = Skip
]
[2020-01-10 10:27:55:055] DEBUG - <XCron-Server>[ id = db.msens.ms_dept.insert
, resultName = 
, batchName = TM_GROUP_INGO
, dataSource = msensdatasource
, parameter = 
, initialize = 
. finalize = 
. validationAction = Skip
]
[2020-01-10 10:27:55:055] DEBUG - <XCron-Server>[ id = db.tm.tb_codebook_SYS057.select
, resultName = TB_CODEBOOK
, batchName = 
, dataSource = tmdatasource
, parameter = 
, initialize = 
. finalize = 
. validationAction = Skip
]
[2020-01-10 10:27:55:055] DEBUG - <XCron-Server>[ id = db.msens.ms_codebook_SYS002.insert
, resultName = 
, batchName = TB_CODEBOOK
, dataSource = msensdatasource
, parameter = 
, initialize = 
. finalize = 
. validationAction = Skip
]
[2020-01-10 10:27:55:055] DEBUG - <XCron-Server>[ id = db.tm.tb_user.select
, resultName = TB_USER
, batchName = 
, dataSource = tmdatasource
, parameter = #param
, initialize = 
. finalize = 
. validationAction = Skip
]
[2020-01-10 10:27:55:055] DEBUG - <XCron-Server>[ id = db.msens.ms_usermaster_batch.insert
, resultName = 
, batchName = TB_USER
, dataSource = msensdatasource
, parameter = 
, initialize = 
. finalize = 
. validationAction = Skip
]
[2020-01-10 10:27:55:055] DEBUG - <XCron-Server>[ id = db.tm.tb_codebook_SYS999_SYS001.select
, resultName = TB_CODEBOOK
, batchName = 
, dataSource = tmdatasource
, parameter = 
, initialize = 
. finalize = 
. validationAction = Skip
]
[2020-01-10 10:27:55:055] DEBUG - <XCron-Server>[ id = db.msens.ms_codebook_SYS001_SYS011.insert
, resultName = 
, batchName = TB_CODEBOOK
, dataSource = msensdatasource
, parameter = 
, initialize = 
. finalize = 
. validationAction = Skip
]
[2020-01-10 10:27:55:055] DEBUG - <XCron-Server>[ id = db.tm.tb_user_workmonth.select
, resultName = TB_USER
, batchName = 
, dataSource = tmdatasource
, parameter = 
, initialize = 
. finalize = 
. validationAction = Skip
]
[2020-01-10 10:27:55:055] DEBUG - <XCron-Server>[ id = db.msens.ms_usermaster_workmonth.update
, resultName = 
, batchName = TB_USER
, dataSource = msensdatasource
, parameter = 
, initialize = 
. finalize = 
. validationAction = Skip
]
[2020-01-10 10:27:55:055] DEBUG - <XCron-Server>[ id = db.tm.tb_pre_est_allocate_mng.select
, resultName = TB_PRE_EST_ALLOCATE_MNG
, batchName = 
, dataSource = tmdatasource
, parameter = #param
, initialize = 
. finalize = 
. validationAction = Skip
]
[2020-01-10 10:27:55:055] DEBUG - <XCron-Server>[ id = db.msens.tb_pre_est_allocate_mng.insert
, resultName = 
, batchName = TB_PRE_EST_ALLOCATE_MNG
, dataSource = msensdatasource
, parameter = 
, initialize = 
. finalize = 
. validationAction = Skip
]
[2020-01-10 10:27:55:055] DEBUG - <XCron-Server>[ id = db.tm.tb_sc_code_mng.select
, resultName = TB_SC_CODE_MNG
, batchName = 
, dataSource = tmdatasource
, parameter = 
, initialize = 
. finalize = 
. validationAction = Skip
]
[2020-01-10 10:27:55:055] DEBUG - <XCron-Server>[ id = db.msens.tb_sc_code_mng.insert
, resultName = 
, batchName = TB_SC_CODE_MNG
, dataSource = msensdatasource
, parameter = 
, initialize = 
. finalize = 
. validationAction = Skip
]
[2020-01-10 10:27:55:055] DEBUG - <XCron-Server>[ id = db.tm.tb_sc_mng.select
, resultName = TB_SC_MNG
, batchName = 
, dataSource = tmdatasource
, parameter = 
, initialize = 
. finalize = 
. validationAction = Skip
]
[2020-01-10 10:27:55:055] DEBUG - <XCron-Server>[ id = db.msens.tb_sc_mng.insert
, resultName = 
, batchName = TB_SC_MNG
, dataSource = msensdatasource
, parameter = 
, initialize = 
. finalize = 
. validationAction = Skip
]
[2020-01-10 10:27:55:055] DEBUG - <XCron-Server>[ id = db.tm.tb_codebook_SYS119.select
, resultName = TB_CODEBOOK
, batchName = 
, dataSource = tmdatasource
, parameter = 
, initialize = 
. finalize = 
. validationAction = Skip
]
[2020-01-10 10:27:55:055] DEBUG - <XCron-Server>[ id = db.msens.ms_codebook_SYS105.insert
, resultName = 
, batchName = TB_CODEBOOK
, dataSource = msensdatasource
, parameter = 
, initialize = 
. finalize = 
. validationAction = Skip
]
[2020-01-10 10:27:55:055] DEBUG - <XCron-Server>[ id = db.msens.tb_qst_kind_mng.delete
, resultName = 
, batchName = 
, dataSource = msensdatasource
, parameter = 
, initialize = 
. finalize = 
. validationAction = Skip
]
[2020-01-10 10:27:55:055] DEBUG - <XCron-Server>[ id = db.tm.tb_qst_kind_mng.select
, resultName = TB_QST_KIND_MNG
, batchName = 
, dataSource = tmdatasource
, parameter = 
, initialize = 
. finalize = 
. validationAction = Skip
]
[2020-01-10 10:27:55:055] DEBUG - <XCron-Server>[ id = db.msens.tb_qst_kind_mng.insert
, resultName = 
, batchName = TB_QST_KIND_MNG
, dataSource = msensdatasource
, parameter = 
, initialize = 
. finalize = 
. validationAction = Skip
]
[2020-01-10 10:27:55:055] DEBUG - <XCron-Server>[ id = db.tm.tbia101.select
, resultName = TBIA101
, batchName = 
, dataSource = tmdatasource
, parameter = 
, initialize = 
. finalize = 
. validationAction = Skip
]
[2020-01-10 10:27:55:055] DEBUG - <XCron-Server>[ id = db.msens.ms_product.insert
, resultName = 
, batchName = TBIA101
, dataSource = msensdatasource
, parameter = 
, initialize = 
. finalize = 
. validationAction = Skip
]
[2020-01-10 10:27:55:055] DEBUG - <XCron-Server>[ id = db.tm.tbia102.select
, resultName = TAIA102
, batchName = 
, dataSource = tmdatasource
, parameter = 
, initialize = 
. finalize = 
. validationAction = Skip
]
[2020-01-10 10:27:55:055] DEBUG - <XCron-Server>[ id = db.msens.ms_dmbo.insert
, resultName = 
, batchName = TAIA102
, dataSource = msensdatasource
, parameter = 
, initialize = 
. finalize = 
. validationAction = Skip
]
[2020-01-10 10:27:55:055] DEBUG - <XCron-Server>[ id = db.tm.tb_sc_qst_mng.select
, resultName = TB_SC_QST_MNG
, batchName = 
, dataSource = tmdatasource
, parameter = 
, initialize = 
. finalize = 
. validationAction = Skip
]
[2020-01-10 10:27:55:055] DEBUG - <XCron-Server>[ id = db.msens.tb_sc_qst_mng.insert
, resultName = 
, batchName = TB_SC_QST_MNG
, dataSource = msensdatasource
, parameter = 
, initialize = 
. finalize = 
. validationAction = Skip
]
[2020-01-10 10:27:55:055] DEBUG - <XCron-Server>[ id = db.tm.tb_holiday.select
, resultName = TB_HOLIDAY
, batchName = 
, dataSource = tmdatasource
, parameter = #param
, initialize = 
. finalize = 
. validationAction = Skip
]
[2020-01-10 10:27:55:055] DEBUG - <XCron-Server>[ id = db.msens.ms_holiday_info.insert
, resultName = 
, batchName = TB_HOLIDAY
, dataSource = msensdatasource
, parameter = 
, initialize = 
. finalize = 
. validationAction = Skip
]
[2020-01-10 10:27:55:055] DEBUG - <XCron-Server>[ id = db.msens.ms_stt_meta_flages.update
, resultName = 
, batchName = 
, dataSource = msensdatasource
, parameter = #param
, initialize = 
. finalize = 
. validationAction = Skip
]
[2020-01-10 10:27:55:055] DEBUG - <XCron-Server>[ id = db.tm.tb_insu_plan_mast.ass_user.select
, resultName = TB_INSU_PLAN_MAST
, batchName = 
, dataSource = tmdatasource
, parameter = #param
, initialize = 
. finalize = 
. validationAction = Skip
]
[2020-01-10 10:27:55:055] DEBUG - <XCron-Server>[ id = db.msens.ms_stt_meta.ass_user.update
, resultName = 
, batchName = TB_INSU_PLAN_MAST
, dataSource = msensdatasource
, parameter = 
, initialize = 
. finalize = 
. validationAction = Skip
]
[2020-01-10 10:27:55:055] DEBUG - <XCron-Server>[ id = db.msens.ms_stt_meta.cur_con_ent_dgn_no.select
, resultName = MS_STT_META
, batchName = 
, dataSource = msensdatasource
, parameter = #param
, initialize = 
. finalize = 
. validationAction = Skip
]
[2020-01-10 10:27:55:055] DEBUG - <XCron-Server>[ id = db.tm.tb_pre_est_history.est_info.select
, resultName = TB_PRE_EST_HISTORY
, batchName = MS_STT_META
, dataSource = tmdatasource
, parameter = 
, initialize = 
. finalize = 
. validationAction = Skip
]
[2020-01-10 10:27:55:055] DEBUG - <XCron-Server>[ id = db.msens.ms_pre_est_info.est_info.insert
, resultName = 
, batchName = TB_PRE_EST_HISTORY
, dataSource = msensdatasource
, parameter = 
, initialize = 
. finalize = 
. validationAction = Skip
]
[2020-01-10 10:27:55:055] DEBUG - <XCron-Server>[ id = db.msens.ms_qc_work_stat.endtime.update
, resultName = 
, batchName = 
, dataSource = msensdatasource
, parameter = #param
, initialize = 
. finalize = 
. validationAction = Skip
]
[2020-01-10 10:27:55:055] DEBUG - <XCron-Server>[ id = db.msens.ms_ins_timestamp.endtime.update
, resultName = 
, batchName = 
, dataSource = msensdatasource
, parameter = #param
, initialize = 
. finalize = 
. validationAction = Skip
]
[2020-01-10 10:27:55:055] DEBUG - <XCron-Server>[ id = db.msens.ms_qc_work_stat.sum.select
, resultName = MS_QC_WORK_SUM
, batchName = 
, dataSource = msensdatasource
, parameter = #param
, initialize = 
. finalize = 
. validationAction = Skip
]
[2020-01-10 10:27:55:055] DEBUG - <XCron-Server>[ id = db.msens.ms_qc_work_sum.sum.insert
, resultName = 
, batchName = MS_QC_WORK_SUM
, dataSource = msensdatasource
, parameter = 
, initialize = 
. finalize = 
. validationAction = Skip
]
[2020-01-10 10:27:55:055] DEBUG - <XCron-Server>[ id = db.msens.ms_qc_work_stat.delete
, resultName = 
, batchName = 
, dataSource = msensdatasource
, parameter = #param
, initialize = 
. finalize = 
. validationAction = Skip
]
[2020-01-10 10:27:55:055] DEBUG - <XCron-Server>[ id = db.msens.ms_ins_timestamp.sum.select
, resultName = MS_INS_TIMESTAMP
, batchName = 
, dataSource = msensdatasource
, parameter = #param
, initialize = 
. finalize = 
. validationAction = Skip
]
[2020-01-10 10:27:55:055] DEBUG - <XCron-Server>[ id = db.msens.ms_ins_timestamp_sum.sum.insert
, resultName = 
, batchName = MS_INS_TIMESTAMP
, dataSource = msensdatasource
, parameter = 
, initialize = 
. finalize = 
. validationAction = Skip
]
[2020-01-10 10:27:55:055] DEBUG - <XCron-Server>[ id = db.msens.ms_ins_timestamp.delete
, resultName = 
, batchName = 
, dataSource = msensdatasource
, parameter = #param
, initialize = 
. finalize = 
. validationAction = Skip
]
[2020-01-10 10:27:55:055] DEBUG - <XCron-Server>[ id = db.msens.ms_xcron_file_log.delete.term
, resultName = 
, batchName = 
, dataSource = msensdatasource
, parameter = 
, initialize = 
. finalize = 
. validationAction = Skip
]
[2020-01-10 10:27:55:055] DEBUG - <XCron-Server>[ id = db.msens.ms_xcron_service_log.delete.term
, resultName = 
, batchName = 
, dataSource = msensdatasource
, parameter = 
, initialize = 
. finalize = 
. validationAction = Skip
]
[2020-01-10 10:27:55:055] DEBUG - <XCron-Server>[ id = db.msens.ms_login_log.delete.term
, resultName = 
, batchName = 
, dataSource = msensdatasource
, parameter = 
, initialize = 
. finalize = 
. validationAction = Skip
]
[2020-01-10 10:27:55:055] DEBUG - <XCron-Server>[ id = db.msens.ms_player_log.delete.term
, resultName = 
, batchName = 
, dataSource = msensdatasource
, parameter = 
, initialize = 
. finalize = 
. validationAction = Skip
]
[2020-01-10 10:27:55:055] DEBUG - <XCron-Server>[ id = db.msens.ms_stt_rslt.delete.term
, resultName = 
, batchName = 
, dataSource = msensdatasource
, parameter = 
, initialize = 
. finalize = 
. validationAction = Skip
]
[2020-01-10 10:27:55:055] DEBUG - <XCron-Server>[ id = msens.xcron.hansol.wavfile.delete.action
, resultName = 
, batchName = 
, dataSource = 
, parameter = 
, initialize = import com.inticube.xcron.logs.Logger;
						
						try {
						
							String command = "/sw/msens/MSENS_OB/webapps/temp/file_delete.sh";
							
							Runtime runtime = Runtime.getRuntime();
							Process process = runtime.exec(command);
							
						} catch(Exception e) {
							Logger.error(e.getMessage(), e);
						}
. finalize = 
. validationAction = Skip
]
[2020-01-10 10:27:55:055] DEBUG - <XCron-Server>[ id = msens.xcron.hansol.log.delete.action
, resultName = 
, batchName = 
, dataSource = 
, parameter = 
, initialize = import com.inticube.xcron.logs.Logger;
						
						try {
						
							String command = "/sw/msens/MSENS_OB/webapps/temp/log_delete.sh";
							
							Runtime runtime = Runtime.getRuntime();
							Process process = runtime.exec(command);
							
						} catch(Exception e) {
							Logger.error(e.getMessage(), e);
						}
. finalize = 
. validationAction = Skip
]
[2020-01-10 10:27:55:055] DEBUG - <XCron-Server>[ id = db.msens.ms_value.delete.term
, resultName = 
, batchName = 
, dataSource = snmpdatasource
, parameter = #param
, initialize = 
. finalize = 
. validationAction = Skip
]
[2020-01-10 10:27:55:055] DEBUG - <XCron-Server>[ id = db.msens.ms_value_min.delete.term
, resultName = 
, batchName = 
, dataSource = snmpdatasource
, parameter = #param
, initialize = 
. finalize = 
. validationAction = Skip
]
[2020-01-10 10:27:55:055] DEBUG - <XCron-Server>[ id = db.msens.ms_value_usage.delete.term
, resultName = 
, batchName = 
, dataSource = snmpdatasource
, parameter = #param
, initialize = 
. finalize = 
. validationAction = Skip
]
[2020-01-10 10:27:55:055] DEBUG - <XCron-Server>[ id = db.msens.ms_value_usage_et.delete.term
, resultName = 
, batchName = 
, dataSource = snmpdatasource
, parameter = #param
, initialize = 
. finalize = 
. validationAction = Skip
]
[2020-01-10 10:27:55:055] DEBUG - <XCron-Server>[ id = db.uat.msens.tb_sc_code_mng.utp.select
, resultName = TB_SC_CODE_MNG
, batchName = 
, dataSource = muatdatasource
, parameter = 
, initialize = 
. finalize = 
. validationAction = Skip
]
[2020-01-10 10:27:55:055] DEBUG - <XCron-Server>[ id = db.msens.tb_sc_code_mng.utp.insert
, resultName = 
, batchName = TB_SC_CODE_MNG
, dataSource = mproddatasource
, parameter = 
, initialize = 
. finalize = 
. validationAction = Skip
]
[2020-01-10 10:27:55:055] DEBUG - <XCron-Server>[ id = db.uat.msens.tb_sc_mng.utp.select
, resultName = TB_SC_MNG
, batchName = 
, dataSource = muatdatasource
, parameter = 
, initialize = 
. finalize = 
. validationAction = Skip
]
[2020-01-10 10:27:55:055] DEBUG - <XCron-Server>[ id = db.msens.tb_sc_mng.utp.insert
, resultName = 
, batchName = TB_SC_MNG
, dataSource = mproddatasource
, parameter = 
, initialize = 
. finalize = 
. validationAction = Skip
]
[2020-01-10 10:27:55:055] DEBUG - <XCron-Server>[ id = db.uat.msens.tb_codebook_SYS119.utp.select
, resultName = TB_CODEBOOK
, batchName = 
, dataSource = muatdatasource
, parameter = 
, initialize = 
. finalize = 
. validationAction = Skip
]
[2020-01-10 10:27:55:055] DEBUG - <XCron-Server>[ id = db.msens.ms_codebook_SYS105.utp.insert
, resultName = 
, batchName = TB_CODEBOOK
, dataSource = mproddatasource
, parameter = 
, initialize = 
. finalize = 
. validationAction = Skip
]
[2020-01-10 10:27:55:055] DEBUG - <XCron-Server>[ id = db.msens.tb_qst_kind_mng.utp.delete
, resultName = 
, batchName = 
, dataSource = mproddatasource
, parameter = 
, initialize = 
. finalize = 
. validationAction = Skip
]
[2020-01-10 10:27:55:055] DEBUG - <XCron-Server>[ id = db.uat.msens.tb_qst_kind_mng.utp.select
, resultName = TB_QST_KIND_MNG
, batchName = 
, dataSource = muatdatasource
, parameter = 
, initialize = 
. finalize = 
. validationAction = Skip
]
[2020-01-10 10:27:55:055] DEBUG - <XCron-Server>[ id = db.msens.tb_qst_kind_mng.utp.insert
, resultName = 
, batchName = TB_QST_KIND_MNG
, dataSource = mproddatasource
, parameter = 
, initialize = 
. finalize = 
. validationAction = Skip
]
[2020-01-10 10:27:55:055] DEBUG - <XCron-Server>[ id = db.msens.ms_stt_result.delete.term
, resultName = 
, batchName = 
, dataSource = msensdatasource
, parameter = #param
, initialize = 
. finalize = 
. validationAction = Skip
]
[2020-01-10 10:27:55:055] DEBUG - <XCron-Server>[ id = db.msens.ms_stt_meta.delete.term
, resultName = 
, batchName = 
, dataSource = msensdatasource
, parameter = #param
, initialize = 
. finalize = 
. validationAction = Skip
]
[2020-01-10 10:27:55:055] DEBUG - <XCron-Server>[ id = db.msens.ms_script_result.delete.term
, resultName = 
, batchName = 
, dataSource = msensdatasource
, parameter = #param
, initialize = 
. finalize = 
. validationAction = Skip
]
[2020-01-10 10:27:55:055] DEBUG - <XCron-Server>[ id = db.msens.ms_search_result.delete.term
, resultName = 
, batchName = 
, dataSource = msensdatasource
, parameter = #param
, initialize = 
. finalize = 
. validationAction = Skip
]
[2020-01-10 10:27:55:055] DEBUG - <XCron-Server>[ id = db.msens.ms_grade_result.delete.term
, resultName = 
, batchName = 
, dataSource = msensdatasource
, parameter = #param
, initialize = 
. finalize = 
. validationAction = Skip
]
[2020-01-10 10:27:55:055] DEBUG - <XCron-Server>[ id = db.msens.ms_bef_est_score.delete.term
, resultName = 
, batchName = 
, dataSource = msensdatasource
, parameter = #param
, initialize = 
. finalize = 
. validationAction = Skip
]
[2020-01-10 10:27:55:055] DEBUG - <XCron-Server>[ id = db.msens.ms_bef_mrls.delete.term
, resultName = 
, batchName = 
, dataSource = msensdatasource
, parameter = #param
, initialize = 
. finalize = 
. validationAction = Skip
]
[2020-01-10 10:27:55:055] DEBUG - <XCron-Server>[ id = db.msens.tb_sc_qst_mng.delete.term
, resultName = 
, batchName = 
, dataSource = msensdatasource
, parameter = #param
, initialize = 
. finalize = 
. validationAction = Skip
]
[2020-01-10 10:27:55:055] DEBUG - <XCron-Server>[ id = db.prod.msens.ms_ment_mng.utp.del
, resultName = 
, batchName = 
, dataSource = mproddatasource
, parameter = 
, initialize = 
. finalize = 
. validationAction = Skip
]
[2020-01-10 10:27:55:055] DEBUG - <XCron-Server>[ id = db.uat.msens.ms_ment_mng.utp.select
, resultName = MS_MENT_MNG
, batchName = 
, dataSource = muatdatasource
, parameter = 
, initialize = 
. finalize = 
. validationAction = Skip
]
[2020-01-10 10:27:55:055] DEBUG - <XCron-Server>[ id = db.prod.msens.ms_ment_mng.utp.ins
, resultName = 
, batchName = MS_MENT_MNG
, dataSource = mproddatasource
, parameter = 
, initialize = 
. finalize = 
. validationAction = Skip
]
[2020-01-10 10:27:55:055] DEBUG - <XCron-Server>[ id = msens.xcron.hansol.autoDownload.flag.update
, resultName = 
, batchName = 
, dataSource = msensdatasource
, parameter = 
, initialize = 
. finalize = 
. validationAction = Skip
]
[2020-01-10 10:27:55:055] DEBUG - <XCron-Server>[ id = db.msens.tb_reject_list.select
, resultName = TB_REJECT
, batchName = 
, dataSource = tmdatasource
, parameter = #param
, initialize = 
. finalize = 
. validationAction = Skip
]
[2020-01-10 10:27:55:055] DEBUG - <XCron-Server>[ id = db.msens.ms_reject_list.insert
, resultName = 
, batchName = TB_REJECT
, dataSource = msensdatasource
, parameter = 
, initialize = 
. finalize = 
. validationAction = Skip
]
[2020-01-10 10:27:55:055] DEBUG - <XCron-Server>[ id = db.tm.getBefMrLs
, resultName = TB_LIST
, batchName = 
, dataSource = tmdatasource
, parameter = #param
, initialize = 
. finalize = 
. validationAction = Skip
]
[2020-01-10 10:27:56:056] DEBUG - <XCron-Server>[ id = db.msens.ms_bef_mrls_list.insert
, resultName = 
, batchName = TB_LIST
, dataSource = msensdatasource
, parameter = 
, initialize = 
. finalize = 
. validationAction = Skip
]
[2020-01-10 10:27:56:056] INFO  - <XCron-Server>XCron Schedule Service Started
[2020-01-10 10:27:56:056] INFO  - <XCron-Server>Programmed = Youn TaeHee, @Seoul Korea
[2020-01-10 10:27:56:056] INFO  - <XCron-Server>E-mail = taehee.youn@gmail.com
[2020-01-10 10:27:56:056] INFO  - <XCron-Server>Initializing end
[2020-01-10 10:27:56:056] INFO  - <XCron-Server>==============================================================================
[2020-01-10 14:22:49:049] DEBUG - <pool-1-thread-1><?xml version='1.0' encoding='euc-kr'?><ControlConfig><Cmd Name="exec" Service="SVC_COM_007"/><Param><Field Name="TO_DATE"><![CDATA[20200110235959]]></Field><Field Name="FROM_DATE"><![CDATA[20200109000000]]></Field></Param></ControlConfig>
[2020-01-10 14:22:50:050] INFO  - <pool-1-thread-1>DataSource <msensdatasource>
[2020-01-10 14:22:50:050] DEBUG - <pool-1-thread-1>[ id = msensdatasource
, driverName = com.microsoft.jdbc.sqlserver.SQLServerDriver
, url = jdbc:Microsoft:sqlserver://10.48.241.43:1433;databaseName=msens_ob;integratedSecurity=false;failoverPartner=10.48.241.44
, user = {AES}tkUoArFZgt9kpayQiIMCtA==
, password = {AES}guUufQeMdvWVCVIfz8iiGQ==
, maxCapacity(maxActive) = 80
, exhaustedAction(whenExhaustedAction) = 1
, maxWait = 60000
, testQuery = select 1
, maxIdle = 20
, idleTimeOut(timeBetweenEvictionRunsMillis) = 300000
, lifo = true
, minEvictableIdleTimeMillis = 600000
, minIdle = 5
, numTestsPerEvictionRun = 3
, softMinEvictableIdleTimeMillis = -1
, testOnBorrow = false
, testOnReturn = false
, testWhileIdle = true
, maxBatchSize = 10000
, queryTimeout = -1
, productName = null
]
[2020-01-10 14:22:50:050] INFO  - <pool-1-thread-1>DataSource <snmpdatasource>
[2020-01-10 14:22:50:050] DEBUG - <pool-1-thread-1>[ id = snmpdatasource
, driverName = com.microsoft.jdbc.sqlserver.SQLServerDriver
, url = jdbc:Microsoft:sqlserver://10.48.241.57:1433;databaseName=snmp_db;
, user = {AES}tkUoArFZgt9kpayQiIMCtA==
, password = {AES}guUufQeMdvWVCVIfz8iiGQ==
, maxCapacity(maxActive) = 80
, exhaustedAction(whenExhaustedAction) = 1
, maxWait = 60000
, testQuery = select 1
, maxIdle = 20
, idleTimeOut(timeBetweenEvictionRunsMillis) = 300000
, lifo = true
, minEvictableIdleTimeMillis = 600000
, minIdle = 5
, numTestsPerEvictionRun = 3
, softMinEvictableIdleTimeMillis = -1
, testOnBorrow = false
, testOnReturn = false
, testWhileIdle = true
, maxBatchSize = 10000
, queryTimeout = -1
, productName = null
]
[2020-01-10 14:22:50:050] INFO  - <pool-1-thread-1>DataSource <tmdatasource>
[2020-01-10 14:22:50:050] DEBUG - <pool-1-thread-1>[ id = tmdatasource
, driverName = oracle.jdbc.driver.OracleDriver
, url = jdbc:oracle:thin:@10.51.192.49:1521/PCHA
, user = {AES}lIYDNAsmhnOtBF7ZLAyxKQ==
, password = {AES}UMo/LIzvP1xNpPIHWQd/LQ==
, maxCapacity(maxActive) = 80
, exhaustedAction(whenExhaustedAction) = 1
, maxWait = 60000
, testQuery = select 1 from dual
, maxIdle = 20
, idleTimeOut(timeBetweenEvictionRunsMillis) = 300000
, lifo = true
, minEvictableIdleTimeMillis = 600000
, minIdle = 5
, numTestsPerEvictionRun = 3
, softMinEvictableIdleTimeMillis = -1
, testOnBorrow = false
, testOnReturn = false
, testWhileIdle = true
, maxBatchSize = 10000
, queryTimeout = -1
, productName = null
]
[2020-01-10 14:22:50:050] INFO  - <pool-1-thread-1>DataSource <muatdatasource>
[2020-01-10 14:22:50:050] DEBUG - <pool-1-thread-1>[ id = muatdatasource
, driverName = com.microsoft.jdbc.sqlserver.SQLServerDriver
, url = jdbc:Microsoft:sqlserver://10.48.247.186:1433;databaseName=msens_ob;
, user = {AES}LG4WDPTajFxCgzi2rXxR5Q==
, password = {AES}guUufQeMdvWVCVIfz8iiGQ==
, maxCapacity(maxActive) = 80
, exhaustedAction(whenExhaustedAction) = 1
, maxWait = 60000
, testQuery = select 1
, maxIdle = 20
, idleTimeOut(timeBetweenEvictionRunsMillis) = 300000
, lifo = true
, minEvictableIdleTimeMillis = 600000
, minIdle = 5
, numTestsPerEvictionRun = 3
, softMinEvictableIdleTimeMillis = -1
, testOnBorrow = false
, testOnReturn = false
, testWhileIdle = true
, maxBatchSize = 10000
, queryTimeout = -1
, productName = null
]
[2020-01-10 14:22:50:050] INFO  - <pool-1-thread-1>DataSource <mproddatasource>
[2020-01-10 14:22:50:050] DEBUG - <pool-1-thread-1>[ id = mproddatasource
, driverName = com.microsoft.jdbc.sqlserver.SQLServerDriver
, url = jdbc:Microsoft:sqlserver://10.48.241.43:1433;databaseName=msens_ob;integratedSecurity=false;failoverPartner=10.48.241.44
, user = {AES}tkUoArFZgt9kpayQiIMCtA==
, password = {AES}guUufQeMdvWVCVIfz8iiGQ==
, maxCapacity(maxActive) = 80
, exhaustedAction(whenExhaustedAction) = 1
, maxWait = 60000
, testQuery = select 1
, maxIdle = 20
, idleTimeOut(timeBetweenEvictionRunsMillis) = 300000
, lifo = true
, minEvictableIdleTimeMillis = 600000
, minIdle = 5
, numTestsPerEvictionRun = 3
, softMinEvictableIdleTimeMillis = -1
, testOnBorrow = false
, testOnReturn = false
, testWhileIdle = true
, maxBatchSize = 10000
, queryTimeout = -1
, productName = null
]
[2020-01-10 14:22:50:050] DEBUG - <pool-1-thread-1>[ Name=from_date Length=8 DefaultValue= Type=STRING Direction=IN Validation= ]
[2020-01-10 14:22:50:050] DEBUG - <pool-1-thread-1>[ Name=to_date Length=8 DefaultValue= Type=STRING Direction=IN Validation= ]
[2020-01-10 14:22:50:050] DEBUG - <pool-1-thread-1>RequestGroup <db.tm.tb_user.select,db.msens.ms_usermaster_batch.insert,db.tm.tb_codebook_SYS999_SYS001.select,db.msens.ms_codebook_SYS001_SYS011.insert>
[2020-01-10 14:22:50:050] INFO  - <pool-1-thread-1>Service <SVC_COM_001>
[2020-01-10 14:22:50:050] DEBUG - <pool-1-thread-1>[ Name=from_date Length=8 DefaultValue= Type=STRING Direction=IN Validation= ]
[2020-01-10 14:22:50:050] DEBUG - <pool-1-thread-1>[ Name=to_date Length=8 DefaultValue= Type=STRING Direction=IN Validation= ]
[2020-01-10 14:22:50:050] DEBUG - <pool-1-thread-1>RequestGroup <db.tm.tb_group_info.select,db.msens.ms_dept.insert>
[2020-01-10 14:22:50:050] DEBUG - <pool-1-thread-1>RequestGroup <db.tm.tb_codebook_SYS057.select,db.msens.ms_codebook_SYS002.insert>
[2020-01-10 14:22:50:050] INFO  - <pool-1-thread-1>Service <SVC_COM_002>
[2020-01-10 14:22:50:050] DEBUG - <pool-1-thread-1>RequestGroup <db.tm.tb_sc_code_mng.select,db.msens.tb_sc_code_mng.insert>
[2020-01-10 14:22:50:050] DEBUG - <pool-1-thread-1>RequestGroup <db.tm.tb_sc_mng.select,db.msens.tb_sc_mng.insert>
[2020-01-10 14:22:50:050] DEBUG - <pool-1-thread-1>RequestGroup <db.tm.tb_codebook_SYS119.select,db.msens.ms_codebook_SYS105.insert>
[2020-01-10 14:22:50:050] INFO  - <pool-1-thread-1>Service <SVC_COM_003>
[2020-01-10 14:22:50:050] DEBUG - <pool-1-thread-1>RequestGroup <db.msens.tb_qst_kind_mng.delete,db.tm.tb_qst_kind_mng.select,db.msens.tb_qst_kind_mng.insert>
[2020-01-10 14:22:50:050] INFO  - <pool-1-thread-1>Service <SVC_COM_004>
[2020-01-10 14:22:50:050] DEBUG - <pool-1-thread-1>[ Name=from_date Length=14 DefaultValue= Type=STRING Direction=IN Validation= ]
[2020-01-10 14:22:50:050] DEBUG - <pool-1-thread-1>[ Name=to_date Length=14 DefaultValue= Type=STRING Direction=IN Validation= ]
[2020-01-10 14:22:50:050] DEBUG - <pool-1-thread-1>RequestGroup <msens.xcron.hansol.qstmngWebaction>
[2020-01-10 14:22:50:050] INFO  - <pool-1-thread-1>Service <SVC_COM_005>
[2020-01-10 14:22:50:050] DEBUG - <pool-1-thread-1>RequestGroup <db.tm.tb_user_workmonth.select,db.msens.ms_usermaster_workmonth.update>
[2020-01-10 14:22:50:050] INFO  - <pool-1-thread-1>Service <SVC_COM_006>
[2020-01-10 14:22:50:050] DEBUG - <pool-1-thread-1>[ Name=from_date Length=14 DefaultValue= Type=STRING Direction=IN Validation= ]
[2020-01-10 14:22:50:050] DEBUG - <pool-1-thread-1>[ Name=to_date Length=14 DefaultValue= Type=STRING Direction=IN Validation= ]
[2020-01-10 14:22:50:050] DEBUG - <pool-1-thread-1>RequestGroup <msens.xcron.hansol.VRSParserWebaction>
[2020-01-10 14:22:50:050] INFO  - <pool-1-thread-1>Service <SVC_COM_007>
[2020-01-10 14:22:50:050] DEBUG - <pool-1-thread-1>RequestGroup <db.msens.ms_xcron_file_log.delete.term,db.msens.ms_xcron_service_log.delete.term>
[2020-01-10 14:22:50:050] DEBUG - <pool-1-thread-1>RequestGroup <db.msens.ms_login_log.delete.term>
[2020-01-10 14:22:50:050] DEBUG - <pool-1-thread-1>RequestGroup <db.msens.ms_player_log.delete.term>
[2020-01-10 14:22:50:050] DEBUG - <pool-1-thread-1>RequestGroup <db.msens.ms_stt_rslt.delete.term>
[2020-01-10 14:22:50:050] INFO  - <pool-1-thread-1>Service <SVC_COM_008>
[2020-01-10 14:22:50:050] INFO  - <pool-1-thread-1>Service <SVC_COM_009>
[2020-01-10 14:22:50:050] DEBUG - <pool-1-thread-1>RequestGroup <msens.xcron.hansol.wavfile.delete.action>
[2020-01-10 14:22:50:050] DEBUG - <pool-1-thread-1>RequestGroup <msens.xcron.hansol.autoDownload.flag.update>
[2020-01-10 14:22:50:050] INFO  - <pool-1-thread-1>Service <SVC_COM_010>
[2020-01-10 14:22:50:050] DEBUG - <pool-1-thread-1>[ Name=from_date Length=10 DefaultValue= Type=STRING Direction=IN Validation= ]
[2020-01-10 14:22:50:050] DEBUG - <pool-1-thread-1>RequestGroup <db.msens.ms_value_min.delete.term,db.msens.ms_value_usage.delete.term,db.msens.ms_value_usage_et.delete.term,db.msens.ms_value.delete.term>
[2020-01-10 14:22:50:050] INFO  - <pool-1-thread-1>Service <SVC_COM_011>
[2020-01-10 14:22:50:050] DEBUG - <pool-1-thread-1>RequestGroup <db.tm.tbia101.select,db.msens.ms_product.insert>
[2020-01-10 14:22:50:050] DEBUG - <pool-1-thread-1>RequestGroup <db.tm.tbia102.select,db.msens.ms_dmbo.insert>
[2020-01-10 14:22:50:050] INFO  - <pool-1-thread-1>Service <SVC_COM_012>
[2020-01-10 14:22:50:050] DEBUG - <pool-1-thread-1>[ Name=from_date Length=8 DefaultValue= Type=STRING Direction=IN Validation= ]
[2020-01-10 14:22:50:050] DEBUG - <pool-1-thread-1>[ Name=to_date Length=8 DefaultValue= Type=STRING Direction=IN Validation= ]
[2020-01-10 14:22:50:050] DEBUG - <pool-1-thread-1>RequestGroup <db.tm.tb_pre_est_allocate_mng.select,db.msens.tb_pre_est_allocate_mng.insert>
[2020-01-10 14:22:50:050] INFO  - <pool-1-thread-1>Service <SVC_COM_013>
[2020-01-10 14:22:50:050] DEBUG - <pool-1-thread-1>[ Name=from_date Length=8 DefaultValue= Type=STRING Direction=IN Validation= ]
[2020-01-10 14:22:50:050] DEBUG - <pool-1-thread-1>[ Name=to_date Length=8 DefaultValue= Type=STRING Direction=IN Validation= ]
[2020-01-10 14:22:50:050] DEBUG - <pool-1-thread-1>RequestGroup <db.tm.tb_holiday.select,db.msens.ms_holiday_info.insert>
[2020-01-10 14:22:50:050] INFO  - <pool-1-thread-1>Service <SVC_COM_014>
[2020-01-10 14:22:50:050] DEBUG - <pool-1-thread-1>[ Name=from_date Length=8 DefaultValue= Type=STRING Direction=IN Validation= ]
[2020-01-10 14:22:50:050] DEBUG - <pool-1-thread-1>[ Name=to_date Length=8 DefaultValue= Type=STRING Direction=IN Validation= ]
[2020-01-10 14:22:50:050] DEBUG - <pool-1-thread-1>RequestGroup <db.tm.tb_insu_plan_mast.ass_user.select,db.msens.ms_stt_meta.ass_user.update>
[2020-01-10 14:22:50:050] DEBUG - <pool-1-thread-1>RequestGroup <db.msens.ms_stt_meta.cur_con_ent_dgn_no.select,db.tm.tb_pre_est_history.est_info.select,db.msens.ms_pre_est_info.est_info.insert>
[2020-01-10 14:22:50:050] INFO  - <pool-1-thread-1>Service <SVC_COM_015>
[2020-01-10 14:22:50:050] DEBUG - <pool-1-thread-1>RequestGroup <db.uat.msens.tb_sc_code_mng.utp.select,db.msens.tb_sc_code_mng.utp.insert>
[2020-01-10 14:22:50:050] DEBUG - <pool-1-thread-1>RequestGroup <db.uat.msens.tb_sc_mng.utp.select,db.msens.tb_sc_mng.utp.insert>
[2020-01-10 14:22:50:050] INFO  - <pool-1-thread-1>Service <SVC_COM_016>
[2020-01-10 14:22:50:050] DEBUG - <pool-1-thread-1>RequestGroup <db.msens.tb_qst_kind_mng.utp.delete,db.uat.msens.tb_qst_kind_mng.utp.select,db.msens.tb_qst_kind_mng.utp.insert>
[2020-01-10 14:22:50:050] INFO  - <pool-1-thread-1>Service <SVC_COM_017>
[2020-01-10 14:22:50:050] DEBUG - <pool-1-thread-1>RequestGroup <db.uat.msens.tb_codebook_SYS119.utp.select,db.msens.ms_codebook_SYS105.utp.insert>
[2020-01-10 14:22:50:050] INFO  - <pool-1-thread-1>Service <SVC_COM_018>
[2020-01-10 14:22:50:050] DEBUG - <pool-1-thread-1>RequestGroup <db.prod.msens.ms_ment_mng.utp.del,db.uat.msens.ms_ment_mng.utp.select,db.prod.msens.ms_ment_mng.utp.ins>
[2020-01-10 14:22:50:050] INFO  - <pool-1-thread-1>Service <SVC_COM_019>
[2020-01-10 14:22:50:050] DEBUG - <pool-1-thread-1>[ Name=from_date Length=8 DefaultValue= Type=STRING Direction=IN Validation= ]
[2020-01-10 14:22:50:050] DEBUG - <pool-1-thread-1>RequestGroup <db.msens.ms_qc_work_stat.endtime.update, db.msens.ms_ins_timestamp.endtime.update>
[2020-01-10 14:22:50:050] DEBUG - <pool-1-thread-1>RequestGroup <db.msens.ms_qc_work_stat.sum.select, db.msens.ms_qc_work_sum.sum.insert, db.msens.ms_qc_work_stat.delete>
[2020-01-10 14:22:50:050] DEBUG - <pool-1-thread-1>RequestGroup <db.msens.ms_ins_timestamp.sum.select, db.msens.ms_ins_timestamp_sum.sum.insert, db.msens.ms_ins_timestamp.delete>
[2020-01-10 14:22:50:050] INFO  - <pool-1-thread-1>Service <SVC_COM_020>
[2020-01-10 14:22:50:050] DEBUG - <pool-1-thread-1>[ Name=from_date Length=14 DefaultValue= Type=STRING Direction=IN Validation= ]
[2020-01-10 14:22:50:050] DEBUG - <pool-1-thread-1>RequestGroup <db.msens.ms_stt_result.delete.term>
[2020-01-10 14:22:50:050] DEBUG - <pool-1-thread-1>RequestGroup <db.msens.ms_stt_meta.delete.term>
[2020-01-10 14:22:50:050] DEBUG - <pool-1-thread-1>RequestGroup <db.msens.ms_script_result.delete.term>
[2020-01-10 14:22:50:050] DEBUG - <pool-1-thread-1>RequestGroup <db.msens.ms_search_result.delete.term>
[2020-01-10 14:22:50:050] DEBUG - <pool-1-thread-1>RequestGroup <db.msens.ms_grade_result.delete.term>
[2020-01-10 14:22:50:050] DEBUG - <pool-1-thread-1>RequestGroup <db.msens.ms_bef_est_score.delete.term>
[2020-01-10 14:22:50:050] DEBUG - <pool-1-thread-1>RequestGroup <db.msens.ms_bef_mrls.delete.term>
[2020-01-10 14:22:50:050] INFO  - <pool-1-thread-1>Service <SVC_COM_021>
[2020-01-10 14:22:50:050] DEBUG - <pool-1-thread-1>[ Name=from_date Length=8 DefaultValue= Type=STRING Direction=IN Validation= ]
[2020-01-10 14:22:50:050] DEBUG - <pool-1-thread-1>[ Name=to_date Length=8 DefaultValue= Type=STRING Direction=IN Validation= ]
[2020-01-10 14:22:50:050] DEBUG - <pool-1-thread-1>RequestGroup <db.msens.tb_reject_list.select,db.msens.ms_reject_list.insert>
[2020-01-10 14:22:50:050] INFO  - <pool-1-thread-1>Service <SVC_COM_022>
[2020-01-10 14:22:50:050] DEBUG - <pool-1-thread-1>[ Name=from_date Length=14 DefaultValue= Type=STRING Direction=IN Validation= ]
[2020-01-10 14:22:50:050] DEBUG - <pool-1-thread-1>RequestGroup <db.msens.tb_sc_qst_mng.delete.term>
[2020-01-10 14:22:50:050] INFO  - <pool-1-thread-1>Service <SVC_COM_023>
[2020-01-10 14:22:50:050] DEBUG - <pool-1-thread-1>RequestGroup <msens.xcron.hansol.sttmetawebaction>
[2020-01-10 14:22:50:050] INFO  - <pool-1-thread-1>Service <SVC_MS_001>
[2020-01-10 14:22:50:050] DEBUG - <pool-1-thread-1>RequestGroup <msens.xcron.hansol.sttmetawebaction2>
[2020-01-10 14:22:50:050] INFO  - <pool-1-thread-1>Service <SVC_MS_001_1>
[2020-01-10 14:22:50:050] DEBUG - <pool-1-thread-1>RequestGroup <msens.xcron.hansol.scriptResultWebAction>
[2020-01-10 14:22:50:050] INFO  - <pool-1-thread-1>Service <SVC_MS_002>
[2020-01-10 14:22:50:050] DEBUG - <pool-1-thread-1>RequestGroup <msens.xcron.hansol.scriptResultWebAction2>
[2020-01-10 14:22:50:050] INFO  - <pool-1-thread-1>Service <SVC_MS_002_1>
[2020-01-10 14:22:50:050] DEBUG - <pool-1-thread-1>RequestGroup <msens.xcron.hansol.searchResultWebAction>
[2020-01-10 14:22:50:050] INFO  - <pool-1-thread-1>Service <SVC_MS_003>
[2020-01-10 14:22:50:050] DEBUG - <pool-1-thread-1>RequestGroup <msens.xcron.hansol.searchResultWebAction2>
[2020-01-10 14:22:50:050] INFO  - <pool-1-thread-1>Service <SVC_MS_003_1>
[2020-01-10 14:22:50:050] DEBUG - <pool-1-thread-1>RequestGroup <msens.xcron.hansol.graderesultwebaction>
[2020-01-10 14:22:50:050] INFO  - <pool-1-thread-1>Service <SVC_MS_004>
[2020-01-10 14:22:50:050] DEBUG - <pool-1-thread-1>RequestGroup <msens.xcron.hansol.graderesultwebaction2>
[2020-01-10 14:22:50:050] INFO  - <pool-1-thread-1>Service <SVC_MS_004_1>
[2020-01-10 14:22:50:050] DEBUG - <pool-1-thread-1>RequestGroup <msens.xcron.hansol.autoAssignwebaction>
[2020-01-10 14:22:50:050] INFO  - <pool-1-thread-1>Service <SVC_MS_005>
[2020-01-10 14:22:50:050] DEBUG - <pool-1-thread-1>RequestGroup <msens.xcron.hansol.autoAssignwebaction2>
[2020-01-10 14:22:50:050] INFO  - <pool-1-thread-1>Service <SVC_MS_005_1>
[2020-01-10 14:22:50:050] DEBUG - <pool-1-thread-1>RequestGroup <msens.xcron.hansol.systeminfocachecall>
[2020-01-10 14:22:50:050] INFO  - <pool-1-thread-1>Service <SVC_MS_007>
[2020-01-10 14:22:50:050] DEBUG - <pool-1-thread-1>RequestGroup <msens.xcron.hansol.getRealtimewebaction>
[2020-01-10 14:22:50:050] INFO  - <pool-1-thread-1>Service <SVC_MS_008>
[2020-01-10 14:22:50:050] DEBUG - <pool-1-thread-1>RequestGroup <msens.xcron.hansol.getRealtimewebaction2>
[2020-01-10 14:22:50:050] INFO  - <pool-1-thread-1>Service <SVC_MS_008_1>
[2020-01-10 14:22:50:050] DEBUG - <pool-1-thread-1>[ Name=from_date Length=8 DefaultValue= Type=STRING Direction=IN Validation= ]
[2020-01-10 14:22:50:050] DEBUG - <pool-1-thread-1>[ Name=to_date Length=8 DefaultValue= Type=STRING Direction=IN Validation= ]
[2020-01-10 14:22:50:050] DEBUG - <pool-1-thread-1>RequestGroup <db.msens.ms_stt_meta_flages.update>
[2020-01-10 14:22:50:050] INFO  - <pool-1-thread-1>Service <SVC_MS_009>
[2020-01-10 14:22:50:050] DEBUG - <pool-1-thread-1>RequestGroup <msens.xcron.hansol.sttContentSplitWebaction>
[2020-01-10 14:22:50:050] INFO  - <pool-1-thread-1>Service <SVC_MS_012>
[2020-01-10 14:22:50:050] DEBUG - <pool-1-thread-1>RequestGroup <msens.xcron.hansol.sttContentSplitWebaction2>
[2020-01-10 14:22:50:050] INFO  - <pool-1-thread-1>Service <SVC_MS_012_1>
[2020-01-10 14:22:50:050] DEBUG - <pool-1-thread-1>RequestGroup <db.tm.tb_pre_est_history.select, db.msens.tm.tb_pre_est_history.insert>
[2020-01-10 14:22:50:050] DEBUG - <pool-1-thread-1>RequestGroup <db.tm.ms_bef_est_score.select,db.msens.ms_bef_est_score.insert>
[2020-01-10 14:22:50:050] INFO  - <pool-1-thread-1>Service <SVC_MS_013>
[2020-01-10 14:22:50:050] DEBUG - <pool-1-thread-1>RequestGroup <msens.xcron.hansol.codeutilWebaction>
[2020-01-10 14:22:50:050] INFO  - <pool-1-thread-1>Service <SVC_MS_020>
[2020-01-10 14:22:50:050] DEBUG - <pool-1-thread-1>[ Name=from_date Length=8 DefaultValue= Type=STRING Direction=IN Validation= ]
[2020-01-10 14:22:50:050] DEBUG - <pool-1-thread-1>[ Name=to_date Length=8 DefaultValue= Type=STRING Direction=IN Validation= ]
[2020-01-10 14:22:50:050] DEBUG - <pool-1-thread-1>RequestGroup <msens.xcron.hansol.sttBulkWebAction>
[2020-01-10 14:22:50:050] INFO  - <pool-1-thread-1>Service <SVC_MS_014>
[2020-01-10 14:22:50:050] DEBUG - <pool-1-thread-1>RequestGroup <msens.xcron.hansol.qstmngbulkWebaction>
[2020-01-10 14:22:50:050] INFO  - <pool-1-thread-1>Service <SVC_BATCH_001>
[2020-01-10 14:22:50:050] DEBUG - <pool-1-thread-1>RequestGroup <msens.xcron.hansol.autoDownload>
[2020-01-10 14:22:50:050] INFO  - <pool-1-thread-1>Service <SVC_MS_015>
[2020-01-10 14:22:50:050] DEBUG - <pool-1-thread-1>[ Name=from_date Length=8 DefaultValue= Type=STRING Direction=IN Validation= ]
[2020-01-10 14:22:50:050] DEBUG - <pool-1-thread-1>[ Name=to_date Length=8 DefaultValue= Type=STRING Direction=IN Validation= ]
[2020-01-10 14:22:50:050] DEBUG - <pool-1-thread-1>RequestGroup <db.tm.getBefMrLs,db.msens.ms_bef_mrls_list.insert>
[2020-01-10 14:22:50:050] INFO  - <pool-1-thread-1>Service <SVC_MS_016>
[2020-01-10 14:22:50:050] DEBUG - <pool-1-thread-1>RequestGroup <msens.xcron.hansol.mrLsListWebAction>
[2020-01-10 14:22:50:050] INFO  - <pool-1-thread-1>Service <SVC_MS_017>
[2020-01-10 14:22:50:050] DEBUG - <pool-1-thread-1>[ id = msens.xcron.hansol.codeutilWebaction
, resultName = 
, batchName = 
, dataSource = 
, parameter = 
, initialize = import java.io.BufferedReader;
						import java.io.InputStreamReader;
						import java.net.URL;
						import java.net.URLConnection;
						import com.inticube.xcron.logs.Logger;
						import java.net.InetAddress;
						
						try {
							String serverIp = InetAddress.getLocalHost().getHostAddress();
							//String sUrl = "http://10.48.241.41:8080/msens/cs.com.codeutil.refresh.do?cmd=refresh";
							
							String sUrl = "http://"+serverIp+":8080/msens/cs.com.codeutil.refresh.do?cmd=refresh";
							
							URL url = new URL(sUrl);
							URLConnection urlConnection = url.openConnection();
							            
							BufferedReader in = new BufferedReader(new InputStreamReader(urlConnection.getInputStream()));
							
							String inputLine = "";
										
							while ((inputLine = in.readLine()) != null) { 
								System.out.println(inputLine);
							}
							
							in.close();
						} catch(Exception e) {
							Logger.error(e.getMessage(), e);
						}
. finalize = 
. validationAction = Skip
]
[2020-01-10 14:22:50:050] DEBUG - <pool-1-thread-1>[ id = msens.xcron.hansol.sttmetawebaction
, resultName = 
, batchName = 
, dataSource = 
, parameter = 
, initialize = import java.io.BufferedReader;
						import java.io.InputStreamReader;
						import java.net.URL;
						import java.net.URLConnection;
						import com.inticube.xcron.logs.Logger;
						import java.net.InetAddress;
						
						try {
							String serverIp = InetAddress.getLocalHost().getHostAddress();
							String sUrl = "http://"+serverIp+":8080/msens/msens.xcron.hansol.sttmetawebaction.do";
							
							//String sUrl = "http://10.48.241.41:8080/msens/msens.xcron.hansol.sttmetawebaction.do";
							URL url = new URL(sUrl);
							URLConnection urlConnection = url.openConnection();
							            
							BufferedReader in = new BufferedReader(new InputStreamReader(urlConnection.getInputStream()));
							
							String inputLine = "";
										
							while ((inputLine = in.readLine()) != null) { 
								System.out.println(inputLine);
							}
							
							in.close();
						} catch(Exception e) {
							Logger.error(e.getMessage(), e);
						}
. finalize = 
. validationAction = Skip
]
[2020-01-10 14:22:50:050] DEBUG - <pool-1-thread-1>[ id = msens.xcron.hansol.sttmetawebaction2
, resultName = 
, batchName = 
, dataSource = 
, parameter = 
, initialize = import java.io.BufferedReader;
						import java.io.InputStreamReader;
						import java.net.URL;
						import java.net.URLConnection;
						import com.inticube.xcron.logs.Logger;
						import java.net.InetAddress;
						
						try {
							String serverIp = InetAddress.getLocalHost().getHostAddress();
							String sUrl = "http://"+serverIp+":8080/msens/msens.xcron.hansol.sttmetawebaction.do";
							//String sUrl = "http://10.48.241.41:8080/msens/msens.xcron.hansol.sttmetawebaction.do";
							URL url = new URL(sUrl);
							URLConnection urlConnection = url.openConnection();
							            
							BufferedReader in = new BufferedReader(new InputStreamReader(urlConnection.getInputStream()));
							
							String inputLine = "";
										
							while ((inputLine = in.readLine()) != null) { 
								System.out.println(inputLine);
							}
							
							in.close();
						} catch(Exception e) {
							Logger.error(e.getMessage(), e);
						}
. finalize = 
. validationAction = Skip
]
[2020-01-10 14:22:50:050] DEBUG - <pool-1-thread-1>[ id = msens.xcron.hansol.scriptResultWebAction
, resultName = 
, batchName = 
, dataSource = 
, parameter = 
, initialize = import java.io.BufferedReader;
						import java.io.InputStreamReader;
						import java.net.URL;
						import java.net.URLConnection;
						import com.inticube.xcron.logs.Logger;
						import java.net.InetAddress;
						
						
						try {
							String serverIp = InetAddress.getLocalHost().getHostAddress();
							String sUrl = "http://"+serverIp+":8080/msens/msens.xcron.hansol.scriptresultwebaction.do";
							//String sUrl = "http://10.48.241.41:8080/msens/msens.xcron.hansol.scriptresultwebaction.do";
							URL url = new URL(sUrl);
							URLConnection urlConnection = url.openConnection();
							            
							BufferedReader in = new BufferedReader(new InputStreamReader(urlConnection.getInputStream()));
							
							String inputLine = "";
										
							while ((inputLine = in.readLine()) != null) { 
								System.out.println(inputLine);
							}
							
							in.close();
						} catch(Exception e) {
							Logger.error(e.getMessage(), e);
						}
. finalize = 
. validationAction = Skip
]
[2020-01-10 14:22:50:050] DEBUG - <pool-1-thread-1>[ id = msens.xcron.hansol.scriptResultWebAction2
, resultName = 
, batchName = 
, dataSource = 
, parameter = 
, initialize = import java.io.BufferedReader;
						import java.io.InputStreamReader;
						import java.net.URL;
						import java.net.URLConnection;
						import com.inticube.xcron.logs.Logger;
						import java.net.InetAddress;
						
						try {
							String serverIp = InetAddress.getLocalHost().getHostAddress();
							String sUrl = "http://"+serverIp+":8080/msens/msens.xcron.hansol.scriptresultwebaction.do";
							//String sUrl = "http://10.48.241.41:8080/msens/msens.xcron.hansol.scriptresultwebaction.do";
							URL url = new URL(sUrl);
							URLConnection urlConnection = url.openConnection();
							            
							BufferedReader in = new BufferedReader(new InputStreamReader(urlConnection.getInputStream()));
							
							String inputLine = "";
										
							while ((inputLine = in.readLine()) != null) { 
								System.out.println(inputLine);
							}
							
							in.close();
						} catch(Exception e) {
							Logger.error(e.getMessage(), e);
						}
. finalize = 
. validationAction = Skip
]
[2020-01-10 14:22:50:050] DEBUG - <pool-1-thread-1>[ id = msens.xcron.hansol.searchResultWebAction
, resultName = 
, batchName = 
, dataSource = 
, parameter = 
, initialize = import java.io.BufferedReader;
						import java.io.InputStreamReader;
						import java.net.URL;
						import java.net.URLConnection;
						import com.inticube.xcron.logs.Logger;
						import java.net.InetAddress;
						
						try {
							String serverIp = InetAddress.getLocalHost().getHostAddress();
							String sUrl = "http://"+serverIp+":8080/msens/msens.xcron.hansol.searchResultWebAction.do";
							//String sUrl = "http://10.48.241.41:8080/msens/msens.xcron.hansol.searchResultWebAction.do";
							URL url = new URL(sUrl);
							URLConnection urlConnection = url.openConnection();
							            
							BufferedReader in = new BufferedReader(new InputStreamReader(urlConnection.getInputStream()));
							
							String inputLine = "";
										
							while ((inputLine = in.readLine()) != null) { 
								System.out.println(inputLine);
							}
							
							in.close();
						} catch(Exception e) {
							Logger.error(e.getMessage(), e);
						}
. finalize = 
. validationAction = Skip
]
[2020-01-10 14:22:50:050] DEBUG - <pool-1-thread-1>[ id = msens.xcron.hansol.searchResultWebAction2
, resultName = 
, batchName = 
, dataSource = 
, parameter = 
, initialize = import java.io.BufferedReader;
						import java.io.InputStreamReader;
						import java.net.URL;
						import java.net.URLConnection;
						import com.inticube.xcron.logs.Logger;
						import java.net.InetAddress;
						
						try {
							String serverIp = InetAddress.getLocalHost().getHostAddress();
							String sUrl = "http://"+serverIp+":8080/msens/msens.xcron.hansol.searchResultWebAction.do";
							//String sUrl = "http://10.48.241.41:8080/msens/msens.xcron.hansol.searchResultWebAction.do";
							URL url = new URL(sUrl);
							URLConnection urlConnection = url.openConnection();
							            
							BufferedReader in = new BufferedReader(new InputStreamReader(urlConnection.getInputStream()));
							
							String inputLine = "";
										
							while ((inputLine = in.readLine()) != null) { 
								System.out.println(inputLine);
							}
							
							in.close();
						} catch(Exception e) {
							Logger.error(e.getMessage(), e);
						}
. finalize = 
. validationAction = Skip
]
[2020-01-10 14:22:50:050] DEBUG - <pool-1-thread-1>[ id = msens.xcron.hansol.graderesultwebaction
, resultName = 
, batchName = 
, dataSource = 
, parameter = 
, initialize = import java.io.BufferedReader;
						import java.io.InputStreamReader;
						import java.net.URL;
						import java.net.URLConnection;
						import com.inticube.xcron.logs.Logger;
						import java.net.InetAddress;
						
						try {
							String serverIp = InetAddress.getLocalHost().getHostAddress();
							String sUrl = "http://"+serverIp+":8080/msens/msens.xcron.hansol.graderesultwebaction.do";
							//String sUrl = "http://10.48.241.41:8080/msens/msens.xcron.hansol.graderesultwebaction.do";
							URL url = new URL(sUrl);
							URLConnection urlConnection = url.openConnection();
							            
							BufferedReader in = new BufferedReader(new InputStreamReader(urlConnection.getInputStream()));
							
							String inputLine = "";
										
							while ((inputLine = in.readLine()) != null) { 
								System.out.println(inputLine);
							}
							
							in.close();
						} catch(Exception e) {
							Logger.error(e.getMessage(), e);
						}
. finalize = 
. validationAction = Skip
]
[2020-01-10 14:22:50:050] DEBUG - <pool-1-thread-1>[ id = msens.xcron.hansol.graderesultwebaction2
, resultName = 
, batchName = 
, dataSource = 
, parameter = 
, initialize = import java.io.BufferedReader;
						import java.io.InputStreamReader;
						import java.net.URL;
						import java.net.URLConnection;
						import com.inticube.xcron.logs.Logger;
						import java.net.InetAddress;
						
						try {
							String serverIp = InetAddress.getLocalHost().getHostAddress();
							String sUrl = "http://"+serverIp+":8080/msens/msens.xcron.hansol.graderesultwebaction.do";
							//String sUrl = "http://10.48.241.41:8080/msens/msens.xcron.hansol.graderesultwebaction.do";
							URL url = new URL(sUrl);
							URLConnection urlConnection = url.openConnection();
							            
							BufferedReader in = new BufferedReader(new InputStreamReader(urlConnection.getInputStream()));
							
							String inputLine = "";
										
							while ((inputLine = in.readLine()) != null) { 
								System.out.println(inputLine);
							}
							
							in.close();
						} catch(Exception e) {
							Logger.error(e.getMessage(), e);
						}
. finalize = 
. validationAction = Skip
]
[2020-01-10 14:22:50:050] DEBUG - <pool-1-thread-1>[ id = msens.xcron.hansol.autoAssignwebaction
, resultName = 
, batchName = 
, dataSource = 
, parameter = 
, initialize = import java.io.BufferedReader;
						import java.io.InputStreamReader;
						import java.net.URL;
						import java.net.URLConnection;
						import com.inticube.xcron.logs.Logger;
						import java.net.InetAddress;
						
						try {
							String serverIp = InetAddress.getLocalHost().getHostAddress();
							String sUrl = "http://"+serverIp+":8080/msens/msens.xcron.hansol.autoAssignwebaction.do";
							//String sUrl = "http://10.48.241.41:8080/msens/msens.xcron.hansol.autoAssignwebaction.do";
							URL url = new URL(sUrl);
							URLConnection urlConnection = url.openConnection();
							            
							BufferedReader in = new BufferedReader(new InputStreamReader(urlConnection.getInputStream()));
							
							String inputLine = "";
										
							while ((inputLine = in.readLine()) != null) { 
								System.out.println(inputLine);
							}
							
							in.close();
						} catch(Exception e) {
							Logger.error(e.getMessage(), e);
						}
. finalize = 
. validationAction = Skip
]
[2020-01-10 14:22:50:050] DEBUG - <pool-1-thread-1>[ id = msens.xcron.hansol.autoAssignwebaction2
, resultName = 
, batchName = 
, dataSource = 
, parameter = 
, initialize = import java.io.BufferedReader;
						import java.io.InputStreamReader;
						import java.net.URL;
						import java.net.URLConnection;
						import com.inticube.xcron.logs.Logger;
						import java.net.InetAddress;
						
						try {
							String serverIp = InetAddress.getLocalHost().getHostAddress();
							String sUrl = "http://"+serverIp+":8080/msens/msens.xcron.hansol.autoAssignwebaction.do";
							//String sUrl = "http://10.48.241.41:8080/msens/msens.xcron.hansol.autoAssignwebaction.do";
							URL url = new URL(sUrl);
							URLConnection urlConnection = url.openConnection();
							            
							BufferedReader in = new BufferedReader(new InputStreamReader(urlConnection.getInputStream()));
							
							String inputLine = "";
										
							while ((inputLine = in.readLine()) != null) { 
								System.out.println(inputLine);
							}
							
							in.close();
						} catch(Exception e) {
							Logger.error(e.getMessage(), e);
						}
. finalize = 
. validationAction = Skip
]
[2020-01-10 14:22:50:050] DEBUG - <pool-1-thread-1>[ id = msens.xcron.hansol.dashboardcachecall
, resultName = 
, batchName = 
, dataSource = 
, parameter = 
, initialize = import java.io.BufferedReader;
						import java.io.InputStreamReader;
						import java.net.URL;
						import java.net.URLConnection;
						import com.inticube.xcron.logs.Logger;
						import java.net.InetAddress;
						
						try {
							String serverIp = InetAddress.getLocalHost().getHostAddress();
							String sUrl = "http://"+serverIp+":8080/msens/msens.xcron.hansol.dashboardcachecall.do";
							//String sUrl = "http://10.48.241.41:8080/msens/msens.xcron.hansol.dashboardcachecall.do";
							URL url = new URL(sUrl);
							URLConnection urlConnection = url.openConnection();
							            
							BufferedReader in = new BufferedReader(new InputStreamReader(urlConnection.getInputStream()));
							
							String inputLine = "";
										
							while ((inputLine = in.readLine()) != null) { 
								System.out.println(inputLine);
							}
							
							in.close();
						} catch(Exception e) {
							Logger.error(e.getMessage(), e);
						}
. finalize = 
. validationAction = Skip
]
[2020-01-10 14:22:50:050] DEBUG - <pool-1-thread-1>[ id = msens.xcron.hansol.qstmngWebaction
, resultName = 
, batchName = 
, dataSource = 
, parameter = 
, initialize = import java.io.BufferedReader;
						import java.io.InputStreamReader;
						import java.net.URL;
						import java.net.URLConnection;
						import com.inticube.xcron.logs.Logger;
						import java.net.InetAddress;
						
						try {
							String serverIp = InetAddress.getLocalHost().getHostAddress();
							String sUrl = "http://"+serverIp+":8080/msens/msens.xcron.hansol.qstMngWebaction.do";
							//String sUrl = "http://10.48.241.41:8080/msens/msens.xcron.hansol.qstMngWebaction.do";
							
							String from_date = params.getValue("#PARAM").getString("from_date");
							String to_date = params.getValue("#PARAM").getString("to_date");
							//if(from_date.equals("")) from_date = "";
							//파라미터 안보내면 어제꺼 작업함.
							sUrl += "?from_date=" + from_date + "&to_date=" + to_date;
							
							URL url = new URL(sUrl);
							URLConnection urlConnection = url.openConnection();
							            
							BufferedReader in = new BufferedReader(new InputStreamReader(urlConnection.getInputStream()));
							
							String inputLine = "";
										
							while ((inputLine = in.readLine()) != null) { 
								System.out.println(inputLine);
							}
							
							in.close();
						} catch(Exception e) {
							Logger.error(e.getMessage(), e);
						}
. finalize = 
. validationAction = Skip
]
[2020-01-10 14:22:50:050] DEBUG - <pool-1-thread-1>[ id = msens.xcron.hansol.VRSParserWebaction
, resultName = 
, batchName = 
, dataSource = 
, parameter = 
, initialize = import java.io.BufferedReader;
						import java.io.InputStreamReader;
						import java.net.URL;
						import java.net.URLConnection;
						import com.inticube.xcron.logs.Logger;
						import java.net.InetAddress;
						
						try {
							String serverIp = InetAddress.getLocalHost().getHostAddress();
							String sUrl = "http://"+serverIp+":8080/msens/msens.xcron.hansol.VRSParserWebAction.do";
							//String sUrl = "http://10.48.241.41:8080/msens/msens.xcron.hansol.VRSParserWebAction.do";
								
							String from_date = params.getValue("#PARAM").getString("from_date");
							String to_date = params.getValue("#PARAM").getString("to_date");
							sUrl += "?from_date=" + from_date + "&to_date=" + to_date;
	
							URL url = new URL(sUrl);
							URLConnection urlConnection = url.openConnection();
							            
							BufferedReader in = new BufferedReader(new InputStreamReader(urlConnection.getInputStream()));
							
							String inputLine = "";
										
							while ((inputLine = in.readLine()) != null) { 
								System.out.println(inputLine);
							}
							
							in.close();
						} catch(Exception e) {
							Logger.error(e.getMessage(), e);
						}
. finalize = 
. validationAction = Skip
]
[2020-01-10 14:22:50:050] DEBUG - <pool-1-thread-1>[ id = msens.xcron.hansol.alarmmonitoringcachecall
, resultName = 
, batchName = 
, dataSource = 
, parameter = 
, initialize = import java.io.BufferedReader;
						import java.io.InputStreamReader;
						import java.net.URL;
						import java.net.URLConnection;
						import com.inticube.xcron.logs.Logger;
						import java.net.InetAddress;
						
						try {
							String serverIp = InetAddress.getLocalHost().getHostAddress();
							String sUrl = "http://"+serverIp+":8080/msens/msens.xcron.hansol.alarmmonitoringcachecall.do";
							//String sUrl = "http://10.48.241.41:8080/msens/msens.xcron.hansol.alarmmonitoringcachecall.do";
							URL url = new URL(sUrl);
							URLConnection urlConnection = url.openConnection();
							            
							BufferedReader in = new BufferedReader(new InputStreamReader(urlConnection.getInputStream()));
							
							String inputLine = "";
										
							while ((inputLine = in.readLine()) != null) { 
								System.out.println(inputLine);
							}
							
							in.close();
						} catch(Exception e) {
							Logger.error(e.getMessage(), e);
						}
. finalize = 
. validationAction = Skip
]
[2020-01-10 14:22:50:050] DEBUG - <pool-1-thread-1>[ id = msens.xcron.hansol.systeminfocachecall
, resultName = 
, batchName = 
, dataSource = 
, parameter = 
, initialize = import java.io.BufferedReader;
						import java.io.InputStreamReader;
						import java.net.URL;
						import java.net.URLConnection;
						import com.inticube.xcron.logs.Logger;
						import java.net.InetAddress;
						
						try {
							String serverIp = InetAddress.getLocalHost().getHostAddress();
							String sUrl = "http://"+serverIp+":8080/msens/msens.xcron.hansol.systeminfocachecall.do";
							//String sUrl = "http://10.48.241.41:8080/msens/msens.xcron.hansol.systeminfocachecall.do";
							URL url = new URL(sUrl);
							URLConnection urlConnection = url.openConnection();
							            
							BufferedReader in = new BufferedReader(new InputStreamReader(urlConnection.getInputStream()));
							
							String inputLine = "";
										
							while ((inputLine = in.readLine()) != null) { 
								System.out.println(inputLine);
							}
							
							in.close();
						} catch(Exception e) {
							Logger.error(e.getMessage(), e);
						}
. finalize = 
. validationAction = Skip
]
[2020-01-10 14:22:50:050] DEBUG - <pool-1-thread-1>[ id = msens.xcron.hansol.getRealtimewebaction
, resultName = 
, batchName = 
, dataSource = 
, parameter = 
, initialize = import java.io.BufferedReader;
						import java.io.InputStreamReader;
						import java.net.URL;
						import java.net.URLConnection;
						import com.inticube.xcron.logs.Logger;
						import java.net.InetAddress;
						
						try {
							String serverIp = InetAddress.getLocalHost().getHostAddress();
							String sUrl = "http://"+serverIp+":8080/msens/msens.xcron.hansol.getRealtimewebaction.do";
							//String sUrl = "http://10.48.241.41:8080/msens/msens.xcron.hansol.getRealtimewebaction.do";
							URL url = new URL(sUrl);
							URLConnection urlConnection = url.openConnection();
							            
							BufferedReader in = new BufferedReader(new InputStreamReader(urlConnection.getInputStream()));
							
							String inputLine = "";
										
							while ((inputLine = in.readLine()) != null) { 
								System.out.println(inputLine);
							}
							
							in.close();
						} catch(Exception e) {
							Logger.error(e.getMessage(), e);
						}
. finalize = 
. validationAction = Skip
]
[2020-01-10 14:22:50:050] DEBUG - <pool-1-thread-1>[ id = msens.xcron.hansol.getRealtimewebaction2
, resultName = 
, batchName = 
, dataSource = 
, parameter = 
, initialize = import java.io.BufferedReader;
						import java.io.InputStreamReader;
						import java.net.URL;
						import java.net.URLConnection;
						import com.inticube.xcron.logs.Logger;
						import java.net.InetAddress;
						
						try {
							String serverIp = InetAddress.getLocalHost().getHostAddress();
							String sUrl = "http://"+serverIp+":8080/msens/msens.xcron.hansol.getRealtimewebaction.do";
							//String sUrl = "http://10.48.241.41:8080/msens/msens.xcron.hansol.getRealtimewebaction.do";
							URL url = new URL(sUrl);
							URLConnection urlConnection = url.openConnection();
							            
							BufferedReader in = new BufferedReader(new InputStreamReader(urlConnection.getInputStream()));
							
							String inputLine = "";
										
							while ((inputLine = in.readLine()) != null) { 
								System.out.println(inputLine);
							}
							
							in.close();
						} catch(Exception e) {
							Logger.error(e.getMessage(), e);
						}
. finalize = 
. validationAction = Skip
]
[2020-01-10 14:22:50:050] DEBUG - <pool-1-thread-1>[ id = msens.xcron.hansol.sttEncryptWebaction
, resultName = 
, batchName = 
, dataSource = 
, parameter = 
, initialize = import java.io.BufferedReader;
						import java.io.InputStreamReader;
						import java.net.URL;
						import java.net.URLConnection;
						import com.inticube.xcron.logs.Logger;
						import java.net.InetAddress;
						
						try {
							String serverIp = InetAddress.getLocalHost().getHostAddress();
							String sUrl = "http://"+serverIp+":8080/msens/msens.xcron.hansol.sttEncryptWebaction.do";
							//String sUrl = "http://10.48.241.41:8080/msens/msens.xcron.hansol.sttEncryptWebaction.do";
							URL url = new URL(sUrl);
							URLConnection urlConnection = url.openConnection();
							            
							BufferedReader in = new BufferedReader(new InputStreamReader(urlConnection.getInputStream()));
							
							String inputLine = "";
										
							while ((inputLine = in.readLine()) != null) { 
								System.out.println(inputLine);
							}
							
							in.close();
						} catch(Exception e) {
							Logger.error(e.getMessage(), e);
						}
. finalize = 
. validationAction = Skip
]
[2020-01-10 14:22:50:050] DEBUG - <pool-1-thread-1>[ id = msens.xcron.hansol.sttContentSplitWebaction
, resultName = 
, batchName = 
, dataSource = 
, parameter = 
, initialize = import java.io.BufferedReader;
						import java.io.InputStreamReader;
						import java.net.URL;
						import java.net.URLConnection;
						import com.inticube.xcron.logs.Logger;
						import java.net.InetAddress;
						
						try {
							String serverIp = InetAddress.getLocalHost().getHostAddress();
							String sUrl = "http://"+serverIp+":8080/msens/msens.xcron.hansol.sttContentSplitWebaction.do";
							//String sUrl = "http://10.48.241.41:8080/msens/msens.xcron.hansol.sttContentSplitWebaction.do";
							URL url = new URL(sUrl);
							URLConnection urlConnection = url.openConnection();
							            
							BufferedReader in = new BufferedReader(new InputStreamReader(urlConnection.getInputStream()));
							
							String inputLine = "";
										
							while ((inputLine = in.readLine()) != null) { 
								System.out.println(inputLine);
							}
							
							in.close();
						} catch(Exception e) {
							Logger.error(e.getMessage(), e);
						}
. finalize = 
. validationAction = Skip
]
[2020-01-10 14:22:50:050] DEBUG - <pool-1-thread-1>[ id = msens.xcron.hansol.sttContentSplitWebaction2
, resultName = 
, batchName = 
, dataSource = 
, parameter = 
, initialize = import java.io.BufferedReader;
						import java.io.InputStreamReader;
						import java.net.URL;
						import java.net.URLConnection;
						import com.inticube.xcron.logs.Logger;
						import java.net.InetAddress;
						
						try {
							String serverIp = InetAddress.getLocalHost().getHostAddress();
							String sUrl = "http://"+serverIp+":8080/msens/msens.xcron.hansol.sttContentSplitWebaction.do";
							//String sUrl = "http://10.48.241.41:8080/msens/msens.xcron.hansol.sttContentSplitWebaction.do";
							URL url = new URL(sUrl);
							URLConnection urlConnection = url.openConnection();
							            
							BufferedReader in = new BufferedReader(new InputStreamReader(urlConnection.getInputStream()));
							
							String inputLine = "";
										
							while ((inputLine = in.readLine()) != null) { 
								System.out.println(inputLine);
							}
							
							in.close();
						} catch(Exception e) {
							Logger.error(e.getMessage(), e);
						}
. finalize = 
. validationAction = Skip
]
[2020-01-10 14:22:50:050] DEBUG - <pool-1-thread-1>[ id = msens.xcron.hansol.sttBulkWebAction
, resultName = 
, batchName = 
, dataSource = 
, parameter = 
, initialize = import java.io.BufferedReader;
						import java.io.InputStreamReader;
						import java.net.URL;
						import java.net.URLConnection;
						import com.inticube.xcron.logs.Logger;
						import java.net.InetAddress;
						
						try {
							String serverIp = InetAddress.getLocalHost().getHostAddress();
							String sUrl = "http://"+serverIp+":8080/msens/msens.xcron.hansol.sttBulkWebAction.do";
							//String sUrl = "http://10.48.241.41:8080/msens/msens.xcron.hansol.sttBulkWebAction.do";
														
							String from_date = params.getValue("#PARAM").getString("from_date");
							String to_date = params.getValue("#PARAM").getString("to_date");
							
							sUrl += "?from_date=" + from_date + "&to_date=" + to_date;
	
							URL url = new URL(sUrl);
							URLConnection urlConnection = url.openConnection();
							            
							BufferedReader in = new BufferedReader(new InputStreamReader(urlConnection.getInputStream()));
							
							String inputLine = "";
										
							while ((inputLine = in.readLine()) != null) { 
								System.out.println(inputLine);
							}
							
							in.close();
						} catch(Exception e) {
							Logger.error(e.getMessage(), e);
						}
. finalize = 
. validationAction = Skip
]
[2020-01-10 14:22:50:050] DEBUG - <pool-1-thread-1>[ id = msens.xcron.hansol.qstmngbulkWebaction
, resultName = 
, batchName = 
, dataSource = 
, parameter = 
, initialize = import java.io.BufferedReader;
						import java.io.InputStreamReader;
						import java.net.URL;
						import java.net.URLConnection;
						import com.inticube.xcron.logs.Logger;
						import java.net.InetAddress;
						
						try {
							String serverIp = InetAddress.getLocalHost().getHostAddress();
							String sUrl = "http://"+serverIp+":8080/msens/msens.xcron.hansol.autoDownload.do";
							//String sUrl = "http://10.48.241.41:8080/msens/"msens.xcron.hansol.autoDownload.do";
								
							URL url = new URL(sUrl);
							URLConnection urlConnection = url.openConnection();
							            
							BufferedReader in = new BufferedReader(new InputStreamReader(urlConnection.getInputStream()));
							
							String inputLine = "";
										
							while ((inputLine = in.readLine()) != null) { 
								System.out.println(inputLine);
							}
							
							in.close();
						} catch(Exception e) {
							Logger.error(e.getMessage(), e);
						}
. finalize = 
. validationAction = Skip
]
[2020-01-10 14:22:50:050] DEBUG - <pool-1-thread-1>[ id = msens.xcron.hansol.autoDownload
, resultName = 
, batchName = 
, dataSource = 
, parameter = 
, initialize = import java.io.BufferedReader;
						import java.io.InputStreamReader;
						import java.net.URL;
						import java.net.URLConnection;
						import com.inticube.xcron.logs.Logger;
						import java.net.InetAddress;
						
						try {
							String serverIp = InetAddress.getLocalHost().getHostAddress();
							String sUrl = "http://"+serverIp+":8080/msens/msens.xcron.hansol.autoDownload.do";
							//String sUrl = "http://10.48.241.41:8080/msens/"msens.xcron.hansol.autoDownload.do";
														
							URL url = new URL(sUrl);
							URLConnection urlConnection = url.openConnection();
							            
							BufferedReader in = new BufferedReader(new InputStreamReader(urlConnection.getInputStream()));
							
							String inputLine = "";
										
							while ((inputLine = in.readLine()) != null) { 
								System.out.println(inputLine);
							}
							
							in.close();
						} catch(Exception e) {
							Logger.error(e.getMessage(), e);
						}
. finalize = 
. validationAction = Skip
]
[2020-01-10 14:22:50:050] DEBUG - <pool-1-thread-1>[ id = msens.xcron.hansol.mrLsListWebAction
, resultName = 
, batchName = 
, dataSource = 
, parameter = 
, initialize = import java.io.BufferedReader;
						import java.io.InputStreamReader;
						import java.net.URL;
						import java.net.URLConnection;
						import com.inticube.xcron.logs.Logger;
						import java.net.InetAddress;
						
						try {
							String serverIp = InetAddress.getLocalHost().getHostAddress();
							String sUrl = "http://"+serverIp+":8080/msens/msens.xcron.hansol.mrLsListWebAction.do";
							//String sUrl = "http://10.48.241.41:8080/msens/"msens.xcron.hansol.mrLsListWebAction.do";
							URL url = new URL(sUrl);
							URLConnection urlConnection = url.openConnection();
							            
							BufferedReader in = new BufferedReader(new InputStreamReader(urlConnection.getInputStream()));
							
							String inputLine = "";
										
							while ((inputLine = in.readLine()) != null) { 
								System.out.println(inputLine);
							}
							
							in.close();
						} catch(Exception e) {
							Logger.error(e.getMessage(), e);
						}
. finalize = 
. validationAction = Skip
]
[2020-01-10 14:22:50:050] DEBUG - <pool-1-thread-1>[ id = db.tm.tb_pre_est_history.select
, resultName = TB_PRE_EST_ALLOCATE_HISTORY
, batchName = 
, dataSource = tmdatasource
, parameter = 
, initialize = 
. finalize = 
. validationAction = Skip
]
[2020-01-10 14:22:50:050] DEBUG - <pool-1-thread-1>[ id = db.msens.tm.tb_pre_est_history.insert
, resultName = 
, batchName = TB_PRE_EST_ALLOCATE_HISTORY
, dataSource = msensdatasource
, parameter = 
, initialize = 
. finalize = 
. validationAction = Skip
]
[2020-01-10 14:22:50:050] DEBUG - <pool-1-thread-1>[ id = db.tm.ms_bef_est_score.select
, resultName = MS_BEF_EST_SCORE
, batchName = 
, dataSource = tmdatasource
, parameter = 
, initialize = 
. finalize = 
. validationAction = Skip
]
[2020-01-10 14:22:50:050] DEBUG - <pool-1-thread-1>[ id = db.msens.ms_bef_est_score.insert
, resultName = 
, batchName = MS_BEF_EST_SCORE
, dataSource = msensdatasource
, parameter = 
, initialize = 
. finalize = 
. validationAction = Skip
]
[2020-01-10 14:22:50:050] DEBUG - <pool-1-thread-1>[ id = log.insertservicelog
, resultName = 
, batchName = _Log
, dataSource = msensdatasource
, parameter = 
, initialize = 
. finalize = 
. validationAction = Skip
]
[2020-01-10 14:22:50:050] DEBUG - <pool-1-thread-1>[ id = db.tm.tb_group_info.select
, resultName = TM_GROUP_INGO
, batchName = 
, dataSource = tmdatasource
, parameter = #param
, initialize = 
. finalize = 
. validationAction = Skip
]
[2020-01-10 14:22:50:050] DEBUG - <pool-1-thread-1>[ id = db.msens.ms_dept.insert
, resultName = 
, batchName = TM_GROUP_INGO
, dataSource = msensdatasource
, parameter = 
, initialize = 
. finalize = 
. validationAction = Skip
]
[2020-01-10 14:22:50:050] DEBUG - <pool-1-thread-1>[ id = db.tm.tb_codebook_SYS057.select
, resultName = TB_CODEBOOK
, batchName = 
, dataSource = tmdatasource
, parameter = 
, initialize = 
. finalize = 
. validationAction = Skip
]
[2020-01-10 14:22:50:050] DEBUG - <pool-1-thread-1>[ id = db.msens.ms_codebook_SYS002.insert
, resultName = 
, batchName = TB_CODEBOOK
, dataSource = msensdatasource
, parameter = 
, initialize = 
. finalize = 
. validationAction = Skip
]
[2020-01-10 14:22:50:050] DEBUG - <pool-1-thread-1>[ id = db.tm.tb_user.select
, resultName = TB_USER
, batchName = 
, dataSource = tmdatasource
, parameter = #param
, initialize = 
. finalize = 
. validationAction = Skip
]
[2020-01-10 14:22:50:050] DEBUG - <pool-1-thread-1>[ id = db.msens.ms_usermaster_batch.insert
, resultName = 
, batchName = TB_USER
, dataSource = msensdatasource
, parameter = 
, initialize = 
. finalize = 
. validationAction = Skip
]
[2020-01-10 14:22:50:050] DEBUG - <pool-1-thread-1>[ id = db.tm.tb_codebook_SYS999_SYS001.select
, resultName = TB_CODEBOOK
, batchName = 
, dataSource = tmdatasource
, parameter = 
, initialize = 
. finalize = 
. validationAction = Skip
]
[2020-01-10 14:22:50:050] DEBUG - <pool-1-thread-1>[ id = db.msens.ms_codebook_SYS001_SYS011.insert
, resultName = 
, batchName = TB_CODEBOOK
, dataSource = msensdatasource
, parameter = 
, initialize = 
. finalize = 
. validationAction = Skip
]
[2020-01-10 14:22:50:050] DEBUG - <pool-1-thread-1>[ id = db.tm.tb_user_workmonth.select
, resultName = TB_USER
, batchName = 
, dataSource = tmdatasource
, parameter = 
, initialize = 
. finalize = 
. validationAction = Skip
]
[2020-01-10 14:22:50:050] DEBUG - <pool-1-thread-1>[ id = db.msens.ms_usermaster_workmonth.update
, resultName = 
, batchName = TB_USER
, dataSource = msensdatasource
, parameter = 
, initialize = 
. finalize = 
. validationAction = Skip
]
[2020-01-10 14:22:50:050] DEBUG - <pool-1-thread-1>[ id = db.tm.tb_pre_est_allocate_mng.select
, resultName = TB_PRE_EST_ALLOCATE_MNG
, batchName = 
, dataSource = tmdatasource
, parameter = #param
, initialize = 
. finalize = 
. validationAction = Skip
]
[2020-01-10 14:22:50:050] DEBUG - <pool-1-thread-1>[ id = db.msens.tb_pre_est_allocate_mng.insert
, resultName = 
, batchName = TB_PRE_EST_ALLOCATE_MNG
, dataSource = msensdatasource
, parameter = 
, initialize = 
. finalize = 
. validationAction = Skip
]
[2020-01-10 14:22:50:050] DEBUG - <pool-1-thread-1>[ id = db.tm.tb_sc_code_mng.select
, resultName = TB_SC_CODE_MNG
, batchName = 
, dataSource = tmdatasource
, parameter = 
, initialize = 
. finalize = 
. validationAction = Skip
]
[2020-01-10 14:22:50:050] DEBUG - <pool-1-thread-1>[ id = db.msens.tb_sc_code_mng.insert
, resultName = 
, batchName = TB_SC_CODE_MNG
, dataSource = msensdatasource
, parameter = 
, initialize = 
. finalize = 
. validationAction = Skip
]
[2020-01-10 14:22:50:050] DEBUG - <pool-1-thread-1>[ id = db.tm.tb_sc_mng.select
, resultName = TB_SC_MNG
, batchName = 
, dataSource = tmdatasource
, parameter = 
, initialize = 
. finalize = 
. validationAction = Skip
]
[2020-01-10 14:22:50:050] DEBUG - <pool-1-thread-1>[ id = db.msens.tb_sc_mng.insert
, resultName = 
, batchName = TB_SC_MNG
, dataSource = msensdatasource
, parameter = 
, initialize = 
. finalize = 
. validationAction = Skip
]
[2020-01-10 14:22:50:050] DEBUG - <pool-1-thread-1>[ id = db.tm.tb_codebook_SYS119.select
, resultName = TB_CODEBOOK
, batchName = 
, dataSource = tmdatasource
, parameter = 
, initialize = 
. finalize = 
. validationAction = Skip
]
[2020-01-10 14:22:50:050] DEBUG - <pool-1-thread-1>[ id = db.msens.ms_codebook_SYS105.insert
, resultName = 
, batchName = TB_CODEBOOK
, dataSource = msensdatasource
, parameter = 
, initialize = 
. finalize = 
. validationAction = Skip
]
[2020-01-10 14:22:50:050] DEBUG - <pool-1-thread-1>[ id = db.msens.tb_qst_kind_mng.delete
, resultName = 
, batchName = 
, dataSource = msensdatasource
, parameter = 
, initialize = 
. finalize = 
. validationAction = Skip
]
[2020-01-10 14:22:50:050] DEBUG - <pool-1-thread-1>[ id = db.tm.tb_qst_kind_mng.select
, resultName = TB_QST_KIND_MNG
, batchName = 
, dataSource = tmdatasource
, parameter = 
, initialize = 
. finalize = 
. validationAction = Skip
]
[2020-01-10 14:22:50:050] DEBUG - <pool-1-thread-1>[ id = db.msens.tb_qst_kind_mng.insert
, resultName = 
, batchName = TB_QST_KIND_MNG
, dataSource = msensdatasource
, parameter = 
, initialize = 
. finalize = 
. validationAction = Skip
]
[2020-01-10 14:22:50:050] DEBUG - <pool-1-thread-1>[ id = db.tm.tbia101.select
, resultName = TBIA101
, batchName = 
, dataSource = tmdatasource
, parameter = 
, initialize = 
. finalize = 
. validationAction = Skip
]
[2020-01-10 14:22:50:050] DEBUG - <pool-1-thread-1>[ id = db.msens.ms_product.insert
, resultName = 
, batchName = TBIA101
, dataSource = msensdatasource
, parameter = 
, initialize = 
. finalize = 
. validationAction = Skip
]
[2020-01-10 14:22:50:050] DEBUG - <pool-1-thread-1>[ id = db.tm.tbia102.select
, resultName = TAIA102
, batchName = 
, dataSource = tmdatasource
, parameter = 
, initialize = 
. finalize = 
. validationAction = Skip
]
[2020-01-10 14:22:50:050] DEBUG - <pool-1-thread-1>[ id = db.msens.ms_dmbo.insert
, resultName = 
, batchName = TAIA102
, dataSource = msensdatasource
, parameter = 
, initialize = 
. finalize = 
. validationAction = Skip
]
[2020-01-10 14:22:50:050] DEBUG - <pool-1-thread-1>[ id = db.tm.tb_sc_qst_mng.select
, resultName = TB_SC_QST_MNG
, batchName = 
, dataSource = tmdatasource
, parameter = 
, initialize = 
. finalize = 
. validationAction = Skip
]
[2020-01-10 14:22:50:050] DEBUG - <pool-1-thread-1>[ id = db.msens.tb_sc_qst_mng.insert
, resultName = 
, batchName = TB_SC_QST_MNG
, dataSource = msensdatasource
, parameter = 
, initialize = 
. finalize = 
. validationAction = Skip
]
[2020-01-10 14:22:50:050] DEBUG - <pool-1-thread-1>[ id = db.tm.tb_holiday.select
, resultName = TB_HOLIDAY
, batchName = 
, dataSource = tmdatasource
, parameter = #param
, initialize = 
. finalize = 
. validationAction = Skip
]
[2020-01-10 14:22:50:050] DEBUG - <pool-1-thread-1>[ id = db.msens.ms_holiday_info.insert
, resultName = 
, batchName = TB_HOLIDAY
, dataSource = msensdatasource
, parameter = 
, initialize = 
. finalize = 
. validationAction = Skip
]
[2020-01-10 14:22:50:050] DEBUG - <pool-1-thread-1>[ id = db.msens.ms_stt_meta_flages.update
, resultName = 
, batchName = 
, dataSource = msensdatasource
, parameter = #param
, initialize = 
. finalize = 
. validationAction = Skip
]
[2020-01-10 14:22:50:050] DEBUG - <pool-1-thread-1>[ id = db.tm.tb_insu_plan_mast.ass_user.select
, resultName = TB_INSU_PLAN_MAST
, batchName = 
, dataSource = tmdatasource
, parameter = #param
, initialize = 
. finalize = 
. validationAction = Skip
]
[2020-01-10 14:22:50:050] DEBUG - <pool-1-thread-1>[ id = db.msens.ms_stt_meta.ass_user.update
, resultName = 
, batchName = TB_INSU_PLAN_MAST
, dataSource = msensdatasource
, parameter = 
, initialize = 
. finalize = 
. validationAction = Skip
]
[2020-01-10 14:22:50:050] DEBUG - <pool-1-thread-1>[ id = db.msens.ms_stt_meta.cur_con_ent_dgn_no.select
, resultName = MS_STT_META
, batchName = 
, dataSource = msensdatasource
, parameter = #param
, initialize = 
. finalize = 
. validationAction = Skip
]
[2020-01-10 14:22:50:050] DEBUG - <pool-1-thread-1>[ id = db.tm.tb_pre_est_history.est_info.select
, resultName = TB_PRE_EST_HISTORY
, batchName = MS_STT_META
, dataSource = tmdatasource
, parameter = 
, initialize = 
. finalize = 
. validationAction = Skip
]
[2020-01-10 14:22:50:050] DEBUG - <pool-1-thread-1>[ id = db.msens.ms_pre_est_info.est_info.insert
, resultName = 
, batchName = TB_PRE_EST_HISTORY
, dataSource = msensdatasource
, parameter = 
, initialize = 
. finalize = 
. validationAction = Skip
]
[2020-01-10 14:22:50:050] DEBUG - <pool-1-thread-1>[ id = db.msens.ms_qc_work_stat.endtime.update
, resultName = 
, batchName = 
, dataSource = msensdatasource
, parameter = #param
, initialize = 
. finalize = 
. validationAction = Skip
]
[2020-01-10 14:22:50:050] DEBUG - <pool-1-thread-1>[ id = db.msens.ms_ins_timestamp.endtime.update
, resultName = 
, batchName = 
, dataSource = msensdatasource
, parameter = #param
, initialize = 
. finalize = 
. validationAction = Skip
]
[2020-01-10 14:22:50:050] DEBUG - <pool-1-thread-1>[ id = db.msens.ms_qc_work_stat.sum.select
, resultName = MS_QC_WORK_SUM
, batchName = 
, dataSource = msensdatasource
, parameter = #param
, initialize = 
. finalize = 
. validationAction = Skip
]
[2020-01-10 14:22:50:050] DEBUG - <pool-1-thread-1>[ id = db.msens.ms_qc_work_sum.sum.insert
, resultName = 
, batchName = MS_QC_WORK_SUM
, dataSource = msensdatasource
, parameter = 
, initialize = 
. finalize = 
. validationAction = Skip
]
[2020-01-10 14:22:50:050] DEBUG - <pool-1-thread-1>[ id = db.msens.ms_qc_work_stat.delete
, resultName = 
, batchName = 
, dataSource = msensdatasource
, parameter = #param
, initialize = 
. finalize = 
. validationAction = Skip
]
[2020-01-10 14:22:50:050] DEBUG - <pool-1-thread-1>[ id = db.msens.ms_ins_timestamp.sum.select
, resultName = MS_INS_TIMESTAMP
, batchName = 
, dataSource = msensdatasource
, parameter = #param
, initialize = 
. finalize = 
. validationAction = Skip
]
[2020-01-10 14:22:50:050] DEBUG - <pool-1-thread-1>[ id = db.msens.ms_ins_timestamp_sum.sum.insert
, resultName = 
, batchName = MS_INS_TIMESTAMP
, dataSource = msensdatasource
, parameter = 
, initialize = 
. finalize = 
. validationAction = Skip
]
[2020-01-10 14:22:50:050] DEBUG - <pool-1-thread-1>[ id = db.msens.ms_ins_timestamp.delete
, resultName = 
, batchName = 
, dataSource = msensdatasource
, parameter = #param
, initialize = 
. finalize = 
. validationAction = Skip
]
[2020-01-10 14:22:50:050] DEBUG - <pool-1-thread-1>[ id = db.msens.ms_xcron_file_log.delete.term
, resultName = 
, batchName = 
, dataSource = msensdatasource
, parameter = 
, initialize = 
. finalize = 
. validationAction = Skip
]
[2020-01-10 14:22:50:050] DEBUG - <pool-1-thread-1>[ id = db.msens.ms_xcron_service_log.delete.term
, resultName = 
, batchName = 
, dataSource = msensdatasource
, parameter = 
, initialize = 
. finalize = 
. validationAction = Skip
]
[2020-01-10 14:22:50:050] DEBUG - <pool-1-thread-1>[ id = db.msens.ms_login_log.delete.term
, resultName = 
, batchName = 
, dataSource = msensdatasource
, parameter = 
, initialize = 
. finalize = 
. validationAction = Skip
]
[2020-01-10 14:22:50:050] DEBUG - <pool-1-thread-1>[ id = db.msens.ms_player_log.delete.term
, resultName = 
, batchName = 
, dataSource = msensdatasource
, parameter = 
, initialize = 
. finalize = 
. validationAction = Skip
]
[2020-01-10 14:22:50:050] DEBUG - <pool-1-thread-1>[ id = db.msens.ms_stt_rslt.delete.term
, resultName = 
, batchName = 
, dataSource = msensdatasource
, parameter = 
, initialize = 
. finalize = 
. validationAction = Skip
]
[2020-01-10 14:22:50:050] DEBUG - <pool-1-thread-1>[ id = msens.xcron.hansol.wavfile.delete.action
, resultName = 
, batchName = 
, dataSource = 
, parameter = 
, initialize = import com.inticube.xcron.logs.Logger;
						
						try {
						
							String command = "/sw/msens/MSENS_OB/webapps/temp/file_delete.sh";
							
							Runtime runtime = Runtime.getRuntime();
							Process process = runtime.exec(command);
							
						} catch(Exception e) {
							Logger.error(e.getMessage(), e);
						}
. finalize = 
. validationAction = Skip
]
[2020-01-10 14:22:50:050] DEBUG - <pool-1-thread-1>[ id = msens.xcron.hansol.log.delete.action
, resultName = 
, batchName = 
, dataSource = 
, parameter = 
, initialize = import com.inticube.xcron.logs.Logger;
						
						try {
						
							String command = "/sw/msens/MSENS_OB/webapps/temp/log_delete.sh";
							
							Runtime runtime = Runtime.getRuntime();
							Process process = runtime.exec(command);
							
						} catch(Exception e) {
							Logger.error(e.getMessage(), e);
						}
. finalize = 
. validationAction = Skip
]
[2020-01-10 14:22:50:050] DEBUG - <pool-1-thread-1>[ id = db.msens.ms_value.delete.term
, resultName = 
, batchName = 
, dataSource = snmpdatasource
, parameter = #param
, initialize = 
. finalize = 
. validationAction = Skip
]
[2020-01-10 14:22:50:050] DEBUG - <pool-1-thread-1>[ id = db.msens.ms_value_min.delete.term
, resultName = 
, batchName = 
, dataSource = snmpdatasource
, parameter = #param
, initialize = 
. finalize = 
. validationAction = Skip
]
[2020-01-10 14:22:50:050] DEBUG - <pool-1-thread-1>[ id = db.msens.ms_value_usage.delete.term
, resultName = 
, batchName = 
, dataSource = snmpdatasource
, parameter = #param
, initialize = 
. finalize = 
. validationAction = Skip
]
[2020-01-10 14:22:50:050] DEBUG - <pool-1-thread-1>[ id = db.msens.ms_value_usage_et.delete.term
, resultName = 
, batchName = 
, dataSource = snmpdatasource
, parameter = #param
, initialize = 
. finalize = 
. validationAction = Skip
]
[2020-01-10 14:22:50:050] DEBUG - <pool-1-thread-1>[ id = db.uat.msens.tb_sc_code_mng.utp.select
, resultName = TB_SC_CODE_MNG
, batchName = 
, dataSource = muatdatasource
, parameter = 
, initialize = 
. finalize = 
. validationAction = Skip
]
[2020-01-10 14:22:50:050] DEBUG - <pool-1-thread-1>[ id = db.msens.tb_sc_code_mng.utp.insert
, resultName = 
, batchName = TB_SC_CODE_MNG
, dataSource = mproddatasource
, parameter = 
, initialize = 
. finalize = 
. validationAction = Skip
]
[2020-01-10 14:22:50:050] DEBUG - <pool-1-thread-1>[ id = db.uat.msens.tb_sc_mng.utp.select
, resultName = TB_SC_MNG
, batchName = 
, dataSource = muatdatasource
, parameter = 
, initialize = 
. finalize = 
. validationAction = Skip
]
[2020-01-10 14:22:50:050] DEBUG - <pool-1-thread-1>[ id = db.msens.tb_sc_mng.utp.insert
, resultName = 
, batchName = TB_SC_MNG
, dataSource = mproddatasource
, parameter = 
, initialize = 
. finalize = 
. validationAction = Skip
]
[2020-01-10 14:22:50:050] DEBUG - <pool-1-thread-1>[ id = db.uat.msens.tb_codebook_SYS119.utp.select
, resultName = TB_CODEBOOK
, batchName = 
, dataSource = muatdatasource
, parameter = 
, initialize = 
. finalize = 
. validationAction = Skip
]
[2020-01-10 14:22:50:050] DEBUG - <pool-1-thread-1>[ id = db.msens.ms_codebook_SYS105.utp.insert
, resultName = 
, batchName = TB_CODEBOOK
, dataSource = mproddatasource
, parameter = 
, initialize = 
. finalize = 
. validationAction = Skip
]
[2020-01-10 14:22:50:050] DEBUG - <pool-1-thread-1>[ id = db.msens.tb_qst_kind_mng.utp.delete
, resultName = 
, batchName = 
, dataSource = mproddatasource
, parameter = 
, initialize = 
. finalize = 
. validationAction = Skip
]
[2020-01-10 14:22:50:050] DEBUG - <pool-1-thread-1>[ id = db.uat.msens.tb_qst_kind_mng.utp.select
, resultName = TB_QST_KIND_MNG
, batchName = 
, dataSource = muatdatasource
, parameter = 
, initialize = 
. finalize = 
. validationAction = Skip
]
[2020-01-10 14:22:50:050] DEBUG - <pool-1-thread-1>[ id = db.msens.tb_qst_kind_mng.utp.insert
, resultName = 
, batchName = TB_QST_KIND_MNG
, dataSource = mproddatasource
, parameter = 
, initialize = 
. finalize = 
. validationAction = Skip
]
[2020-01-10 14:22:50:050] DEBUG - <pool-1-thread-1>[ id = db.msens.ms_stt_result.delete.term
, resultName = 
, batchName = 
, dataSource = msensdatasource
, parameter = #param
, initialize = 
. finalize = 
. validationAction = Skip
]
[2020-01-10 14:22:50:050] DEBUG - <pool-1-thread-1>[ id = db.msens.ms_stt_meta.delete.term
, resultName = 
, batchName = 
, dataSource = msensdatasource
, parameter = #param
, initialize = 
. finalize = 
. validationAction = Skip
]
[2020-01-10 14:22:50:050] DEBUG - <pool-1-thread-1>[ id = db.msens.ms_script_result.delete.term
, resultName = 
, batchName = 
, dataSource = msensdatasource
, parameter = #param
, initialize = 
. finalize = 
. validationAction = Skip
]
[2020-01-10 14:22:50:050] DEBUG - <pool-1-thread-1>[ id = db.msens.ms_search_result.delete.term
, resultName = 
, batchName = 
, dataSource = msensdatasource
, parameter = #param
, initialize = 
. finalize = 
. validationAction = Skip
]
[2020-01-10 14:22:50:050] DEBUG - <pool-1-thread-1>[ id = db.msens.ms_grade_result.delete.term
, resultName = 
, batchName = 
, dataSource = msensdatasource
, parameter = #param
, initialize = 
. finalize = 
. validationAction = Skip
]
[2020-01-10 14:22:50:050] DEBUG - <pool-1-thread-1>[ id = db.msens.ms_bef_est_score.delete.term
, resultName = 
, batchName = 
, dataSource = msensdatasource
, parameter = #param
, initialize = 
. finalize = 
. validationAction = Skip
]
[2020-01-10 14:22:50:050] DEBUG - <pool-1-thread-1>[ id = db.msens.ms_bef_mrls.delete.term
, resultName = 
, batchName = 
, dataSource = msensdatasource
, parameter = #param
, initialize = 
. finalize = 
. validationAction = Skip
]
[2020-01-10 14:22:50:050] DEBUG - <pool-1-thread-1>[ id = db.msens.tb_sc_qst_mng.delete.term
, resultName = 
, batchName = 
, dataSource = msensdatasource
, parameter = #param
, initialize = 
. finalize = 
. validationAction = Skip
]
[2020-01-10 14:22:50:050] DEBUG - <pool-1-thread-1>[ id = db.prod.msens.ms_ment_mng.utp.del
, resultName = 
, batchName = 
, dataSource = mproddatasource
, parameter = 
, initialize = 
. finalize = 
. validationAction = Skip
]
[2020-01-10 14:22:50:050] DEBUG - <pool-1-thread-1>[ id = db.uat.msens.ms_ment_mng.utp.select
, resultName = MS_MENT_MNG
, batchName = 
, dataSource = muatdatasource
, parameter = 
, initialize = 
. finalize = 
. validationAction = Skip
]
[2020-01-10 14:22:50:050] DEBUG - <pool-1-thread-1>[ id = db.prod.msens.ms_ment_mng.utp.ins
, resultName = 
, batchName = MS_MENT_MNG
, dataSource = mproddatasource
, parameter = 
, initialize = 
. finalize = 
. validationAction = Skip
]
[2020-01-10 14:22:50:050] DEBUG - <pool-1-thread-1>[ id = msens.xcron.hansol.autoDownload.flag.update
, resultName = 
, batchName = 
, dataSource = msensdatasource
, parameter = 
, initialize = 
. finalize = 
. validationAction = Skip
]
[2020-01-10 14:22:50:050] DEBUG - <pool-1-thread-1>[ id = db.msens.tb_reject_list.select
, resultName = TB_REJECT
, batchName = 
, dataSource = tmdatasource
, parameter = #param
, initialize = 
. finalize = 
. validationAction = Skip
]
[2020-01-10 14:22:50:050] DEBUG - <pool-1-thread-1>[ id = db.msens.ms_reject_list.insert
, resultName = 
, batchName = TB_REJECT
, dataSource = msensdatasource
, parameter = 
, initialize = 
. finalize = 
. validationAction = Skip
]
[2020-01-10 14:22:50:050] DEBUG - <pool-1-thread-1>[ id = db.tm.getBefMrLs
, resultName = TB_LIST
, batchName = 
, dataSource = tmdatasource
, parameter = #param
, initialize = 
. finalize = 
. validationAction = Skip
]
[2020-01-10 14:22:50:050] DEBUG - <pool-1-thread-1>[ id = db.msens.ms_bef_mrls_list.insert
, resultName = 
, batchName = TB_LIST
, dataSource = msensdatasource
, parameter = 
, initialize = 
. finalize = 
. validationAction = Skip
]
[2020-01-10 14:22:50:050] DEBUG - <pool-1-thread-1>
[TO_DATE=20200110235959,FROM_DATE=20200109000000]
[2020-01-10 14:22:50:050] INFO  - <pool-1-thread-1>Service <SVC_COM_007> is requested from </127.0.0.1>
[2020-01-10 14:22:50:050] DEBUG - <pool-1-thread-1>Transaction [ pool-1-thread-1 ] begins(Current Transaction Group Size Is 0)
[2020-01-10 14:22:50:050] DEBUG - <pool-1-thread-1>RequestServiceManager.execute begin ...
[2020-01-10 14:22:52:052] DEBUG - <pool-1-thread-1>RequestServiceManager.execute end ...
[2020-01-10 14:22:52:052] DEBUG - <pool-1-thread-1>Transaction [ pool-1-thread-1 ] commit ...
[2020-01-10 14:22:52:052] DEBUG - <pool-1-thread-1>RequestServiceManager.execute begin ...
[2020-01-10 14:22:52:052] DEBUG - <pool-1-thread-1>Non Trasaction & DataSource msensdatasource is Created
[2020-01-10 14:26:01:001] ERROR - <pool-1-thread-1>[Microsoft][SQLServer 2000 Driver for JDBC]Error establishing socket.
com.inticube.xcron.exception.XCronAppException: [Microsoft][SQLServer 2000 Driver for JDBC]Error establishing socket.
	at com.inticube.xcron.resource.TransactionManager.getConnection(TransactionManager.java:95)
	at com.inticube.xcron.resource.JDBCDataSource.executePreparedUpdate(JDBCDataSource.java:483)
	at com.inticube.xcron.resource.JDBCDataSource.execute(JDBCDataSource.java:826)
	at com.inticube.xcron.config.RequestServiceManager.execute(RequestServiceManager.java:181)
	at com.inticube.xcron.core.XCronServiceHandler.executeLogService(XCronServiceHandler.java:218)
	at com.inticube.xcron.core.XCronServiceHandler.executeLogService(XCronServiceHandler.java:185)
	at com.inticube.xcron.core.XCronServiceHandler.execute(XCronServiceHandler.java:130)
	at com.inticube.xcron.core.XCronServerProcessor.execute(XCronServerProcessor.java:215)
	at com.inticube.xcron.core.XCronServerProcessor.run(XCronServerProcessor.java:124)
	at java.util.concurrent.ThreadPoolExecutor.runWorker(Unknown Source)
	at java.util.concurrent.ThreadPoolExecutor$Worker.run(Unknown Source)
	at java.lang.Thread.run(Unknown Source)
[2020-01-10 14:26:01:001] INFO  - <pool-1-thread-1>Running : 0 / Pending : 0
[2020-01-10 14:26:01:001] INFO  - <pool-1-thread-1>Service <SVC_COM_007> is completed  <w:0 e:1480 m/s>
[2020-01-10 14:26:01:001] DEBUG - <pool-1-thread-1><?xml version='1.0' encoding='UTF-8'?><ControlConfig><ResultCode>0</ResultCode><ResultMessage></ResultMessage></ControlConfig>
[2020-01-10 14:39:36:036] DEBUG - <pool-1-thread-2><?xml version='1.0' encoding='euc-kr'?><ControlConfig><Cmd Name="exec" Service="SVC_COM_007"/><Param><Field Name="TO_DATE"><![CDATA[20200110235959]]></Field><Field Name="FROM_DATE"><![CDATA[20200101000000]]></Field></Param></ControlConfig>
[2020-01-10 14:39:36:036] DEBUG - <pool-1-thread-2>
[TO_DATE=20200110235959,FROM_DATE=20200101000000]
[2020-01-10 14:39:36:036] INFO  - <pool-1-thread-2>Service <SVC_COM_007> is requested from </127.0.0.1>
[2020-01-10 14:39:36:036] DEBUG - <pool-1-thread-2>Transaction [ pool-1-thread-2 ] begins(Current Transaction Group Size Is 0)
[2020-01-10 14:39:36:036] DEBUG - <pool-1-thread-2>RequestServiceManager.execute begin ...
[2020-01-10 14:39:38:038] DEBUG - <pool-1-thread-2>RequestServiceManager.execute end ...
[2020-01-10 14:39:38:038] DEBUG - <pool-1-thread-2>Transaction [ pool-1-thread-2 ] commit ...
[2020-01-10 14:39:38:038] DEBUG - <pool-1-thread-2>RequestServiceManager.execute begin ...
[2020-01-10 14:39:38:038] DEBUG - <pool-1-thread-2>Non Trasaction & DataSource msensdatasource is Created
[2020-01-10 14:42:47:047] ERROR - <pool-1-thread-2>[Microsoft][SQLServer 2000 Driver for JDBC]Error establishing socket.
com.inticube.xcron.exception.XCronAppException: [Microsoft][SQLServer 2000 Driver for JDBC]Error establishing socket.
	at com.inticube.xcron.resource.TransactionManager.getConnection(TransactionManager.java:95)
	at com.inticube.xcron.resource.JDBCDataSource.executePreparedUpdate(JDBCDataSource.java:483)
	at com.inticube.xcron.resource.JDBCDataSource.execute(JDBCDataSource.java:826)
	at com.inticube.xcron.config.RequestServiceManager.execute(RequestServiceManager.java:181)
	at com.inticube.xcron.core.XCronServiceHandler.executeLogService(XCronServiceHandler.java:218)
	at com.inticube.xcron.core.XCronServiceHandler.executeLogService(XCronServiceHandler.java:185)
	at com.inticube.xcron.core.XCronServiceHandler.execute(XCronServiceHandler.java:130)
	at com.inticube.xcron.core.XCronServerProcessor.execute(XCronServerProcessor.java:215)
	at com.inticube.xcron.core.XCronServerProcessor.run(XCronServerProcessor.java:124)
	at java.util.concurrent.ThreadPoolExecutor.runWorker(Unknown Source)
	at java.util.concurrent.ThreadPoolExecutor$Worker.run(Unknown Source)
	at java.lang.Thread.run(Unknown Source)
[2020-01-10 14:42:47:047] INFO  - <pool-1-thread-2>Running : 0 / Pending : 0
[2020-01-10 14:42:47:047] INFO  - <pool-1-thread-2>Service <SVC_COM_007> is completed  <w:0 e:1653 m/s>
[2020-01-10 14:42:47:047] DEBUG - <pool-1-thread-2><?xml version='1.0' encoding='UTF-8'?><ControlConfig><ResultCode>0</ResultCode><ResultMessage></ResultMessage></ControlConfig>
[2020-01-10 15:07:37:037] DEBUG - <pool-1-thread-3><?xml version='1.0' encoding='euc-kr'?><ControlConfig><Cmd Name="exec" Service="SVC_COM_007"/><Param><Field Name="TO_DATE"><![CDATA[20200110235959]]></Field><Field Name="FROM_DATE"><![CDATA[20200101000000]]></Field></Param></ControlConfig>
[2020-01-10 15:07:37:037] DEBUG - <pool-1-thread-3>
[TO_DATE=20200110235959,FROM_DATE=20200101000000]
[2020-01-10 15:07:37:037] INFO  - <pool-1-thread-3>Service <SVC_COM_007> is requested from </127.0.0.1>
[2020-01-10 15:07:37:037] DEBUG - <pool-1-thread-3>Transaction [ pool-1-thread-3 ] begins(Current Transaction Group Size Is 0)
[2020-01-10 15:07:37:037] DEBUG - <pool-1-thread-3>RequestServiceManager.execute begin ...
[2020-01-10 15:07:39:039] DEBUG - <pool-1-thread-3>RequestServiceManager.execute end ...
[2020-01-10 15:07:39:039] DEBUG - <pool-1-thread-3>Transaction [ pool-1-thread-3 ] commit ...
[2020-01-10 15:07:39:039] DEBUG - <pool-1-thread-3>RequestServiceManager.execute begin ...
[2020-01-10 15:07:39:039] DEBUG - <pool-1-thread-3>Non Trasaction & DataSource msensdatasource is Created
[2020-01-10 15:10:48:048] ERROR - <pool-1-thread-3>[Microsoft][SQLServer 2000 Driver for JDBC]Error establishing socket.
com.inticube.xcron.exception.XCronAppException: [Microsoft][SQLServer 2000 Driver for JDBC]Error establishing socket.
	at com.inticube.xcron.resource.TransactionManager.getConnection(TransactionManager.java:95)
	at com.inticube.xcron.resource.JDBCDataSource.executePreparedUpdate(JDBCDataSource.java:483)
	at com.inticube.xcron.resource.JDBCDataSource.execute(JDBCDataSource.java:826)
	at com.inticube.xcron.config.RequestServiceManager.execute(RequestServiceManager.java:181)
	at com.inticube.xcron.core.XCronServiceHandler.executeLogService(XCronServiceHandler.java:218)
	at com.inticube.xcron.core.XCronServiceHandler.executeLogService(XCronServiceHandler.java:185)
	at com.inticube.xcron.core.XCronServiceHandler.execute(XCronServiceHandler.java:130)
	at com.inticube.xcron.core.XCronServerProcessor.execute(XCronServerProcessor.java:215)
	at com.inticube.xcron.core.XCronServerProcessor.run(XCronServerProcessor.java:124)
	at java.util.concurrent.ThreadPoolExecutor.runWorker(Unknown Source)
	at java.util.concurrent.ThreadPoolExecutor$Worker.run(Unknown Source)
	at java.lang.Thread.run(Unknown Source)
[2020-01-10 15:10:48:048] INFO  - <pool-1-thread-3>Running : 0 / Pending : 0
[2020-01-10 15:10:48:048] INFO  - <pool-1-thread-3>Service <SVC_COM_007> is completed  <w:0 e:1763 m/s>
[2020-01-10 15:10:48:048] DEBUG - <pool-1-thread-3><?xml version='1.0' encoding='UTF-8'?><ControlConfig><ResultCode>0</ResultCode><ResultMessage></ResultMessage></ControlConfig>
[2020-01-10 15:35:57:057] DEBUG - <pool-1-thread-4><?xml version='1.0' encoding='euc-kr'?><ControlConfig><Cmd Name="exec" Service="SVC_COM_007"/><Param><Field Name="TO_DATE"><![CDATA[20200110235959]]></Field><Field Name="FROM_DATE"><![CDATA[20200109000000]]></Field></Param></ControlConfig>
[2020-01-10 15:35:57:057] DEBUG - <pool-1-thread-4>
[TO_DATE=20200110235959,FROM_DATE=20200109000000]
[2020-01-10 15:35:57:057] INFO  - <pool-1-thread-4>Service <SVC_COM_007> is requested from </127.0.0.1>
[2020-01-10 15:35:57:057] DEBUG - <pool-1-thread-4>Transaction [ pool-1-thread-4 ] begins(Current Transaction Group Size Is 0)
[2020-01-10 15:35:57:057] DEBUG - <pool-1-thread-4>RequestServiceManager.execute begin ...
[2020-01-10 15:35:58:058] DEBUG - <pool-1-thread-4>RequestServiceManager.execute end ...
[2020-01-10 15:35:58:058] DEBUG - <pool-1-thread-4>Transaction [ pool-1-thread-4 ] commit ...
[2020-01-10 15:35:58:058] DEBUG - <pool-1-thread-4>RequestServiceManager.execute begin ...
[2020-01-10 15:35:58:058] DEBUG - <pool-1-thread-4>Non Trasaction & DataSource msensdatasource is Created
[2020-01-10 15:39:08:008] ERROR - <pool-1-thread-4>[Microsoft][SQLServer 2000 Driver for JDBC]Error establishing socket.
com.inticube.xcron.exception.XCronAppException: [Microsoft][SQLServer 2000 Driver for JDBC]Error establishing socket.
	at com.inticube.xcron.resource.TransactionManager.getConnection(TransactionManager.java:95)
	at com.inticube.xcron.resource.JDBCDataSource.executePreparedUpdate(JDBCDataSource.java:483)
	at com.inticube.xcron.resource.JDBCDataSource.execute(JDBCDataSource.java:826)
	at com.inticube.xcron.config.RequestServiceManager.execute(RequestServiceManager.java:181)
	at com.inticube.xcron.core.XCronServiceHandler.executeLogService(XCronServiceHandler.java:218)
	at com.inticube.xcron.core.XCronServiceHandler.executeLogService(XCronServiceHandler.java:185)
	at com.inticube.xcron.core.XCronServiceHandler.execute(XCronServiceHandler.java:130)
	at com.inticube.xcron.core.XCronServerProcessor.execute(XCronServerProcessor.java:215)
	at com.inticube.xcron.core.XCronServerProcessor.run(XCronServerProcessor.java:124)
	at java.util.concurrent.ThreadPoolExecutor.runWorker(Unknown Source)
	at java.util.concurrent.ThreadPoolExecutor$Worker.run(Unknown Source)
	at java.lang.Thread.run(Unknown Source)
[2020-01-10 15:39:08:008] INFO  - <pool-1-thread-4>Running : 0 / Pending : 0
[2020-01-10 15:39:08:008] INFO  - <pool-1-thread-4>Service <SVC_COM_007> is completed  <w:0 e:1439 m/s>
[2020-01-10 15:39:08:008] DEBUG - <pool-1-thread-4><?xml version='1.0' encoding='UTF-8'?><ControlConfig><ResultCode>0</ResultCode><ResultMessage></ResultMessage></ControlConfig>
[2020-01-10 16:33:44:044] DEBUG - <pool-1-thread-5><?xml version='1.0' encoding='euc-kr'?><ControlConfig><Cmd Name="exec" Service="SVC_COM_007"/><Param><Field Name="TO_DATE"><![CDATA[20200110235959]]></Field><Field Name="FROM_DATE"><![CDATA[20200101000000]]></Field></Param></ControlConfig>
[2020-01-10 16:33:44:044] DEBUG - <pool-1-thread-5>
[TO_DATE=20200110235959,FROM_DATE=20200101000000]
[2020-01-10 16:33:44:044] INFO  - <pool-1-thread-5>Service <SVC_COM_007> is requested from </127.0.0.1>
[2020-01-10 16:33:44:044] DEBUG - <pool-1-thread-5>Transaction [ pool-1-thread-5 ] begins(Current Transaction Group Size Is 0)
[2020-01-10 16:33:44:044] DEBUG - <pool-1-thread-5>RequestServiceManager.execute begin ...
[2020-01-10 16:33:46:046] DEBUG - <pool-1-thread-5>RequestServiceManager.execute end ...
[2020-01-10 16:33:46:046] DEBUG - <pool-1-thread-5>Transaction [ pool-1-thread-5 ] commit ...
[2020-01-10 16:33:46:046] DEBUG - <pool-1-thread-5>RequestServiceManager.execute begin ...
[2020-01-10 16:33:46:046] DEBUG - <pool-1-thread-5>Non Trasaction & DataSource msensdatasource is Created
[2020-01-10 16:36:55:055] ERROR - <pool-1-thread-5>[Microsoft][SQLServer 2000 Driver for JDBC]Error establishing socket.
com.inticube.xcron.exception.XCronAppException: [Microsoft][SQLServer 2000 Driver for JDBC]Error establishing socket.
	at com.inticube.xcron.resource.TransactionManager.getConnection(TransactionManager.java:95)
	at com.inticube.xcron.resource.JDBCDataSource.executePreparedUpdate(JDBCDataSource.java:483)
	at com.inticube.xcron.resource.JDBCDataSource.execute(JDBCDataSource.java:826)
	at com.inticube.xcron.config.RequestServiceManager.execute(RequestServiceManager.java:181)
	at com.inticube.xcron.core.XCronServiceHandler.executeLogService(XCronServiceHandler.java:218)
	at com.inticube.xcron.core.XCronServiceHandler.executeLogService(XCronServiceHandler.java:185)
	at com.inticube.xcron.core.XCronServiceHandler.execute(XCronServiceHandler.java:130)
	at com.inticube.xcron.core.XCronServerProcessor.execute(XCronServerProcessor.java:215)
	at com.inticube.xcron.core.XCronServerProcessor.run(XCronServerProcessor.java:124)
	at java.util.concurrent.ThreadPoolExecutor.runWorker(Unknown Source)
	at java.util.concurrent.ThreadPoolExecutor$Worker.run(Unknown Source)
	at java.lang.Thread.run(Unknown Source)
[2020-01-10 16:36:55:055] INFO  - <pool-1-thread-5>Running : 0 / Pending : 0
[2020-01-10 16:36:55:055] INFO  - <pool-1-thread-5>Service <SVC_COM_007> is completed  <w:0 e:1866 m/s>
[2020-01-10 16:36:55:055] DEBUG - <pool-1-thread-5><?xml version='1.0' encoding='UTF-8'?><ControlConfig><ResultCode>0</ResultCode><ResultMessage></ResultMessage></ControlConfig>
[2020-01-10 17:41:16:016] DEBUG - <pool-1-thread-6><?xml version='1.0' encoding='euc-kr'?><ControlConfig><Cmd Name="exec" Service="SVC_COM_007"/><Param><Field Name="TO_DATE"><![CDATA[20200110235959]]></Field><Field Name="FROM_DATE"><![CDATA[20200101000000]]></Field></Param></ControlConfig>
[2020-01-10 17:41:16:016] DEBUG - <pool-1-thread-6>
[TO_DATE=20200110235959,FROM_DATE=20200101000000]
[2020-01-10 17:41:16:016] INFO  - <pool-1-thread-6>Service <SVC_COM_007> is requested from </127.0.0.1>
[2020-01-10 17:41:16:016] DEBUG - <pool-1-thread-6>Transaction [ pool-1-thread-6 ] begins(Current Transaction Group Size Is 0)
[2020-01-10 17:41:16:016] DEBUG - <pool-1-thread-6>RequestServiceManager.execute begin ...
[2020-01-10 17:41:18:018] DEBUG - <pool-1-thread-6>RequestServiceManager.execute end ...
[2020-01-10 17:41:18:018] DEBUG - <pool-1-thread-6>Transaction [ pool-1-thread-6 ] commit ...
[2020-01-10 17:41:18:018] DEBUG - <pool-1-thread-6>RequestServiceManager.execute begin ...
[2020-01-10 17:41:18:018] DEBUG - <pool-1-thread-6>Non Trasaction & DataSource msensdatasource is Created
[2020-01-10 17:44:27:027] ERROR - <pool-1-thread-6>[Microsoft][SQLServer 2000 Driver for JDBC]Error establishing socket.
com.inticube.xcron.exception.XCronAppException: [Microsoft][SQLServer 2000 Driver for JDBC]Error establishing socket.
	at com.inticube.xcron.resource.TransactionManager.getConnection(TransactionManager.java:95)
	at com.inticube.xcron.resource.JDBCDataSource.executePreparedUpdate(JDBCDataSource.java:483)
	at com.inticube.xcron.resource.JDBCDataSource.execute(JDBCDataSource.java:826)
	at com.inticube.xcron.config.RequestServiceManager.execute(RequestServiceManager.java:181)
	at com.inticube.xcron.core.XCronServiceHandler.executeLogService(XCronServiceHandler.java:218)
	at com.inticube.xcron.core.XCronServiceHandler.executeLogService(XCronServiceHandler.java:185)
	at com.inticube.xcron.core.XCronServiceHandler.execute(XCronServiceHandler.java:130)
	at com.inticube.xcron.core.XCronServerProcessor.execute(XCronServerProcessor.java:215)
	at com.inticube.xcron.core.XCronServerProcessor.run(XCronServerProcessor.java:124)
	at java.util.concurrent.ThreadPoolExecutor.runWorker(Unknown Source)
	at java.util.concurrent.ThreadPoolExecutor$Worker.run(Unknown Source)
	at java.lang.Thread.run(Unknown Source)
[2020-01-10 17:44:27:027] INFO  - <pool-1-thread-6>Running : 0 / Pending : 0
[2020-01-10 17:44:27:027] INFO  - <pool-1-thread-6>Service <SVC_COM_007> is completed  <w:0 e:1572 m/s>
[2020-01-10 17:44:27:027] DEBUG - <pool-1-thread-6><?xml version='1.0' encoding='UTF-8'?><ControlConfig><ResultCode>0</ResultCode><ResultMessage></ResultMessage></ControlConfig>
[2020-01-10 17:51:42:042] DEBUG - <pool-1-thread-7><?xml version='1.0' encoding='euc-kr'?><ControlConfig><Cmd Name="exec" Service="SVC_COM_007"/><Param><Field Name="TO_DATE"><![CDATA[20200110235959]]></Field><Field Name="FROM_DATE"><![CDATA[20200109000000]]></Field></Param></ControlConfig>
[2020-01-10 17:51:42:042] DEBUG - <pool-1-thread-7>
[TO_DATE=20200110235959,FROM_DATE=20200109000000]
[2020-01-10 17:51:42:042] INFO  - <pool-1-thread-7>Service <SVC_COM_007> is requested from </127.0.0.1>
[2020-01-10 17:51:42:042] DEBUG - <pool-1-thread-7>Transaction [ pool-1-thread-7 ] begins(Current Transaction Group Size Is 0)
[2020-01-10 17:51:42:042] DEBUG - <pool-1-thread-7>RequestServiceManager.execute begin ...
[2020-01-10 17:51:43:043] DEBUG - <pool-1-thread-7>RequestServiceManager.execute end ...
[2020-01-10 17:51:43:043] DEBUG - <pool-1-thread-7>Transaction [ pool-1-thread-7 ] commit ...
[2020-01-10 17:51:43:043] DEBUG - <pool-1-thread-7>RequestServiceManager.execute begin ...
[2020-01-10 17:51:43:043] DEBUG - <pool-1-thread-7>Non Trasaction & DataSource msensdatasource is Created
[2020-01-10 17:54:52:052] ERROR - <pool-1-thread-7>[Microsoft][SQLServer 2000 Driver for JDBC]Error establishing socket.
com.inticube.xcron.exception.XCronAppException: [Microsoft][SQLServer 2000 Driver for JDBC]Error establishing socket.
	at com.inticube.xcron.resource.TransactionManager.getConnection(TransactionManager.java:95)
	at com.inticube.xcron.resource.JDBCDataSource.executePreparedUpdate(JDBCDataSource.java:483)
	at com.inticube.xcron.resource.JDBCDataSource.execute(JDBCDataSource.java:826)
	at com.inticube.xcron.config.RequestServiceManager.execute(RequestServiceManager.java:181)
	at com.inticube.xcron.core.XCronServiceHandler.executeLogService(XCronServiceHandler.java:218)
	at com.inticube.xcron.core.XCronServiceHandler.executeLogService(XCronServiceHandler.java:185)
	at com.inticube.xcron.core.XCronServiceHandler.execute(XCronServiceHandler.java:130)
	at com.inticube.xcron.core.XCronServerProcessor.execute(XCronServerProcessor.java:215)
	at com.inticube.xcron.core.XCronServerProcessor.run(XCronServerProcessor.java:124)
	at java.util.concurrent.ThreadPoolExecutor.runWorker(Unknown Source)
	at java.util.concurrent.ThreadPoolExecutor$Worker.run(Unknown Source)
	at java.lang.Thread.run(Unknown Source)
[2020-01-10 17:54:52:052] INFO  - <pool-1-thread-7>Running : 0 / Pending : 0
[2020-01-10 17:54:52:052] INFO  - <pool-1-thread-7>Service <SVC_COM_007> is completed  <w:0 e:1208 m/s>
[2020-01-10 17:54:52:052] DEBUG - <pool-1-thread-7><?xml version='1.0' encoding='UTF-8'?><ControlConfig><ResultCode>0</ResultCode><ResultMessage></ResultMessage></ControlConfig>
[2020-01-13 10:54:46:046] INFO  - <XCron-Server>==============================================================================
[2020-01-13 10:54:46:046] INFO  - <XCron-Server>Starting XCron Version 3.1.2 initializing
[2020-01-13 10:54:47:047] INFO  - <XCron-Server>XCronServer IP Address = 10.1.8.234
[2020-01-13 10:54:47:047] INFO  - <XCron-Server>XCronServer Port = 5292
[2020-01-13 10:54:47:047] INFO  - <XCron-Server>CLASSPATH = {D:/MSENS_AIG_NEW/AIG_QSENS_FINAL/XCron/lib/xml-apis.jar;D:/MSENS_AIG_NEW/AIG_QSENS_FINAL/XCron/lib/xercesImpl.jar;D:/MSENS_AIG_NEW/AIG_QSENS_FINAL/XCron/lib/ojdbc14.jar;D:/MSENS_AIG_NEW/AIG_QSENS_FINAL/XCron/lib/log4j-1.2.15.jar;D:/MSENS_AIG_NEW/AIG_QSENS_FINAL/XCron/lib/commons-pool-1.6.jar;D:/MSENS_AIG_NEW/AIG_QSENS_FINAL/XCron/lib/commons-net-3.0.jar;D:/MSENS_AIG_NEW/AIG_QSENS_FINAL/XCron/lib/commons-dbcp-1.3.jar;D:/MSENS_AIG_NEW/AIG_QSENS_FINAL/XCron/lib/commons-collections-3.2.1.jar;D:/MSENS_AIG_NEW/AIG_QSENS_FINAL/XCron/lib/commons-daemon.jar;D:/MSENS_AIG_NEW/AIG_QSENS_FINAL/XCron/lib/commons-codec-1.4.jar;D:/MSENS_AIG_NEW/AIG_QSENS_FINAL/XCron/lib/jakarta-oro.jar;D:/MSENS_AIG_NEW/AIG_QSENS_FINAL/XCron/lib/megathin2.jar;D:/MSENS_AIG_NEW/AIG_QSENS_FINAL/XCron/lib/opljdbc2.jar;D:/MSENS_AIG_NEW/AIG_QSENS_FINAL/XCron/lib/jcrontab.jar;D:/MSENS_AIG_NEW/AIG_QSENS_FINAL/XCron/lib/bsh.jar;D:/MSENS_AIG_NEW/AIG_QSENS_FINAL/XCron/lib/mssqlserver.jar;D:/MSENS_AIG_NEW/AIG_QSENS_FINAL/XCron/lib/msbase.jar;D:/MSENS_AIG_NEW/AIG_QSENS_FINAL/XCron/lib/msutil.jar;D:/MSENS_AIG_NEW/AIG_QSENS_FINAL/XCron/lib/mysql-connector-5.1.8.jar;D:/MSENS_AIG_NEW/AIG_QSENS_FINAL/XCron/lib/jconn3.jar;D:/MSENS_AIG_NEW/AIG_QSENS_FINAL/XCron/lib/junit.jar;D:/MSENS_AIG_NEW/AIG_QSENS_FINAL/XCron/lib/sigar/sigar.jar;D:/MSENS_AIG_NEW/AIG_QSENS_FINAL/XCron/lib/mail.jar;D:/MSENS_AIG_NEW/AIG_QSENS_FINAL/XCron/lib/activation.jar;D:/MSENS_AIG_NEW/AIG_QSENS_FINAL/XCron/lib/ejb.jar;D:/MSENS_AIG_NEW/AIG_QSENS_FINAL/XCron/lib/jgroups.jar;D:/MSENS_AIG_NEW/AIG_QSENS_FINAL/XCron/lib/db2jcc.jar;D:/MSENS_AIG_NEW/AIG_QSENS_FINAL/XCron/lib/jsch-0.1.52.jar;D:/MSENS_AIG_NEW/AIG_QSENS_FINAL/XCron/lib/XCron-1.1.1.jar;D:/MSENS_AIG_NEW/AIG_QSENS_FINAL/XCron/common;;}
[2020-01-13 10:54:47:047] INFO  - <XCron-Server>==============================================================================
[2020-01-13 10:54:48:048] INFO  - <XCron-Server>DataSource <msensdatasource>
[2020-01-13 10:54:48:048] DEBUG - <XCron-Server>[ id = msensdatasource
, driverName = com.microsoft.jdbc.sqlserver.SQLServerDriver
, url = jdbc:Microsoft:sqlserver://10.48.241.43:1433;databaseName=msens_ob;integratedSecurity=false;failoverPartner=10.48.241.44
, user = {AES}tkUoArFZgt9kpayQiIMCtA==
, password = {AES}guUufQeMdvWVCVIfz8iiGQ==
, maxCapacity(maxActive) = 80
, exhaustedAction(whenExhaustedAction) = 1
, maxWait = 60000
, testQuery = select 1
, maxIdle = 20
, idleTimeOut(timeBetweenEvictionRunsMillis) = 300000
, lifo = true
, minEvictableIdleTimeMillis = 600000
, minIdle = 5
, numTestsPerEvictionRun = 3
, softMinEvictableIdleTimeMillis = -1
, testOnBorrow = false
, testOnReturn = false
, testWhileIdle = true
, maxBatchSize = 10000
, queryTimeout = -1
, productName = null
]
[2020-01-13 10:54:48:048] INFO  - <XCron-Server>DataSource <snmpdatasource>
[2020-01-13 10:54:48:048] DEBUG - <XCron-Server>[ id = snmpdatasource
, driverName = com.microsoft.jdbc.sqlserver.SQLServerDriver
, url = jdbc:Microsoft:sqlserver://10.48.241.57:1433;databaseName=snmp_db;
, user = {AES}tkUoArFZgt9kpayQiIMCtA==
, password = {AES}guUufQeMdvWVCVIfz8iiGQ==
, maxCapacity(maxActive) = 80
, exhaustedAction(whenExhaustedAction) = 1
, maxWait = 60000
, testQuery = select 1
, maxIdle = 20
, idleTimeOut(timeBetweenEvictionRunsMillis) = 300000
, lifo = true
, minEvictableIdleTimeMillis = 600000
, minIdle = 5
, numTestsPerEvictionRun = 3
, softMinEvictableIdleTimeMillis = -1
, testOnBorrow = false
, testOnReturn = false
, testWhileIdle = true
, maxBatchSize = 10000
, queryTimeout = -1
, productName = null
]
[2020-01-13 10:54:48:048] INFO  - <XCron-Server>DataSource <tmdatasource>
[2020-01-13 10:54:48:048] DEBUG - <XCron-Server>[ id = tmdatasource
, driverName = oracle.jdbc.driver.OracleDriver
, url = jdbc:oracle:thin:@10.51.192.49:1521/PCHA
, user = {AES}lIYDNAsmhnOtBF7ZLAyxKQ==
, password = {AES}UMo/LIzvP1xNpPIHWQd/LQ==
, maxCapacity(maxActive) = 80
, exhaustedAction(whenExhaustedAction) = 1
, maxWait = 60000
, testQuery = select 1 from dual
, maxIdle = 20
, idleTimeOut(timeBetweenEvictionRunsMillis) = 300000
, lifo = true
, minEvictableIdleTimeMillis = 600000
, minIdle = 5
, numTestsPerEvictionRun = 3
, softMinEvictableIdleTimeMillis = -1
, testOnBorrow = false
, testOnReturn = false
, testWhileIdle = true
, maxBatchSize = 10000
, queryTimeout = -1
, productName = null
]
[2020-01-13 10:54:48:048] INFO  - <XCron-Server>DataSource <muatdatasource>
[2020-01-13 10:54:48:048] DEBUG - <XCron-Server>[ id = muatdatasource
, driverName = com.microsoft.jdbc.sqlserver.SQLServerDriver
, url = jdbc:Microsoft:sqlserver://10.48.247.186:1433;databaseName=msens_ob;
, user = {AES}LG4WDPTajFxCgzi2rXxR5Q==
, password = {AES}guUufQeMdvWVCVIfz8iiGQ==
, maxCapacity(maxActive) = 80
, exhaustedAction(whenExhaustedAction) = 1
, maxWait = 60000
, testQuery = select 1
, maxIdle = 20
, idleTimeOut(timeBetweenEvictionRunsMillis) = 300000
, lifo = true
, minEvictableIdleTimeMillis = 600000
, minIdle = 5
, numTestsPerEvictionRun = 3
, softMinEvictableIdleTimeMillis = -1
, testOnBorrow = false
, testOnReturn = false
, testWhileIdle = true
, maxBatchSize = 10000
, queryTimeout = -1
, productName = null
]
[2020-01-13 10:54:48:048] INFO  - <XCron-Server>DataSource <mproddatasource>
[2020-01-13 10:54:48:048] DEBUG - <XCron-Server>[ id = mproddatasource
, driverName = com.microsoft.jdbc.sqlserver.SQLServerDriver
, url = jdbc:Microsoft:sqlserver://10.48.241.43:1433;databaseName=msens_ob;integratedSecurity=false;failoverPartner=10.48.241.44
, user = {AES}tkUoArFZgt9kpayQiIMCtA==
, password = {AES}guUufQeMdvWVCVIfz8iiGQ==
, maxCapacity(maxActive) = 80
, exhaustedAction(whenExhaustedAction) = 1
, maxWait = 60000
, testQuery = select 1
, maxIdle = 20
, idleTimeOut(timeBetweenEvictionRunsMillis) = 300000
, lifo = true
, minEvictableIdleTimeMillis = 600000
, minIdle = 5
, numTestsPerEvictionRun = 3
, softMinEvictableIdleTimeMillis = -1
, testOnBorrow = false
, testOnReturn = false
, testWhileIdle = true
, maxBatchSize = 10000
, queryTimeout = -1
, productName = null
]
[2020-01-13 10:54:48:048] DEBUG - <XCron-Server>[ Name=from_date Length=8 DefaultValue= Type=STRING Direction=IN Validation= ]
[2020-01-13 10:54:48:048] DEBUG - <XCron-Server>[ Name=to_date Length=8 DefaultValue= Type=STRING Direction=IN Validation= ]
[2020-01-13 10:54:48:048] DEBUG - <XCron-Server>RequestGroup <db.tm.tb_user.select,db.msens.ms_usermaster_batch.insert,db.tm.tb_codebook_SYS999_SYS001.select,db.msens.ms_codebook_SYS001_SYS011.insert>
[2020-01-13 10:54:48:048] INFO  - <XCron-Server>Service <SVC_COM_001>
[2020-01-13 10:54:48:048] DEBUG - <XCron-Server>[ Name=from_date Length=8 DefaultValue= Type=STRING Direction=IN Validation= ]
[2020-01-13 10:54:48:048] DEBUG - <XCron-Server>[ Name=to_date Length=8 DefaultValue= Type=STRING Direction=IN Validation= ]
[2020-01-13 10:54:48:048] DEBUG - <XCron-Server>RequestGroup <db.tm.tb_group_info.select,db.msens.ms_dept.insert>
[2020-01-13 10:54:48:048] DEBUG - <XCron-Server>RequestGroup <db.tm.tb_codebook_SYS057.select,db.msens.ms_codebook_SYS002.insert>
[2020-01-13 10:54:48:048] INFO  - <XCron-Server>Service <SVC_COM_002>
[2020-01-13 10:54:48:048] DEBUG - <XCron-Server>RequestGroup <db.tm.tb_sc_code_mng.select,db.msens.tb_sc_code_mng.insert>
[2020-01-13 10:54:48:048] DEBUG - <XCron-Server>RequestGroup <db.tm.tb_sc_mng.select,db.msens.tb_sc_mng.insert>
[2020-01-13 10:54:48:048] DEBUG - <XCron-Server>RequestGroup <db.tm.tb_codebook_SYS119.select,db.msens.ms_codebook_SYS105.insert>
[2020-01-13 10:54:48:048] INFO  - <XCron-Server>Service <SVC_COM_003>
[2020-01-13 10:54:48:048] DEBUG - <XCron-Server>RequestGroup <db.msens.tb_qst_kind_mng.delete,db.tm.tb_qst_kind_mng.select,db.msens.tb_qst_kind_mng.insert>
[2020-01-13 10:54:48:048] INFO  - <XCron-Server>Service <SVC_COM_004>
[2020-01-13 10:54:48:048] DEBUG - <XCron-Server>[ Name=from_date Length=14 DefaultValue= Type=STRING Direction=IN Validation= ]
[2020-01-13 10:54:48:048] DEBUG - <XCron-Server>[ Name=to_date Length=14 DefaultValue= Type=STRING Direction=IN Validation= ]
[2020-01-13 10:54:48:048] DEBUG - <XCron-Server>RequestGroup <msens.xcron.hansol.qstmngWebaction>
[2020-01-13 10:54:48:048] INFO  - <XCron-Server>Service <SVC_COM_005>
[2020-01-13 10:54:48:048] DEBUG - <XCron-Server>RequestGroup <db.tm.tb_user_workmonth.select,db.msens.ms_usermaster_workmonth.update>
[2020-01-13 10:54:48:048] INFO  - <XCron-Server>Service <SVC_COM_006>
[2020-01-13 10:54:48:048] DEBUG - <XCron-Server>[ Name=from_date Length=14 DefaultValue= Type=STRING Direction=IN Validation= ]
[2020-01-13 10:54:48:048] DEBUG - <XCron-Server>[ Name=to_date Length=14 DefaultValue= Type=STRING Direction=IN Validation= ]
[2020-01-13 10:54:48:048] DEBUG - <XCron-Server>RequestGroup <msens.xcron.hansol.VRSParserWebaction>
[2020-01-13 10:54:48:048] INFO  - <XCron-Server>Service <SVC_COM_007>
[2020-01-13 10:54:48:048] DEBUG - <XCron-Server>RequestGroup <db.msens.ms_xcron_file_log.delete.term,db.msens.ms_xcron_service_log.delete.term>
[2020-01-13 10:54:48:048] DEBUG - <XCron-Server>RequestGroup <db.msens.ms_login_log.delete.term>
[2020-01-13 10:54:48:048] DEBUG - <XCron-Server>RequestGroup <db.msens.ms_player_log.delete.term>
[2020-01-13 10:54:48:048] DEBUG - <XCron-Server>RequestGroup <db.msens.ms_stt_rslt.delete.term>
[2020-01-13 10:54:48:048] INFO  - <XCron-Server>Service <SVC_COM_008>
[2020-01-13 10:54:48:048] INFO  - <XCron-Server>Service <SVC_COM_009>
[2020-01-13 10:54:48:048] DEBUG - <XCron-Server>RequestGroup <msens.xcron.hansol.wavfile.delete.action>
[2020-01-13 10:54:48:048] DEBUG - <XCron-Server>RequestGroup <msens.xcron.hansol.autoDownload.flag.update>
[2020-01-13 10:54:48:048] INFO  - <XCron-Server>Service <SVC_COM_010>
[2020-01-13 10:54:48:048] DEBUG - <XCron-Server>[ Name=from_date Length=10 DefaultValue= Type=STRING Direction=IN Validation= ]
[2020-01-13 10:54:48:048] DEBUG - <XCron-Server>RequestGroup <db.msens.ms_value_min.delete.term,db.msens.ms_value_usage.delete.term,db.msens.ms_value_usage_et.delete.term,db.msens.ms_value.delete.term>
[2020-01-13 10:54:48:048] INFO  - <XCron-Server>Service <SVC_COM_011>
[2020-01-13 10:54:48:048] DEBUG - <XCron-Server>RequestGroup <db.tm.tbia101.select,db.msens.ms_product.insert>
[2020-01-13 10:54:48:048] DEBUG - <XCron-Server>RequestGroup <db.tm.tbia102.select,db.msens.ms_dmbo.insert>
[2020-01-13 10:54:48:048] INFO  - <XCron-Server>Service <SVC_COM_012>
[2020-01-13 10:54:48:048] DEBUG - <XCron-Server>[ Name=from_date Length=8 DefaultValue= Type=STRING Direction=IN Validation= ]
[2020-01-13 10:54:48:048] DEBUG - <XCron-Server>[ Name=to_date Length=8 DefaultValue= Type=STRING Direction=IN Validation= ]
[2020-01-13 10:54:48:048] DEBUG - <XCron-Server>RequestGroup <db.tm.tb_pre_est_allocate_mng.select,db.msens.tb_pre_est_allocate_mng.insert>
[2020-01-13 10:54:48:048] INFO  - <XCron-Server>Service <SVC_COM_013>
[2020-01-13 10:54:48:048] DEBUG - <XCron-Server>[ Name=from_date Length=8 DefaultValue= Type=STRING Direction=IN Validation= ]
[2020-01-13 10:54:48:048] DEBUG - <XCron-Server>[ Name=to_date Length=8 DefaultValue= Type=STRING Direction=IN Validation= ]
[2020-01-13 10:54:48:048] DEBUG - <XCron-Server>RequestGroup <db.tm.tb_holiday.select,db.msens.ms_holiday_info.insert>
[2020-01-13 10:54:48:048] INFO  - <XCron-Server>Service <SVC_COM_014>
[2020-01-13 10:54:48:048] DEBUG - <XCron-Server>[ Name=from_date Length=8 DefaultValue= Type=STRING Direction=IN Validation= ]
[2020-01-13 10:54:48:048] DEBUG - <XCron-Server>[ Name=to_date Length=8 DefaultValue= Type=STRING Direction=IN Validation= ]
[2020-01-13 10:54:48:048] DEBUG - <XCron-Server>RequestGroup <db.tm.tb_insu_plan_mast.ass_user.select,db.msens.ms_stt_meta.ass_user.update>
[2020-01-13 10:54:48:048] DEBUG - <XCron-Server>RequestGroup <db.msens.ms_stt_meta.cur_con_ent_dgn_no.select,db.tm.tb_pre_est_history.est_info.select,db.msens.ms_pre_est_info.est_info.insert>
[2020-01-13 10:54:48:048] INFO  - <XCron-Server>Service <SVC_COM_015>
[2020-01-13 10:54:48:048] DEBUG - <XCron-Server>RequestGroup <db.uat.msens.tb_sc_code_mng.utp.select,db.msens.tb_sc_code_mng.utp.insert>
[2020-01-13 10:54:48:048] DEBUG - <XCron-Server>RequestGroup <db.uat.msens.tb_sc_mng.utp.select,db.msens.tb_sc_mng.utp.insert>
[2020-01-13 10:54:48:048] INFO  - <XCron-Server>Service <SVC_COM_016>
[2020-01-13 10:54:48:048] DEBUG - <XCron-Server>RequestGroup <db.msens.tb_qst_kind_mng.utp.delete,db.uat.msens.tb_qst_kind_mng.utp.select,db.msens.tb_qst_kind_mng.utp.insert>
[2020-01-13 10:54:48:048] INFO  - <XCron-Server>Service <SVC_COM_017>
[2020-01-13 10:54:48:048] DEBUG - <XCron-Server>RequestGroup <db.uat.msens.tb_codebook_SYS119.utp.select,db.msens.ms_codebook_SYS105.utp.insert>
[2020-01-13 10:54:48:048] INFO  - <XCron-Server>Service <SVC_COM_018>
[2020-01-13 10:54:48:048] DEBUG - <XCron-Server>RequestGroup <db.prod.msens.ms_ment_mng.utp.del,db.uat.msens.ms_ment_mng.utp.select,db.prod.msens.ms_ment_mng.utp.ins>
[2020-01-13 10:54:48:048] INFO  - <XCron-Server>Service <SVC_COM_019>
[2020-01-13 10:54:48:048] DEBUG - <XCron-Server>[ Name=from_date Length=8 DefaultValue= Type=STRING Direction=IN Validation= ]
[2020-01-13 10:54:48:048] DEBUG - <XCron-Server>RequestGroup <db.msens.ms_qc_work_stat.endtime.update, db.msens.ms_ins_timestamp.endtime.update>
[2020-01-13 10:54:48:048] DEBUG - <XCron-Server>RequestGroup <db.msens.ms_qc_work_stat.sum.select, db.msens.ms_qc_work_sum.sum.insert, db.msens.ms_qc_work_stat.delete>
[2020-01-13 10:54:48:048] DEBUG - <XCron-Server>RequestGroup <db.msens.ms_ins_timestamp.sum.select, db.msens.ms_ins_timestamp_sum.sum.insert, db.msens.ms_ins_timestamp.delete>
[2020-01-13 10:54:48:048] INFO  - <XCron-Server>Service <SVC_COM_020>
[2020-01-13 10:54:48:048] DEBUG - <XCron-Server>[ Name=from_date Length=14 DefaultValue= Type=STRING Direction=IN Validation= ]
[2020-01-13 10:54:48:048] DEBUG - <XCron-Server>RequestGroup <db.msens.ms_stt_result.delete.term>
[2020-01-13 10:54:48:048] DEBUG - <XCron-Server>RequestGroup <db.msens.ms_stt_meta.delete.term>
[2020-01-13 10:54:48:048] DEBUG - <XCron-Server>RequestGroup <db.msens.ms_script_result.delete.term>
[2020-01-13 10:54:48:048] DEBUG - <XCron-Server>RequestGroup <db.msens.ms_search_result.delete.term>
[2020-01-13 10:54:48:048] DEBUG - <XCron-Server>RequestGroup <db.msens.ms_grade_result.delete.term>
[2020-01-13 10:54:48:048] DEBUG - <XCron-Server>RequestGroup <db.msens.ms_bef_est_score.delete.term>
[2020-01-13 10:54:48:048] DEBUG - <XCron-Server>RequestGroup <db.msens.ms_bef_mrls.delete.term>
[2020-01-13 10:54:48:048] INFO  - <XCron-Server>Service <SVC_COM_021>
[2020-01-13 10:54:48:048] DEBUG - <XCron-Server>[ Name=from_date Length=8 DefaultValue= Type=STRING Direction=IN Validation= ]
[2020-01-13 10:54:48:048] DEBUG - <XCron-Server>[ Name=to_date Length=8 DefaultValue= Type=STRING Direction=IN Validation= ]
[2020-01-13 10:54:48:048] DEBUG - <XCron-Server>RequestGroup <db.msens.tb_reject_list.select,db.msens.ms_reject_list.insert>
[2020-01-13 10:54:48:048] INFO  - <XCron-Server>Service <SVC_COM_022>
[2020-01-13 10:54:48:048] DEBUG - <XCron-Server>[ Name=from_date Length=14 DefaultValue= Type=STRING Direction=IN Validation= ]
[2020-01-13 10:54:48:048] DEBUG - <XCron-Server>RequestGroup <db.msens.tb_sc_qst_mng.delete.term>
[2020-01-13 10:54:48:048] INFO  - <XCron-Server>Service <SVC_COM_023>
[2020-01-13 10:54:48:048] DEBUG - <XCron-Server>RequestGroup <msens.xcron.hansol.sttmetawebaction>
[2020-01-13 10:54:48:048] INFO  - <XCron-Server>Service <SVC_MS_001>
[2020-01-13 10:54:48:048] DEBUG - <XCron-Server>RequestGroup <msens.xcron.hansol.sttmetawebaction2>
[2020-01-13 10:54:48:048] INFO  - <XCron-Server>Service <SVC_MS_001_1>
[2020-01-13 10:54:48:048] DEBUG - <XCron-Server>RequestGroup <msens.xcron.hansol.scriptResultWebAction>
[2020-01-13 10:54:48:048] INFO  - <XCron-Server>Service <SVC_MS_002>
[2020-01-13 10:54:48:048] DEBUG - <XCron-Server>RequestGroup <msens.xcron.hansol.scriptResultWebAction2>
[2020-01-13 10:54:48:048] INFO  - <XCron-Server>Service <SVC_MS_002_1>
[2020-01-13 10:54:48:048] DEBUG - <XCron-Server>RequestGroup <msens.xcron.hansol.searchResultWebAction>
[2020-01-13 10:54:48:048] INFO  - <XCron-Server>Service <SVC_MS_003>
[2020-01-13 10:54:48:048] DEBUG - <XCron-Server>RequestGroup <msens.xcron.hansol.searchResultWebAction2>
[2020-01-13 10:54:48:048] INFO  - <XCron-Server>Service <SVC_MS_003_1>
[2020-01-13 10:54:48:048] DEBUG - <XCron-Server>RequestGroup <msens.xcron.hansol.graderesultwebaction>
[2020-01-13 10:54:48:048] INFO  - <XCron-Server>Service <SVC_MS_004>
[2020-01-13 10:54:48:048] DEBUG - <XCron-Server>RequestGroup <msens.xcron.hansol.graderesultwebaction2>
[2020-01-13 10:54:49:049] INFO  - <XCron-Server>Service <SVC_MS_004_1>
[2020-01-13 10:54:49:049] DEBUG - <XCron-Server>RequestGroup <msens.xcron.hansol.autoAssignwebaction>
[2020-01-13 10:54:49:049] INFO  - <XCron-Server>Service <SVC_MS_005>
[2020-01-13 10:54:49:049] DEBUG - <XCron-Server>RequestGroup <msens.xcron.hansol.autoAssignwebaction2>
[2020-01-13 10:54:49:049] INFO  - <XCron-Server>Service <SVC_MS_005_1>
[2020-01-13 10:54:49:049] DEBUG - <XCron-Server>RequestGroup <msens.xcron.hansol.systeminfocachecall>
[2020-01-13 10:54:49:049] INFO  - <XCron-Server>Service <SVC_MS_007>
[2020-01-13 10:54:49:049] DEBUG - <XCron-Server>RequestGroup <msens.xcron.hansol.getRealtimewebaction>
[2020-01-13 10:54:49:049] INFO  - <XCron-Server>Service <SVC_MS_008>
[2020-01-13 10:54:49:049] DEBUG - <XCron-Server>RequestGroup <msens.xcron.hansol.getRealtimewebaction2>
[2020-01-13 10:54:49:049] INFO  - <XCron-Server>Service <SVC_MS_008_1>
[2020-01-13 10:54:49:049] DEBUG - <XCron-Server>[ Name=from_date Length=8 DefaultValue= Type=STRING Direction=IN Validation= ]
[2020-01-13 10:54:49:049] DEBUG - <XCron-Server>[ Name=to_date Length=8 DefaultValue= Type=STRING Direction=IN Validation= ]
[2020-01-13 10:54:49:049] DEBUG - <XCron-Server>RequestGroup <db.msens.ms_stt_meta_flages.update>
[2020-01-13 10:54:49:049] INFO  - <XCron-Server>Service <SVC_MS_009>
[2020-01-13 10:54:49:049] DEBUG - <XCron-Server>RequestGroup <msens.xcron.hansol.sttContentSplitWebaction>
[2020-01-13 10:54:49:049] INFO  - <XCron-Server>Service <SVC_MS_012>
[2020-01-13 10:54:49:049] DEBUG - <XCron-Server>RequestGroup <msens.xcron.hansol.sttContentSplitWebaction2>
[2020-01-13 10:54:49:049] INFO  - <XCron-Server>Service <SVC_MS_012_1>
[2020-01-13 10:54:49:049] DEBUG - <XCron-Server>RequestGroup <db.tm.tb_pre_est_history.select, db.msens.tm.tb_pre_est_history.insert>
[2020-01-13 10:54:49:049] DEBUG - <XCron-Server>RequestGroup <db.tm.ms_bef_est_score.select,db.msens.ms_bef_est_score.insert>
[2020-01-13 10:54:49:049] INFO  - <XCron-Server>Service <SVC_MS_013>
[2020-01-13 10:54:49:049] DEBUG - <XCron-Server>RequestGroup <msens.xcron.hansol.codeutilWebaction>
[2020-01-13 10:54:49:049] INFO  - <XCron-Server>Service <SVC_MS_020>
[2020-01-13 10:54:49:049] DEBUG - <XCron-Server>[ Name=from_date Length=8 DefaultValue= Type=STRING Direction=IN Validation= ]
[2020-01-13 10:54:49:049] DEBUG - <XCron-Server>[ Name=to_date Length=8 DefaultValue= Type=STRING Direction=IN Validation= ]
[2020-01-13 10:54:49:049] DEBUG - <XCron-Server>RequestGroup <msens.xcron.hansol.sttBulkWebAction>
[2020-01-13 10:54:49:049] INFO  - <XCron-Server>Service <SVC_MS_014>
[2020-01-13 10:54:49:049] DEBUG - <XCron-Server>RequestGroup <msens.xcron.hansol.qstmngbulkWebaction>
[2020-01-13 10:54:49:049] INFO  - <XCron-Server>Service <SVC_BATCH_001>
[2020-01-13 10:54:49:049] DEBUG - <XCron-Server>RequestGroup <msens.xcron.hansol.autoDownload>
[2020-01-13 10:54:49:049] INFO  - <XCron-Server>Service <SVC_MS_015>
[2020-01-13 10:54:49:049] DEBUG - <XCron-Server>[ Name=from_date Length=8 DefaultValue= Type=STRING Direction=IN Validation= ]
[2020-01-13 10:54:49:049] DEBUG - <XCron-Server>[ Name=to_date Length=8 DefaultValue= Type=STRING Direction=IN Validation= ]
[2020-01-13 10:54:49:049] DEBUG - <XCron-Server>RequestGroup <db.tm.getBefMrLs,db.msens.ms_bef_mrls_list.insert>
[2020-01-13 10:54:49:049] INFO  - <XCron-Server>Service <SVC_MS_016>
[2020-01-13 10:54:49:049] DEBUG - <XCron-Server>RequestGroup <msens.xcron.hansol.mrLsListWebAction>
[2020-01-13 10:54:49:049] INFO  - <XCron-Server>Service <SVC_MS_017>
[2020-01-13 10:54:49:049] DEBUG - <XCron-Server>[ id = msens.xcron.hansol.codeutilWebaction
, resultName = 
, batchName = 
, dataSource = 
, parameter = 
, initialize = import java.io.BufferedReader;
						import java.io.InputStreamReader;
						import java.net.URL;
						import java.net.URLConnection;
						import com.inticube.xcron.logs.Logger;
						import java.net.InetAddress;
						
						try {
							String serverIp = InetAddress.getLocalHost().getHostAddress();
							//String sUrl = "http://10.48.241.41:8080/msens/cs.com.codeutil.refresh.do?cmd=refresh";
							
							String sUrl = "http://"+serverIp+":8080/msens/cs.com.codeutil.refresh.do?cmd=refresh";
							
							URL url = new URL(sUrl);
							URLConnection urlConnection = url.openConnection();
							            
							BufferedReader in = new BufferedReader(new InputStreamReader(urlConnection.getInputStream()));
							
							String inputLine = "";
										
							while ((inputLine = in.readLine()) != null) { 
								System.out.println(inputLine);
							}
							
							in.close();
						} catch(Exception e) {
							Logger.error(e.getMessage(), e);
						}
. finalize = 
. validationAction = Skip
]
[2020-01-13 10:54:49:049] DEBUG - <XCron-Server>[ id = msens.xcron.hansol.sttmetawebaction
, resultName = 
, batchName = 
, dataSource = 
, parameter = 
, initialize = import java.io.BufferedReader;
						import java.io.InputStreamReader;
						import java.net.URL;
						import java.net.URLConnection;
						import com.inticube.xcron.logs.Logger;
						import java.net.InetAddress;
						
						try {
							String serverIp = InetAddress.getLocalHost().getHostAddress();
							String sUrl = "http://"+serverIp+":8080/msens/msens.xcron.hansol.sttmetawebaction.do";
							
							//String sUrl = "http://10.48.241.41:8080/msens/msens.xcron.hansol.sttmetawebaction.do";
							URL url = new URL(sUrl);
							URLConnection urlConnection = url.openConnection();
							            
							BufferedReader in = new BufferedReader(new InputStreamReader(urlConnection.getInputStream()));
							
							String inputLine = "";
										
							while ((inputLine = in.readLine()) != null) { 
								System.out.println(inputLine);
							}
							
							in.close();
						} catch(Exception e) {
							Logger.error(e.getMessage(), e);
						}
. finalize = 
. validationAction = Skip
]
[2020-01-13 10:54:49:049] DEBUG - <XCron-Server>[ id = msens.xcron.hansol.sttmetawebaction2
, resultName = 
, batchName = 
, dataSource = 
, parameter = 
, initialize = import java.io.BufferedReader;
						import java.io.InputStreamReader;
						import java.net.URL;
						import java.net.URLConnection;
						import com.inticube.xcron.logs.Logger;
						import java.net.InetAddress;
						
						try {
							String serverIp = InetAddress.getLocalHost().getHostAddress();
							String sUrl = "http://"+serverIp+":8080/msens/msens.xcron.hansol.sttmetawebaction.do";
							//String sUrl = "http://10.48.241.41:8080/msens/msens.xcron.hansol.sttmetawebaction.do";
							URL url = new URL(sUrl);
							URLConnection urlConnection = url.openConnection();
							            
							BufferedReader in = new BufferedReader(new InputStreamReader(urlConnection.getInputStream()));
							
							String inputLine = "";
										
							while ((inputLine = in.readLine()) != null) { 
								System.out.println(inputLine);
							}
							
							in.close();
						} catch(Exception e) {
							Logger.error(e.getMessage(), e);
						}
. finalize = 
. validationAction = Skip
]
[2020-01-13 10:54:49:049] DEBUG - <XCron-Server>[ id = msens.xcron.hansol.scriptResultWebAction
, resultName = 
, batchName = 
, dataSource = 
, parameter = 
, initialize = import java.io.BufferedReader;
						import java.io.InputStreamReader;
						import java.net.URL;
						import java.net.URLConnection;
						import com.inticube.xcron.logs.Logger;
						import java.net.InetAddress;
						
						
						try {
							String serverIp = InetAddress.getLocalHost().getHostAddress();
							String sUrl = "http://"+serverIp+":8080/msens/msens.xcron.hansol.scriptresultwebaction.do";
							//String sUrl = "http://10.48.241.41:8080/msens/msens.xcron.hansol.scriptresultwebaction.do";
							URL url = new URL(sUrl);
							URLConnection urlConnection = url.openConnection();
							            
							BufferedReader in = new BufferedReader(new InputStreamReader(urlConnection.getInputStream()));
							
							String inputLine = "";
										
							while ((inputLine = in.readLine()) != null) { 
								System.out.println(inputLine);
							}
							
							in.close();
						} catch(Exception e) {
							Logger.error(e.getMessage(), e);
						}
. finalize = 
. validationAction = Skip
]
[2020-01-13 10:54:49:049] DEBUG - <XCron-Server>[ id = msens.xcron.hansol.scriptResultWebAction2
, resultName = 
, batchName = 
, dataSource = 
, parameter = 
, initialize = import java.io.BufferedReader;
						import java.io.InputStreamReader;
						import java.net.URL;
						import java.net.URLConnection;
						import com.inticube.xcron.logs.Logger;
						import java.net.InetAddress;
						
						try {
							String serverIp = InetAddress.getLocalHost().getHostAddress();
							String sUrl = "http://"+serverIp+":8080/msens/msens.xcron.hansol.scriptresultwebaction.do";
							//String sUrl = "http://10.48.241.41:8080/msens/msens.xcron.hansol.scriptresultwebaction.do";
							URL url = new URL(sUrl);
							URLConnection urlConnection = url.openConnection();
							            
							BufferedReader in = new BufferedReader(new InputStreamReader(urlConnection.getInputStream()));
							
							String inputLine = "";
										
							while ((inputLine = in.readLine()) != null) { 
								System.out.println(inputLine);
							}
							
							in.close();
						} catch(Exception e) {
							Logger.error(e.getMessage(), e);
						}
. finalize = 
. validationAction = Skip
]
[2020-01-13 10:54:49:049] DEBUG - <XCron-Server>[ id = msens.xcron.hansol.searchResultWebAction
, resultName = 
, batchName = 
, dataSource = 
, parameter = 
, initialize = import java.io.BufferedReader;
						import java.io.InputStreamReader;
						import java.net.URL;
						import java.net.URLConnection;
						import com.inticube.xcron.logs.Logger;
						import java.net.InetAddress;
						
						try {
							String serverIp = InetAddress.getLocalHost().getHostAddress();
							String sUrl = "http://"+serverIp+":8080/msens/msens.xcron.hansol.searchResultWebAction.do";
							//String sUrl = "http://10.48.241.41:8080/msens/msens.xcron.hansol.searchResultWebAction.do";
							URL url = new URL(sUrl);
							URLConnection urlConnection = url.openConnection();
							            
							BufferedReader in = new BufferedReader(new InputStreamReader(urlConnection.getInputStream()));
							
							String inputLine = "";
										
							while ((inputLine = in.readLine()) != null) { 
								System.out.println(inputLine);
							}
							
							in.close();
						} catch(Exception e) {
							Logger.error(e.getMessage(), e);
						}
. finalize = 
. validationAction = Skip
]
[2020-01-13 10:54:49:049] DEBUG - <XCron-Server>[ id = msens.xcron.hansol.searchResultWebAction2
, resultName = 
, batchName = 
, dataSource = 
, parameter = 
, initialize = import java.io.BufferedReader;
						import java.io.InputStreamReader;
						import java.net.URL;
						import java.net.URLConnection;
						import com.inticube.xcron.logs.Logger;
						import java.net.InetAddress;
						
						try {
							String serverIp = InetAddress.getLocalHost().getHostAddress();
							String sUrl = "http://"+serverIp+":8080/msens/msens.xcron.hansol.searchResultWebAction.do";
							//String sUrl = "http://10.48.241.41:8080/msens/msens.xcron.hansol.searchResultWebAction.do";
							URL url = new URL(sUrl);
							URLConnection urlConnection = url.openConnection();
							            
							BufferedReader in = new BufferedReader(new InputStreamReader(urlConnection.getInputStream()));
							
							String inputLine = "";
										
							while ((inputLine = in.readLine()) != null) { 
								System.out.println(inputLine);
							}
							
							in.close();
						} catch(Exception e) {
							Logger.error(e.getMessage(), e);
						}
. finalize = 
. validationAction = Skip
]
[2020-01-13 10:54:49:049] DEBUG - <XCron-Server>[ id = msens.xcron.hansol.graderesultwebaction
, resultName = 
, batchName = 
, dataSource = 
, parameter = 
, initialize = import java.io.BufferedReader;
						import java.io.InputStreamReader;
						import java.net.URL;
						import java.net.URLConnection;
						import com.inticube.xcron.logs.Logger;
						import java.net.InetAddress;
						
						try {
							String serverIp = InetAddress.getLocalHost().getHostAddress();
							String sUrl = "http://"+serverIp+":8080/msens/msens.xcron.hansol.graderesultwebaction.do";
							//String sUrl = "http://10.48.241.41:8080/msens/msens.xcron.hansol.graderesultwebaction.do";
							URL url = new URL(sUrl);
							URLConnection urlConnection = url.openConnection();
							            
							BufferedReader in = new BufferedReader(new InputStreamReader(urlConnection.getInputStream()));
							
							String inputLine = "";
										
							while ((inputLine = in.readLine()) != null) { 
								System.out.println(inputLine);
							}
							
							in.close();
						} catch(Exception e) {
							Logger.error(e.getMessage(), e);
						}
. finalize = 
. validationAction = Skip
]
[2020-01-13 10:54:49:049] DEBUG - <XCron-Server>[ id = msens.xcron.hansol.graderesultwebaction2
, resultName = 
, batchName = 
, dataSource = 
, parameter = 
, initialize = import java.io.BufferedReader;
						import java.io.InputStreamReader;
						import java.net.URL;
						import java.net.URLConnection;
						import com.inticube.xcron.logs.Logger;
						import java.net.InetAddress;
						
						try {
							String serverIp = InetAddress.getLocalHost().getHostAddress();
							String sUrl = "http://"+serverIp+":8080/msens/msens.xcron.hansol.graderesultwebaction.do";
							//String sUrl = "http://10.48.241.41:8080/msens/msens.xcron.hansol.graderesultwebaction.do";
							URL url = new URL(sUrl);
							URLConnection urlConnection = url.openConnection();
							            
							BufferedReader in = new BufferedReader(new InputStreamReader(urlConnection.getInputStream()));
							
							String inputLine = "";
										
							while ((inputLine = in.readLine()) != null) { 
								System.out.println(inputLine);
							}
							
							in.close();
						} catch(Exception e) {
							Logger.error(e.getMessage(), e);
						}
. finalize = 
. validationAction = Skip
]
[2020-01-13 10:54:49:049] DEBUG - <XCron-Server>[ id = msens.xcron.hansol.autoAssignwebaction
, resultName = 
, batchName = 
, dataSource = 
, parameter = 
, initialize = import java.io.BufferedReader;
						import java.io.InputStreamReader;
						import java.net.URL;
						import java.net.URLConnection;
						import com.inticube.xcron.logs.Logger;
						import java.net.InetAddress;
						
						try {
							String serverIp = InetAddress.getLocalHost().getHostAddress();
							String sUrl = "http://"+serverIp+":8080/msens/msens.xcron.hansol.autoAssignwebaction.do";
							//String sUrl = "http://10.48.241.41:8080/msens/msens.xcron.hansol.autoAssignwebaction.do";
							URL url = new URL(sUrl);
							URLConnection urlConnection = url.openConnection();
							            
							BufferedReader in = new BufferedReader(new InputStreamReader(urlConnection.getInputStream()));
							
							String inputLine = "";
										
							while ((inputLine = in.readLine()) != null) { 
								System.out.println(inputLine);
							}
							
							in.close();
						} catch(Exception e) {
							Logger.error(e.getMessage(), e);
						}
. finalize = 
. validationAction = Skip
]
[2020-01-13 10:54:49:049] DEBUG - <XCron-Server>[ id = msens.xcron.hansol.autoAssignwebaction2
, resultName = 
, batchName = 
, dataSource = 
, parameter = 
, initialize = import java.io.BufferedReader;
						import java.io.InputStreamReader;
						import java.net.URL;
						import java.net.URLConnection;
						import com.inticube.xcron.logs.Logger;
						import java.net.InetAddress;
						
						try {
							String serverIp = InetAddress.getLocalHost().getHostAddress();
							String sUrl = "http://"+serverIp+":8080/msens/msens.xcron.hansol.autoAssignwebaction.do";
							//String sUrl = "http://10.48.241.41:8080/msens/msens.xcron.hansol.autoAssignwebaction.do";
							URL url = new URL(sUrl);
							URLConnection urlConnection = url.openConnection();
							            
							BufferedReader in = new BufferedReader(new InputStreamReader(urlConnection.getInputStream()));
							
							String inputLine = "";
										
							while ((inputLine = in.readLine()) != null) { 
								System.out.println(inputLine);
							}
							
							in.close();
						} catch(Exception e) {
							Logger.error(e.getMessage(), e);
						}
. finalize = 
. validationAction = Skip
]
[2020-01-13 10:54:49:049] DEBUG - <XCron-Server>[ id = msens.xcron.hansol.dashboardcachecall
, resultName = 
, batchName = 
, dataSource = 
, parameter = 
, initialize = import java.io.BufferedReader;
						import java.io.InputStreamReader;
						import java.net.URL;
						import java.net.URLConnection;
						import com.inticube.xcron.logs.Logger;
						import java.net.InetAddress;
						
						try {
							String serverIp = InetAddress.getLocalHost().getHostAddress();
							String sUrl = "http://"+serverIp+":8080/msens/msens.xcron.hansol.dashboardcachecall.do";
							//String sUrl = "http://10.48.241.41:8080/msens/msens.xcron.hansol.dashboardcachecall.do";
							URL url = new URL(sUrl);
							URLConnection urlConnection = url.openConnection();
							            
							BufferedReader in = new BufferedReader(new InputStreamReader(urlConnection.getInputStream()));
							
							String inputLine = "";
										
							while ((inputLine = in.readLine()) != null) { 
								System.out.println(inputLine);
							}
							
							in.close();
						} catch(Exception e) {
							Logger.error(e.getMessage(), e);
						}
. finalize = 
. validationAction = Skip
]
[2020-01-13 10:54:49:049] DEBUG - <XCron-Server>[ id = msens.xcron.hansol.qstmngWebaction
, resultName = 
, batchName = 
, dataSource = 
, parameter = 
, initialize = import java.io.BufferedReader;
						import java.io.InputStreamReader;
						import java.net.URL;
						import java.net.URLConnection;
						import com.inticube.xcron.logs.Logger;
						import java.net.InetAddress;
						
						try {
							String serverIp = InetAddress.getLocalHost().getHostAddress();
							String sUrl = "http://"+serverIp+":8080/msens/msens.xcron.hansol.qstMngWebaction.do";
							//String sUrl = "http://10.48.241.41:8080/msens/msens.xcron.hansol.qstMngWebaction.do";
							
							String from_date = params.getValue("#PARAM").getString("from_date");
							String to_date = params.getValue("#PARAM").getString("to_date");
							//if(from_date.equals("")) from_date = "";
							//파라미터 안보내면 어제꺼 작업함.
							sUrl += "?from_date=" + from_date + "&to_date=" + to_date;
							
							URL url = new URL(sUrl);
							URLConnection urlConnection = url.openConnection();
							            
							BufferedReader in = new BufferedReader(new InputStreamReader(urlConnection.getInputStream()));
							
							String inputLine = "";
										
							while ((inputLine = in.readLine()) != null) { 
								System.out.println(inputLine);
							}
							
							in.close();
						} catch(Exception e) {
							Logger.error(e.getMessage(), e);
						}
. finalize = 
. validationAction = Skip
]
[2020-01-13 10:54:49:049] DEBUG - <XCron-Server>[ id = msens.xcron.hansol.VRSParserWebaction
, resultName = 
, batchName = 
, dataSource = 
, parameter = 
, initialize = import java.io.BufferedReader;
						import java.io.InputStreamReader;
						import java.net.URL;
						import java.net.URLConnection;
						import com.inticube.xcron.logs.Logger;
						import java.net.InetAddress;
						
						try {
							String serverIp = InetAddress.getLocalHost().getHostAddress();
							String sUrl = "http://"+serverIp+":8080/msens/msens.xcron.hansol.VRSParserWebAction.do";
							//String sUrl = "http://10.48.241.41:8080/msens/msens.xcron.hansol.VRSParserWebAction.do";
								
							String from_date = params.getValue("#PARAM").getString("from_date");
							String to_date = params.getValue("#PARAM").getString("to_date");
							sUrl += "?from_date=" + from_date + "&to_date=" + to_date;
	
							URL url = new URL(sUrl);
							URLConnection urlConnection = url.openConnection();
							            
							BufferedReader in = new BufferedReader(new InputStreamReader(urlConnection.getInputStream()));
							
							String inputLine = "";
										
							while ((inputLine = in.readLine()) != null) { 
								System.out.println(inputLine);
							}
							
							in.close();
						} catch(Exception e) {
							Logger.error(e.getMessage(), e);
						}
. finalize = 
. validationAction = Skip
]
[2020-01-13 10:54:49:049] DEBUG - <XCron-Server>[ id = msens.xcron.hansol.alarmmonitoringcachecall
, resultName = 
, batchName = 
, dataSource = 
, parameter = 
, initialize = import java.io.BufferedReader;
						import java.io.InputStreamReader;
						import java.net.URL;
						import java.net.URLConnection;
						import com.inticube.xcron.logs.Logger;
						import java.net.InetAddress;
						
						try {
							String serverIp = InetAddress.getLocalHost().getHostAddress();
							String sUrl = "http://"+serverIp+":8080/msens/msens.xcron.hansol.alarmmonitoringcachecall.do";
							//String sUrl = "http://10.48.241.41:8080/msens/msens.xcron.hansol.alarmmonitoringcachecall.do";
							URL url = new URL(sUrl);
							URLConnection urlConnection = url.openConnection();
							            
							BufferedReader in = new BufferedReader(new InputStreamReader(urlConnection.getInputStream()));
							
							String inputLine = "";
										
							while ((inputLine = in.readLine()) != null) { 
								System.out.println(inputLine);
							}
							
							in.close();
						} catch(Exception e) {
							Logger.error(e.getMessage(), e);
						}
. finalize = 
. validationAction = Skip
]
[2020-01-13 10:54:49:049] DEBUG - <XCron-Server>[ id = msens.xcron.hansol.systeminfocachecall
, resultName = 
, batchName = 
, dataSource = 
, parameter = 
, initialize = import java.io.BufferedReader;
						import java.io.InputStreamReader;
						import java.net.URL;
						import java.net.URLConnection;
						import com.inticube.xcron.logs.Logger;
						import java.net.InetAddress;
						
						try {
							String serverIp = InetAddress.getLocalHost().getHostAddress();
							String sUrl = "http://"+serverIp+":8080/msens/msens.xcron.hansol.systeminfocachecall.do";
							//String sUrl = "http://10.48.241.41:8080/msens/msens.xcron.hansol.systeminfocachecall.do";
							URL url = new URL(sUrl);
							URLConnection urlConnection = url.openConnection();
							            
							BufferedReader in = new BufferedReader(new InputStreamReader(urlConnection.getInputStream()));
							
							String inputLine = "";
										
							while ((inputLine = in.readLine()) != null) { 
								System.out.println(inputLine);
							}
							
							in.close();
						} catch(Exception e) {
							Logger.error(e.getMessage(), e);
						}
. finalize = 
. validationAction = Skip
]
[2020-01-13 10:54:49:049] DEBUG - <XCron-Server>[ id = msens.xcron.hansol.getRealtimewebaction
, resultName = 
, batchName = 
, dataSource = 
, parameter = 
, initialize = import java.io.BufferedReader;
						import java.io.InputStreamReader;
						import java.net.URL;
						import java.net.URLConnection;
						import com.inticube.xcron.logs.Logger;
						import java.net.InetAddress;
						
						try {
							String serverIp = InetAddress.getLocalHost().getHostAddress();
							String sUrl = "http://"+serverIp+":8080/msens/msens.xcron.hansol.getRealtimewebaction.do";
							//String sUrl = "http://10.48.241.41:8080/msens/msens.xcron.hansol.getRealtimewebaction.do";
							URL url = new URL(sUrl);
							URLConnection urlConnection = url.openConnection();
							            
							BufferedReader in = new BufferedReader(new InputStreamReader(urlConnection.getInputStream()));
							
							String inputLine = "";
										
							while ((inputLine = in.readLine()) != null) { 
								System.out.println(inputLine);
							}
							
							in.close();
						} catch(Exception e) {
							Logger.error(e.getMessage(), e);
						}
. finalize = 
. validationAction = Skip
]
[2020-01-13 10:54:49:049] DEBUG - <XCron-Server>[ id = msens.xcron.hansol.getRealtimewebaction2
, resultName = 
, batchName = 
, dataSource = 
, parameter = 
, initialize = import java.io.BufferedReader;
						import java.io.InputStreamReader;
						import java.net.URL;
						import java.net.URLConnection;
						import com.inticube.xcron.logs.Logger;
						import java.net.InetAddress;
						
						try {
							String serverIp = InetAddress.getLocalHost().getHostAddress();
							String sUrl = "http://"+serverIp+":8080/msens/msens.xcron.hansol.getRealtimewebaction.do";
							//String sUrl = "http://10.48.241.41:8080/msens/msens.xcron.hansol.getRealtimewebaction.do";
							URL url = new URL(sUrl);
							URLConnection urlConnection = url.openConnection();
							            
							BufferedReader in = new BufferedReader(new InputStreamReader(urlConnection.getInputStream()));
							
							String inputLine = "";
										
							while ((inputLine = in.readLine()) != null) { 
								System.out.println(inputLine);
							}
							
							in.close();
						} catch(Exception e) {
							Logger.error(e.getMessage(), e);
						}
. finalize = 
. validationAction = Skip
]
[2020-01-13 10:54:49:049] DEBUG - <XCron-Server>[ id = msens.xcron.hansol.sttEncryptWebaction
, resultName = 
, batchName = 
, dataSource = 
, parameter = 
, initialize = import java.io.BufferedReader;
						import java.io.InputStreamReader;
						import java.net.URL;
						import java.net.URLConnection;
						import com.inticube.xcron.logs.Logger;
						import java.net.InetAddress;
						
						try {
							String serverIp = InetAddress.getLocalHost().getHostAddress();
							String sUrl = "http://"+serverIp+":8080/msens/msens.xcron.hansol.sttEncryptWebaction.do";
							//String sUrl = "http://10.48.241.41:8080/msens/msens.xcron.hansol.sttEncryptWebaction.do";
							URL url = new URL(sUrl);
							URLConnection urlConnection = url.openConnection();
							            
							BufferedReader in = new BufferedReader(new InputStreamReader(urlConnection.getInputStream()));
							
							String inputLine = "";
										
							while ((inputLine = in.readLine()) != null) { 
								System.out.println(inputLine);
							}
							
							in.close();
						} catch(Exception e) {
							Logger.error(e.getMessage(), e);
						}
. finalize = 
. validationAction = Skip
]
[2020-01-13 10:54:49:049] DEBUG - <XCron-Server>[ id = msens.xcron.hansol.sttContentSplitWebaction
, resultName = 
, batchName = 
, dataSource = 
, parameter = 
, initialize = import java.io.BufferedReader;
						import java.io.InputStreamReader;
						import java.net.URL;
						import java.net.URLConnection;
						import com.inticube.xcron.logs.Logger;
						import java.net.InetAddress;
						
						try {
							String serverIp = InetAddress.getLocalHost().getHostAddress();
							String sUrl = "http://"+serverIp+":8080/msens/msens.xcron.hansol.sttContentSplitWebaction.do";
							//String sUrl = "http://10.48.241.41:8080/msens/msens.xcron.hansol.sttContentSplitWebaction.do";
							URL url = new URL(sUrl);
							URLConnection urlConnection = url.openConnection();
							            
							BufferedReader in = new BufferedReader(new InputStreamReader(urlConnection.getInputStream()));
							
							String inputLine = "";
										
							while ((inputLine = in.readLine()) != null) { 
								System.out.println(inputLine);
							}
							
							in.close();
						} catch(Exception e) {
							Logger.error(e.getMessage(), e);
						}
. finalize = 
. validationAction = Skip
]
[2020-01-13 10:54:49:049] DEBUG - <XCron-Server>[ id = msens.xcron.hansol.sttContentSplitWebaction2
, resultName = 
, batchName = 
, dataSource = 
, parameter = 
, initialize = import java.io.BufferedReader;
						import java.io.InputStreamReader;
						import java.net.URL;
						import java.net.URLConnection;
						import com.inticube.xcron.logs.Logger;
						import java.net.InetAddress;
						
						try {
							String serverIp = InetAddress.getLocalHost().getHostAddress();
							String sUrl = "http://"+serverIp+":8080/msens/msens.xcron.hansol.sttContentSplitWebaction.do";
							//String sUrl = "http://10.48.241.41:8080/msens/msens.xcron.hansol.sttContentSplitWebaction.do";
							URL url = new URL(sUrl);
							URLConnection urlConnection = url.openConnection();
							            
							BufferedReader in = new BufferedReader(new InputStreamReader(urlConnection.getInputStream()));
							
							String inputLine = "";
										
							while ((inputLine = in.readLine()) != null) { 
								System.out.println(inputLine);
							}
							
							in.close();
						} catch(Exception e) {
							Logger.error(e.getMessage(), e);
						}
. finalize = 
. validationAction = Skip
]
[2020-01-13 10:54:49:049] DEBUG - <XCron-Server>[ id = msens.xcron.hansol.sttBulkWebAction
, resultName = 
, batchName = 
, dataSource = 
, parameter = 
, initialize = import java.io.BufferedReader;
						import java.io.InputStreamReader;
						import java.net.URL;
						import java.net.URLConnection;
						import com.inticube.xcron.logs.Logger;
						import java.net.InetAddress;
						
						try {
							String serverIp = InetAddress.getLocalHost().getHostAddress();
							String sUrl = "http://"+serverIp+":8080/msens/msens.xcron.hansol.sttBulkWebAction.do";
							//String sUrl = "http://10.48.241.41:8080/msens/msens.xcron.hansol.sttBulkWebAction.do";
														
							String from_date = params.getValue("#PARAM").getString("from_date");
							String to_date = params.getValue("#PARAM").getString("to_date");
							
							sUrl += "?from_date=" + from_date + "&to_date=" + to_date;
	
							URL url = new URL(sUrl);
							URLConnection urlConnection = url.openConnection();
							            
							BufferedReader in = new BufferedReader(new InputStreamReader(urlConnection.getInputStream()));
							
							String inputLine = "";
										
							while ((inputLine = in.readLine()) != null) { 
								System.out.println(inputLine);
							}
							
							in.close();
						} catch(Exception e) {
							Logger.error(e.getMessage(), e);
						}
. finalize = 
. validationAction = Skip
]
[2020-01-13 10:54:50:050] DEBUG - <XCron-Server>[ id = msens.xcron.hansol.qstmngbulkWebaction
, resultName = 
, batchName = 
, dataSource = 
, parameter = 
, initialize = import java.io.BufferedReader;
						import java.io.InputStreamReader;
						import java.net.URL;
						import java.net.URLConnection;
						import com.inticube.xcron.logs.Logger;
						import java.net.InetAddress;
						
						try {
							String serverIp = InetAddress.getLocalHost().getHostAddress();
							String sUrl = "http://"+serverIp+":8080/msens/msens.xcron.hansol.autoDownload.do";
							//String sUrl = "http://10.48.241.41:8080/msens/"msens.xcron.hansol.autoDownload.do";
								
							URL url = new URL(sUrl);
							URLConnection urlConnection = url.openConnection();
							            
							BufferedReader in = new BufferedReader(new InputStreamReader(urlConnection.getInputStream()));
							
							String inputLine = "";
										
							while ((inputLine = in.readLine()) != null) { 
								System.out.println(inputLine);
							}
							
							in.close();
						} catch(Exception e) {
							Logger.error(e.getMessage(), e);
						}
. finalize = 
. validationAction = Skip
]
[2020-01-13 10:54:50:050] DEBUG - <XCron-Server>[ id = msens.xcron.hansol.autoDownload
, resultName = 
, batchName = 
, dataSource = 
, parameter = 
, initialize = import java.io.BufferedReader;
						import java.io.InputStreamReader;
						import java.net.URL;
						import java.net.URLConnection;
						import com.inticube.xcron.logs.Logger;
						import java.net.InetAddress;
						
						try {
							String serverIp = InetAddress.getLocalHost().getHostAddress();
							String sUrl = "http://"+serverIp+":8080/msens/msens.xcron.hansol.autoDownload.do";
							//String sUrl = "http://10.48.241.41:8080/msens/"msens.xcron.hansol.autoDownload.do";
														
							URL url = new URL(sUrl);
							URLConnection urlConnection = url.openConnection();
							            
							BufferedReader in = new BufferedReader(new InputStreamReader(urlConnection.getInputStream()));
							
							String inputLine = "";
										
							while ((inputLine = in.readLine()) != null) { 
								System.out.println(inputLine);
							}
							
							in.close();
						} catch(Exception e) {
							Logger.error(e.getMessage(), e);
						}
. finalize = 
. validationAction = Skip
]
[2020-01-13 10:54:50:050] DEBUG - <XCron-Server>[ id = msens.xcron.hansol.mrLsListWebAction
, resultName = 
, batchName = 
, dataSource = 
, parameter = 
, initialize = import java.io.BufferedReader;
						import java.io.InputStreamReader;
						import java.net.URL;
						import java.net.URLConnection;
						import com.inticube.xcron.logs.Logger;
						import java.net.InetAddress;
						
						try {
							String serverIp = InetAddress.getLocalHost().getHostAddress();
							String sUrl = "http://"+serverIp+":8080/msens/msens.xcron.hansol.mrLsListWebAction.do";
							//String sUrl = "http://10.48.241.41:8080/msens/"msens.xcron.hansol.mrLsListWebAction.do";
							URL url = new URL(sUrl);
							URLConnection urlConnection = url.openConnection();
							            
							BufferedReader in = new BufferedReader(new InputStreamReader(urlConnection.getInputStream()));
							
							String inputLine = "";
										
							while ((inputLine = in.readLine()) != null) { 
								System.out.println(inputLine);
							}
							
							in.close();
						} catch(Exception e) {
							Logger.error(e.getMessage(), e);
						}
. finalize = 
. validationAction = Skip
]
[2020-01-13 10:54:50:050] DEBUG - <XCron-Server>[ id = db.tm.tb_pre_est_history.select
, resultName = TB_PRE_EST_ALLOCATE_HISTORY
, batchName = 
, dataSource = tmdatasource
, parameter = 
, initialize = 
. finalize = 
. validationAction = Skip
]
[2020-01-13 10:54:50:050] DEBUG - <XCron-Server>[ id = db.msens.tm.tb_pre_est_history.insert
, resultName = 
, batchName = TB_PRE_EST_ALLOCATE_HISTORY
, dataSource = msensdatasource
, parameter = 
, initialize = 
. finalize = 
. validationAction = Skip
]
[2020-01-13 10:54:50:050] DEBUG - <XCron-Server>[ id = db.tm.ms_bef_est_score.select
, resultName = MS_BEF_EST_SCORE
, batchName = 
, dataSource = tmdatasource
, parameter = 
, initialize = 
. finalize = 
. validationAction = Skip
]
[2020-01-13 10:54:50:050] DEBUG - <XCron-Server>[ id = db.msens.ms_bef_est_score.insert
, resultName = 
, batchName = MS_BEF_EST_SCORE
, dataSource = msensdatasource
, parameter = 
, initialize = 
. finalize = 
. validationAction = Skip
]
[2020-01-13 10:54:50:050] DEBUG - <XCron-Server>[ id = log.insertservicelog
, resultName = 
, batchName = _Log
, dataSource = msensdatasource
, parameter = 
, initialize = 
. finalize = 
. validationAction = Skip
]
[2020-01-13 10:54:50:050] DEBUG - <XCron-Server>[ id = db.tm.tb_group_info.select
, resultName = TM_GROUP_INGO
, batchName = 
, dataSource = tmdatasource
, parameter = #param
, initialize = 
. finalize = 
. validationAction = Skip
]
[2020-01-13 10:54:50:050] DEBUG - <XCron-Server>[ id = db.msens.ms_dept.insert
, resultName = 
, batchName = TM_GROUP_INGO
, dataSource = msensdatasource
, parameter = 
, initialize = 
. finalize = 
. validationAction = Skip
]
[2020-01-13 10:54:50:050] DEBUG - <XCron-Server>[ id = db.tm.tb_codebook_SYS057.select
, resultName = TB_CODEBOOK
, batchName = 
, dataSource = tmdatasource
, parameter = 
, initialize = 
. finalize = 
. validationAction = Skip
]
[2020-01-13 10:54:50:050] DEBUG - <XCron-Server>[ id = db.msens.ms_codebook_SYS002.insert
, resultName = 
, batchName = TB_CODEBOOK
, dataSource = msensdatasource
, parameter = 
, initialize = 
. finalize = 
. validationAction = Skip
]
[2020-01-13 10:54:50:050] DEBUG - <XCron-Server>[ id = db.tm.tb_user.select
, resultName = TB_USER
, batchName = 
, dataSource = tmdatasource
, parameter = #param
, initialize = 
. finalize = 
. validationAction = Skip
]
[2020-01-13 10:54:50:050] DEBUG - <XCron-Server>[ id = db.msens.ms_usermaster_batch.insert
, resultName = 
, batchName = TB_USER
, dataSource = msensdatasource
, parameter = 
, initialize = 
. finalize = 
. validationAction = Skip
]
[2020-01-13 10:54:50:050] DEBUG - <XCron-Server>[ id = db.tm.tb_codebook_SYS999_SYS001.select
, resultName = TB_CODEBOOK
, batchName = 
, dataSource = tmdatasource
, parameter = 
, initialize = 
. finalize = 
. validationAction = Skip
]
[2020-01-13 10:54:50:050] DEBUG - <XCron-Server>[ id = db.msens.ms_codebook_SYS001_SYS011.insert
, resultName = 
, batchName = TB_CODEBOOK
, dataSource = msensdatasource
, parameter = 
, initialize = 
. finalize = 
. validationAction = Skip
]
[2020-01-13 10:54:50:050] DEBUG - <XCron-Server>[ id = db.tm.tb_user_workmonth.select
, resultName = TB_USER
, batchName = 
, dataSource = tmdatasource
, parameter = 
, initialize = 
. finalize = 
. validationAction = Skip
]
[2020-01-13 10:54:50:050] DEBUG - <XCron-Server>[ id = db.msens.ms_usermaster_workmonth.update
, resultName = 
, batchName = TB_USER
, dataSource = msensdatasource
, parameter = 
, initialize = 
. finalize = 
. validationAction = Skip
]
[2020-01-13 10:54:50:050] DEBUG - <XCron-Server>[ id = db.tm.tb_pre_est_allocate_mng.select
, resultName = TB_PRE_EST_ALLOCATE_MNG
, batchName = 
, dataSource = tmdatasource
, parameter = #param
, initialize = 
. finalize = 
. validationAction = Skip
]
[2020-01-13 10:54:50:050] DEBUG - <XCron-Server>[ id = db.msens.tb_pre_est_allocate_mng.insert
, resultName = 
, batchName = TB_PRE_EST_ALLOCATE_MNG
, dataSource = msensdatasource
, parameter = 
, initialize = 
. finalize = 
. validationAction = Skip
]
[2020-01-13 10:54:50:050] DEBUG - <XCron-Server>[ id = db.tm.tb_sc_code_mng.select
, resultName = TB_SC_CODE_MNG
, batchName = 
, dataSource = tmdatasource
, parameter = 
, initialize = 
. finalize = 
. validationAction = Skip
]
[2020-01-13 10:54:50:050] DEBUG - <XCron-Server>[ id = db.msens.tb_sc_code_mng.insert
, resultName = 
, batchName = TB_SC_CODE_MNG
, dataSource = msensdatasource
, parameter = 
, initialize = 
. finalize = 
. validationAction = Skip
]
[2020-01-13 10:54:50:050] DEBUG - <XCron-Server>[ id = db.tm.tb_sc_mng.select
, resultName = TB_SC_MNG
, batchName = 
, dataSource = tmdatasource
, parameter = 
, initialize = 
. finalize = 
. validationAction = Skip
]
[2020-01-13 10:54:50:050] DEBUG - <XCron-Server>[ id = db.msens.tb_sc_mng.insert
, resultName = 
, batchName = TB_SC_MNG
, dataSource = msensdatasource
, parameter = 
, initialize = 
. finalize = 
. validationAction = Skip
]
[2020-01-13 10:54:50:050] DEBUG - <XCron-Server>[ id = db.tm.tb_codebook_SYS119.select
, resultName = TB_CODEBOOK
, batchName = 
, dataSource = tmdatasource
, parameter = 
, initialize = 
. finalize = 
. validationAction = Skip
]
[2020-01-13 10:54:50:050] DEBUG - <XCron-Server>[ id = db.msens.ms_codebook_SYS105.insert
, resultName = 
, batchName = TB_CODEBOOK
, dataSource = msensdatasource
, parameter = 
, initialize = 
. finalize = 
. validationAction = Skip
]
[2020-01-13 10:54:50:050] DEBUG - <XCron-Server>[ id = db.msens.tb_qst_kind_mng.delete
, resultName = 
, batchName = 
, dataSource = msensdatasource
, parameter = 
, initialize = 
. finalize = 
. validationAction = Skip
]
[2020-01-13 10:54:50:050] DEBUG - <XCron-Server>[ id = db.tm.tb_qst_kind_mng.select
, resultName = TB_QST_KIND_MNG
, batchName = 
, dataSource = tmdatasource
, parameter = 
, initialize = 
. finalize = 
. validationAction = Skip
]
[2020-01-13 10:54:50:050] DEBUG - <XCron-Server>[ id = db.msens.tb_qst_kind_mng.insert
, resultName = 
, batchName = TB_QST_KIND_MNG
, dataSource = msensdatasource
, parameter = 
, initialize = 
. finalize = 
. validationAction = Skip
]
[2020-01-13 10:54:50:050] DEBUG - <XCron-Server>[ id = db.tm.tbia101.select
, resultName = TBIA101
, batchName = 
, dataSource = tmdatasource
, parameter = 
, initialize = 
. finalize = 
. validationAction = Skip
]
[2020-01-13 10:54:50:050] DEBUG - <XCron-Server>[ id = db.msens.ms_product.insert
, resultName = 
, batchName = TBIA101
, dataSource = msensdatasource
, parameter = 
, initialize = 
. finalize = 
. validationAction = Skip
]
[2020-01-13 10:54:50:050] DEBUG - <XCron-Server>[ id = db.tm.tbia102.select
, resultName = TAIA102
, batchName = 
, dataSource = tmdatasource
, parameter = 
, initialize = 
. finalize = 
. validationAction = Skip
]
[2020-01-13 10:54:50:050] DEBUG - <XCron-Server>[ id = db.msens.ms_dmbo.insert
, resultName = 
, batchName = TAIA102
, dataSource = msensdatasource
, parameter = 
, initialize = 
. finalize = 
. validationAction = Skip
]
[2020-01-13 10:54:50:050] DEBUG - <XCron-Server>[ id = db.tm.tb_sc_qst_mng.select
, resultName = TB_SC_QST_MNG
, batchName = 
, dataSource = tmdatasource
, parameter = 
, initialize = 
. finalize = 
. validationAction = Skip
]
[2020-01-13 10:54:50:050] DEBUG - <XCron-Server>[ id = db.msens.tb_sc_qst_mng.insert
, resultName = 
, batchName = TB_SC_QST_MNG
, dataSource = msensdatasource
, parameter = 
, initialize = 
. finalize = 
. validationAction = Skip
]
[2020-01-13 10:54:50:050] DEBUG - <XCron-Server>[ id = db.tm.tb_holiday.select
, resultName = TB_HOLIDAY
, batchName = 
, dataSource = tmdatasource
, parameter = #param
, initialize = 
. finalize = 
. validationAction = Skip
]
[2020-01-13 10:54:50:050] DEBUG - <XCron-Server>[ id = db.msens.ms_holiday_info.insert
, resultName = 
, batchName = TB_HOLIDAY
, dataSource = msensdatasource
, parameter = 
, initialize = 
. finalize = 
. validationAction = Skip
]
[2020-01-13 10:54:50:050] DEBUG - <XCron-Server>[ id = db.msens.ms_stt_meta_flages.update
, resultName = 
, batchName = 
, dataSource = msensdatasource
, parameter = #param
, initialize = 
. finalize = 
. validationAction = Skip
]
[2020-01-13 10:54:50:050] DEBUG - <XCron-Server>[ id = db.tm.tb_insu_plan_mast.ass_user.select
, resultName = TB_INSU_PLAN_MAST
, batchName = 
, dataSource = tmdatasource
, parameter = #param
, initialize = 
. finalize = 
. validationAction = Skip
]
[2020-01-13 10:54:50:050] DEBUG - <XCron-Server>[ id = db.msens.ms_stt_meta.ass_user.update
, resultName = 
, batchName = TB_INSU_PLAN_MAST
, dataSource = msensdatasource
, parameter = 
, initialize = 
. finalize = 
. validationAction = Skip
]
[2020-01-13 10:54:50:050] DEBUG - <XCron-Server>[ id = db.msens.ms_stt_meta.cur_con_ent_dgn_no.select
, resultName = MS_STT_META
, batchName = 
, dataSource = msensdatasource
, parameter = #param
, initialize = 
. finalize = 
. validationAction = Skip
]
[2020-01-13 10:54:50:050] DEBUG - <XCron-Server>[ id = db.tm.tb_pre_est_history.est_info.select
, resultName = TB_PRE_EST_HISTORY
, batchName = MS_STT_META
, dataSource = tmdatasource
, parameter = 
, initialize = 
. finalize = 
. validationAction = Skip
]
[2020-01-13 10:54:50:050] DEBUG - <XCron-Server>[ id = db.msens.ms_pre_est_info.est_info.insert
, resultName = 
, batchName = TB_PRE_EST_HISTORY
, dataSource = msensdatasource
, parameter = 
, initialize = 
. finalize = 
. validationAction = Skip
]
[2020-01-13 10:54:50:050] DEBUG - <XCron-Server>[ id = db.msens.ms_qc_work_stat.endtime.update
, resultName = 
, batchName = 
, dataSource = msensdatasource
, parameter = #param
, initialize = 
. finalize = 
. validationAction = Skip
]
[2020-01-13 10:54:50:050] DEBUG - <XCron-Server>[ id = db.msens.ms_ins_timestamp.endtime.update
, resultName = 
, batchName = 
, dataSource = msensdatasource
, parameter = #param
, initialize = 
. finalize = 
. validationAction = Skip
]
[2020-01-13 10:54:50:050] DEBUG - <XCron-Server>[ id = db.msens.ms_qc_work_stat.sum.select
, resultName = MS_QC_WORK_SUM
, batchName = 
, dataSource = msensdatasource
, parameter = #param
, initialize = 
. finalize = 
. validationAction = Skip
]
[2020-01-13 10:54:50:050] DEBUG - <XCron-Server>[ id = db.msens.ms_qc_work_sum.sum.insert
, resultName = 
, batchName = MS_QC_WORK_SUM
, dataSource = msensdatasource
, parameter = 
, initialize = 
. finalize = 
. validationAction = Skip
]
[2020-01-13 10:54:50:050] DEBUG - <XCron-Server>[ id = db.msens.ms_qc_work_stat.delete
, resultName = 
, batchName = 
, dataSource = msensdatasource
, parameter = #param
, initialize = 
. finalize = 
. validationAction = Skip
]
[2020-01-13 10:54:50:050] DEBUG - <XCron-Server>[ id = db.msens.ms_ins_timestamp.sum.select
, resultName = MS_INS_TIMESTAMP
, batchName = 
, dataSource = msensdatasource
, parameter = #param
, initialize = 
. finalize = 
. validationAction = Skip
]
[2020-01-13 10:54:50:050] DEBUG - <XCron-Server>[ id = db.msens.ms_ins_timestamp_sum.sum.insert
, resultName = 
, batchName = MS_INS_TIMESTAMP
, dataSource = msensdatasource
, parameter = 
, initialize = 
. finalize = 
. validationAction = Skip
]
[2020-01-13 10:54:50:050] DEBUG - <XCron-Server>[ id = db.msens.ms_ins_timestamp.delete
, resultName = 
, batchName = 
, dataSource = msensdatasource
, parameter = #param
, initialize = 
. finalize = 
. validationAction = Skip
]
[2020-01-13 10:54:50:050] DEBUG - <XCron-Server>[ id = db.msens.ms_xcron_file_log.delete.term
, resultName = 
, batchName = 
, dataSource = msensdatasource
, parameter = 
, initialize = 
. finalize = 
. validationAction = Skip
]
[2020-01-13 10:54:50:050] DEBUG - <XCron-Server>[ id = db.msens.ms_xcron_service_log.delete.term
, resultName = 
, batchName = 
, dataSource = msensdatasource
, parameter = 
, initialize = 
. finalize = 
. validationAction = Skip
]
[2020-01-13 10:54:50:050] DEBUG - <XCron-Server>[ id = db.msens.ms_login_log.delete.term
, resultName = 
, batchName = 
, dataSource = msensdatasource
, parameter = 
, initialize = 
. finalize = 
. validationAction = Skip
]
[2020-01-13 10:54:50:050] DEBUG - <XCron-Server>[ id = db.msens.ms_player_log.delete.term
, resultName = 
, batchName = 
, dataSource = msensdatasource
, parameter = 
, initialize = 
. finalize = 
. validationAction = Skip
]
[2020-01-13 10:54:50:050] DEBUG - <XCron-Server>[ id = db.msens.ms_stt_rslt.delete.term
, resultName = 
, batchName = 
, dataSource = msensdatasource
, parameter = 
, initialize = 
. finalize = 
. validationAction = Skip
]
[2020-01-13 10:54:50:050] DEBUG - <XCron-Server>[ id = msens.xcron.hansol.wavfile.delete.action
, resultName = 
, batchName = 
, dataSource = 
, parameter = 
, initialize = import com.inticube.xcron.logs.Logger;
						
						try {
						
							String command = "/sw/msens/MSENS_OB/webapps/temp/file_delete.sh";
							
							Runtime runtime = Runtime.getRuntime();
							Process process = runtime.exec(command);
							
						} catch(Exception e) {
							Logger.error(e.getMessage(), e);
						}
. finalize = 
. validationAction = Skip
]
[2020-01-13 10:54:50:050] DEBUG - <XCron-Server>[ id = msens.xcron.hansol.log.delete.action
, resultName = 
, batchName = 
, dataSource = 
, parameter = 
, initialize = import com.inticube.xcron.logs.Logger;
						
						try {
						
							String command = "/sw/msens/MSENS_OB/webapps/temp/log_delete.sh";
							
							Runtime runtime = Runtime.getRuntime();
							Process process = runtime.exec(command);
							
						} catch(Exception e) {
							Logger.error(e.getMessage(), e);
						}
. finalize = 
. validationAction = Skip
]
[2020-01-13 10:54:51:051] DEBUG - <XCron-Server>[ id = db.msens.ms_value.delete.term
, resultName = 
, batchName = 
, dataSource = snmpdatasource
, parameter = #param
, initialize = 
. finalize = 
. validationAction = Skip
]
[2020-01-13 10:54:51:051] DEBUG - <XCron-Server>[ id = db.msens.ms_value_min.delete.term
, resultName = 
, batchName = 
, dataSource = snmpdatasource
, parameter = #param
, initialize = 
. finalize = 
. validationAction = Skip
]
[2020-01-13 10:54:51:051] DEBUG - <XCron-Server>[ id = db.msens.ms_value_usage.delete.term
, resultName = 
, batchName = 
, dataSource = snmpdatasource
, parameter = #param
, initialize = 
. finalize = 
. validationAction = Skip
]
[2020-01-13 10:54:51:051] DEBUG - <XCron-Server>[ id = db.msens.ms_value_usage_et.delete.term
, resultName = 
, batchName = 
, dataSource = snmpdatasource
, parameter = #param
, initialize = 
. finalize = 
. validationAction = Skip
]
[2020-01-13 10:54:51:051] DEBUG - <XCron-Server>[ id = db.uat.msens.tb_sc_code_mng.utp.select
, resultName = TB_SC_CODE_MNG
, batchName = 
, dataSource = muatdatasource
, parameter = 
, initialize = 
. finalize = 
. validationAction = Skip
]
[2020-01-13 10:54:51:051] DEBUG - <XCron-Server>[ id = db.msens.tb_sc_code_mng.utp.insert
, resultName = 
, batchName = TB_SC_CODE_MNG
, dataSource = mproddatasource
, parameter = 
, initialize = 
. finalize = 
. validationAction = Skip
]
[2020-01-13 10:54:51:051] DEBUG - <XCron-Server>[ id = db.uat.msens.tb_sc_mng.utp.select
, resultName = TB_SC_MNG
, batchName = 
, dataSource = muatdatasource
, parameter = 
, initialize = 
. finalize = 
. validationAction = Skip
]
[2020-01-13 10:54:51:051] DEBUG - <XCron-Server>[ id = db.msens.tb_sc_mng.utp.insert
, resultName = 
, batchName = TB_SC_MNG
, dataSource = mproddatasource
, parameter = 
, initialize = 
. finalize = 
. validationAction = Skip
]
[2020-01-13 10:54:51:051] DEBUG - <XCron-Server>[ id = db.uat.msens.tb_codebook_SYS119.utp.select
, resultName = TB_CODEBOOK
, batchName = 
, dataSource = muatdatasource
, parameter = 
, initialize = 
. finalize = 
. validationAction = Skip
]
[2020-01-13 10:54:51:051] DEBUG - <XCron-Server>[ id = db.msens.ms_codebook_SYS105.utp.insert
, resultName = 
, batchName = TB_CODEBOOK
, dataSource = mproddatasource
, parameter = 
, initialize = 
. finalize = 
. validationAction = Skip
]
[2020-01-13 10:54:51:051] DEBUG - <XCron-Server>[ id = db.msens.tb_qst_kind_mng.utp.delete
, resultName = 
, batchName = 
, dataSource = mproddatasource
, parameter = 
, initialize = 
. finalize = 
. validationAction = Skip
]
[2020-01-13 10:54:51:051] DEBUG - <XCron-Server>[ id = db.uat.msens.tb_qst_kind_mng.utp.select
, resultName = TB_QST_KIND_MNG
, batchName = 
, dataSource = muatdatasource
, parameter = 
, initialize = 
. finalize = 
. validationAction = Skip
]
[2020-01-13 10:54:51:051] DEBUG - <XCron-Server>[ id = db.msens.tb_qst_kind_mng.utp.insert
, resultName = 
, batchName = TB_QST_KIND_MNG
, dataSource = mproddatasource
, parameter = 
, initialize = 
. finalize = 
. validationAction = Skip
]
[2020-01-13 10:54:51:051] DEBUG - <XCron-Server>[ id = db.msens.ms_stt_result.delete.term
, resultName = 
, batchName = 
, dataSource = msensdatasource
, parameter = #param
, initialize = 
. finalize = 
. validationAction = Skip
]
[2020-01-13 10:54:51:051] DEBUG - <XCron-Server>[ id = db.msens.ms_stt_meta.delete.term
, resultName = 
, batchName = 
, dataSource = msensdatasource
, parameter = #param
, initialize = 
. finalize = 
. validationAction = Skip
]
[2020-01-13 10:54:51:051] DEBUG - <XCron-Server>[ id = db.msens.ms_script_result.delete.term
, resultName = 
, batchName = 
, dataSource = msensdatasource
, parameter = #param
, initialize = 
. finalize = 
. validationAction = Skip
]
[2020-01-13 10:54:51:051] DEBUG - <XCron-Server>[ id = db.msens.ms_search_result.delete.term
, resultName = 
, batchName = 
, dataSource = msensdatasource
, parameter = #param
, initialize = 
. finalize = 
. validationAction = Skip
]
[2020-01-13 10:54:51:051] DEBUG - <XCron-Server>[ id = db.msens.ms_grade_result.delete.term
, resultName = 
, batchName = 
, dataSource = msensdatasource
, parameter = #param
, initialize = 
. finalize = 
. validationAction = Skip
]
[2020-01-13 10:54:51:051] DEBUG - <XCron-Server>[ id = db.msens.ms_bef_est_score.delete.term
, resultName = 
, batchName = 
, dataSource = msensdatasource
, parameter = #param
, initialize = 
. finalize = 
. validationAction = Skip
]
[2020-01-13 10:54:51:051] DEBUG - <XCron-Server>[ id = db.msens.ms_bef_mrls.delete.term
, resultName = 
, batchName = 
, dataSource = msensdatasource
, parameter = #param
, initialize = 
. finalize = 
. validationAction = Skip
]
[2020-01-13 10:54:51:051] DEBUG - <XCron-Server>[ id = db.msens.tb_sc_qst_mng.delete.term
, resultName = 
, batchName = 
, dataSource = msensdatasource
, parameter = #param
, initialize = 
. finalize = 
. validationAction = Skip
]
[2020-01-13 10:54:51:051] DEBUG - <XCron-Server>[ id = db.prod.msens.ms_ment_mng.utp.del
, resultName = 
, batchName = 
, dataSource = mproddatasource
, parameter = 
, initialize = 
. finalize = 
. validationAction = Skip
]
[2020-01-13 10:54:51:051] DEBUG - <XCron-Server>[ id = db.uat.msens.ms_ment_mng.utp.select
, resultName = MS_MENT_MNG
, batchName = 
, dataSource = muatdatasource
, parameter = 
, initialize = 
. finalize = 
. validationAction = Skip
]
[2020-01-13 10:54:51:051] DEBUG - <XCron-Server>[ id = db.prod.msens.ms_ment_mng.utp.ins
, resultName = 
, batchName = MS_MENT_MNG
, dataSource = mproddatasource
, parameter = 
, initialize = 
. finalize = 
. validationAction = Skip
]
[2020-01-13 10:54:51:051] DEBUG - <XCron-Server>[ id = msens.xcron.hansol.autoDownload.flag.update
, resultName = 
, batchName = 
, dataSource = msensdatasource
, parameter = 
, initialize = 
. finalize = 
. validationAction = Skip
]
[2020-01-13 10:54:51:051] DEBUG - <XCron-Server>[ id = db.msens.tb_reject_list.select
, resultName = TB_REJECT
, batchName = 
, dataSource = tmdatasource
, parameter = #param
, initialize = 
. finalize = 
. validationAction = Skip
]
[2020-01-13 10:54:51:051] DEBUG - <XCron-Server>[ id = db.msens.ms_reject_list.insert
, resultName = 
, batchName = TB_REJECT
, dataSource = msensdatasource
, parameter = 
, initialize = 
. finalize = 
. validationAction = Skip
]
[2020-01-13 10:54:51:051] DEBUG - <XCron-Server>[ id = db.tm.getBefMrLs
, resultName = TB_LIST
, batchName = 
, dataSource = tmdatasource
, parameter = #param
, initialize = 
. finalize = 
. validationAction = Skip
]
[2020-01-13 10:54:51:051] DEBUG - <XCron-Server>[ id = db.msens.ms_bef_mrls_list.insert
, resultName = 
, batchName = TB_LIST
, dataSource = msensdatasource
, parameter = 
, initialize = 
. finalize = 
. validationAction = Skip
]
[2020-01-13 10:54:51:051] INFO  - <XCron-Server>XCron Schedule Service Started
[2020-01-13 10:54:51:051] INFO  - <XCron-Server>Programmed = Youn TaeHee, @Seoul Korea
[2020-01-13 10:54:51:051] INFO  - <XCron-Server>E-mail = taehee.youn@gmail.com
[2020-01-13 10:54:51:051] INFO  - <XCron-Server>Initializing end
[2020-01-13 10:54:51:051] INFO  - <XCron-Server>==============================================================================
[2020-01-13 15:35:22:022] DEBUG - <pool-1-thread-1><?xml version='1.0' encoding='euc-kr'?><ControlConfig><Cmd Name="exec" Service="SVC_COM_007"/><Param><Field Name="TO_DATE"><![CDATA[20200113235959]]></Field><Field Name="FROM_DATE"><![CDATA[20200101000000]]></Field></Param></ControlConfig>
[2020-01-13 15:35:22:022] DEBUG - <pool-1-thread-1>
[TO_DATE=20200113235959,FROM_DATE=20200101000000]
[2020-01-13 15:35:22:022] INFO  - <pool-1-thread-1>Service <SVC_COM_007> is requested from </127.0.0.1>
[2020-01-13 15:35:22:022] DEBUG - <pool-1-thread-1>Transaction [ pool-1-thread-1 ] begins(Current Transaction Group Size Is 0)
[2020-01-13 15:35:22:022] DEBUG - <pool-1-thread-1>RequestServiceManager.execute begin ...
[2020-01-13 15:35:23:023] DEBUG - <pool-1-thread-1>RequestServiceManager.execute end ...
[2020-01-13 15:35:23:023] DEBUG - <pool-1-thread-1>Transaction [ pool-1-thread-1 ] commit ...
[2020-01-13 15:35:23:023] DEBUG - <pool-1-thread-1>RequestServiceManager.execute begin ...
[2020-01-13 15:35:23:023] DEBUG - <pool-1-thread-1>Non Trasaction & DataSource msensdatasource is Created
[2020-01-13 15:37:08:008] ERROR - <pool-1-thread-1>[Microsoft][SQLServer 2000 Driver for JDBC]Error establishing socket.
com.inticube.xcron.exception.XCronAppException: [Microsoft][SQLServer 2000 Driver for JDBC]Error establishing socket.
	at com.inticube.xcron.resource.TransactionManager.getConnection(TransactionManager.java:95)
	at com.inticube.xcron.resource.JDBCDataSource.executePreparedUpdate(JDBCDataSource.java:483)
	at com.inticube.xcron.resource.JDBCDataSource.execute(JDBCDataSource.java:826)
	at com.inticube.xcron.config.RequestServiceManager.execute(RequestServiceManager.java:181)
	at com.inticube.xcron.core.XCronServiceHandler.executeLogService(XCronServiceHandler.java:218)
	at com.inticube.xcron.core.XCronServiceHandler.executeLogService(XCronServiceHandler.java:185)
	at com.inticube.xcron.core.XCronServiceHandler.execute(XCronServiceHandler.java:130)
	at com.inticube.xcron.core.XCronServerProcessor.execute(XCronServerProcessor.java:215)
	at com.inticube.xcron.core.XCronServerProcessor.run(XCronServerProcessor.java:124)
	at java.util.concurrent.ThreadPoolExecutor.runWorker(Unknown Source)
	at java.util.concurrent.ThreadPoolExecutor$Worker.run(Unknown Source)
	at java.lang.Thread.run(Unknown Source)
[2020-01-13 15:37:08:008] INFO  - <pool-1-thread-1>Running : 0 / Pending : 0
[2020-01-13 15:37:08:008] INFO  - <pool-1-thread-1>Service <SVC_COM_007> is completed  <w:0 e:1180 m/s>
[2020-01-13 15:37:08:008] DEBUG - <pool-1-thread-1><?xml version='1.0' encoding='UTF-8'?><ControlConfig><ResultCode>0</ResultCode><ResultMessage></ResultMessage></ControlConfig>
[2020-01-13 15:59:03:003] DEBUG - <pool-1-thread-2><?xml version='1.0' encoding='euc-kr'?><ControlConfig><Cmd Name="exec" Service="SVC_COM_007"/><Param><Field Name="TO_DATE"><![CDATA[20200113235959]]></Field><Field Name="FROM_DATE"><![CDATA[20190101000000]]></Field></Param></ControlConfig>
[2020-01-13 15:59:03:003] DEBUG - <pool-1-thread-2>
[TO_DATE=20200113235959,FROM_DATE=20190101000000]
[2020-01-13 15:59:03:003] INFO  - <pool-1-thread-2>Service <SVC_COM_007> is requested from </127.0.0.1>
[2020-01-13 15:59:03:003] DEBUG - <pool-1-thread-2>Transaction [ pool-1-thread-2 ] begins(Current Transaction Group Size Is 0)
[2020-01-13 15:59:03:003] DEBUG - <pool-1-thread-2>RequestServiceManager.execute begin ...
[2020-01-13 15:59:04:004] DEBUG - <pool-1-thread-2>RequestServiceManager.execute end ...
[2020-01-13 15:59:04:004] DEBUG - <pool-1-thread-2>Transaction [ pool-1-thread-2 ] commit ...
[2020-01-13 15:59:04:004] DEBUG - <pool-1-thread-2>RequestServiceManager.execute begin ...
[2020-01-13 15:59:04:004] DEBUG - <pool-1-thread-2>Non Trasaction & DataSource msensdatasource is Created
[2020-01-13 16:00:49:049] ERROR - <pool-1-thread-2>[Microsoft][SQLServer 2000 Driver for JDBC]Error establishing socket.
com.inticube.xcron.exception.XCronAppException: [Microsoft][SQLServer 2000 Driver for JDBC]Error establishing socket.
	at com.inticube.xcron.resource.TransactionManager.getConnection(TransactionManager.java:95)
	at com.inticube.xcron.resource.JDBCDataSource.executePreparedUpdate(JDBCDataSource.java:483)
	at com.inticube.xcron.resource.JDBCDataSource.execute(JDBCDataSource.java:826)
	at com.inticube.xcron.config.RequestServiceManager.execute(RequestServiceManager.java:181)
	at com.inticube.xcron.core.XCronServiceHandler.executeLogService(XCronServiceHandler.java:218)
	at com.inticube.xcron.core.XCronServiceHandler.executeLogService(XCronServiceHandler.java:185)
	at com.inticube.xcron.core.XCronServiceHandler.execute(XCronServiceHandler.java:130)
	at com.inticube.xcron.core.XCronServerProcessor.execute(XCronServerProcessor.java:215)
	at com.inticube.xcron.core.XCronServerProcessor.run(XCronServerProcessor.java:124)
	at java.util.concurrent.ThreadPoolExecutor.runWorker(Unknown Source)
	at java.util.concurrent.ThreadPoolExecutor$Worker.run(Unknown Source)
	at java.lang.Thread.run(Unknown Source)
[2020-01-13 16:00:49:049] INFO  - <pool-1-thread-2>Running : 0 / Pending : 0
[2020-01-13 16:00:49:049] INFO  - <pool-1-thread-2>Service <SVC_COM_007> is completed  <w:0 e:1326 m/s>
[2020-01-13 16:00:49:049] DEBUG - <pool-1-thread-2><?xml version='1.0' encoding='UTF-8'?><ControlConfig><ResultCode>0</ResultCode><ResultMessage></ResultMessage></ControlConfig>
[2020-01-14 09:51:29:029] INFO  - <XCron-Server>==============================================================================
[2020-01-14 09:51:29:029] INFO  - <XCron-Server>Starting XCron Version 3.1.2 initializing
[2020-01-14 09:51:30:030] INFO  - <XCron-Server>XCronServer IP Address = 10.1.8.234
[2020-01-14 09:51:30:030] INFO  - <XCron-Server>XCronServer Port = 5292
[2020-01-14 09:51:30:030] INFO  - <XCron-Server>CLASSPATH = {D:/MSENS_AIG_NEW/AIG_QSENS_FINAL/XCron/lib/xml-apis.jar;D:/MSENS_AIG_NEW/AIG_QSENS_FINAL/XCron/lib/xercesImpl.jar;D:/MSENS_AIG_NEW/AIG_QSENS_FINAL/XCron/lib/ojdbc14.jar;D:/MSENS_AIG_NEW/AIG_QSENS_FINAL/XCron/lib/log4j-1.2.15.jar;D:/MSENS_AIG_NEW/AIG_QSENS_FINAL/XCron/lib/commons-pool-1.6.jar;D:/MSENS_AIG_NEW/AIG_QSENS_FINAL/XCron/lib/commons-net-3.0.jar;D:/MSENS_AIG_NEW/AIG_QSENS_FINAL/XCron/lib/commons-dbcp-1.3.jar;D:/MSENS_AIG_NEW/AIG_QSENS_FINAL/XCron/lib/commons-collections-3.2.1.jar;D:/MSENS_AIG_NEW/AIG_QSENS_FINAL/XCron/lib/commons-daemon.jar;D:/MSENS_AIG_NEW/AIG_QSENS_FINAL/XCron/lib/commons-codec-1.4.jar;D:/MSENS_AIG_NEW/AIG_QSENS_FINAL/XCron/lib/jakarta-oro.jar;D:/MSENS_AIG_NEW/AIG_QSENS_FINAL/XCron/lib/megathin2.jar;D:/MSENS_AIG_NEW/AIG_QSENS_FINAL/XCron/lib/opljdbc2.jar;D:/MSENS_AIG_NEW/AIG_QSENS_FINAL/XCron/lib/jcrontab.jar;D:/MSENS_AIG_NEW/AIG_QSENS_FINAL/XCron/lib/bsh.jar;D:/MSENS_AIG_NEW/AIG_QSENS_FINAL/XCron/lib/mssqlserver.jar;D:/MSENS_AIG_NEW/AIG_QSENS_FINAL/XCron/lib/msbase.jar;D:/MSENS_AIG_NEW/AIG_QSENS_FINAL/XCron/lib/msutil.jar;D:/MSENS_AIG_NEW/AIG_QSENS_FINAL/XCron/lib/mysql-connector-5.1.8.jar;D:/MSENS_AIG_NEW/AIG_QSENS_FINAL/XCron/lib/jconn3.jar;D:/MSENS_AIG_NEW/AIG_QSENS_FINAL/XCron/lib/junit.jar;D:/MSENS_AIG_NEW/AIG_QSENS_FINAL/XCron/lib/sigar/sigar.jar;D:/MSENS_AIG_NEW/AIG_QSENS_FINAL/XCron/lib/mail.jar;D:/MSENS_AIG_NEW/AIG_QSENS_FINAL/XCron/lib/activation.jar;D:/MSENS_AIG_NEW/AIG_QSENS_FINAL/XCron/lib/ejb.jar;D:/MSENS_AIG_NEW/AIG_QSENS_FINAL/XCron/lib/jgroups.jar;D:/MSENS_AIG_NEW/AIG_QSENS_FINAL/XCron/lib/db2jcc.jar;D:/MSENS_AIG_NEW/AIG_QSENS_FINAL/XCron/lib/jsch-0.1.52.jar;D:/MSENS_AIG_NEW/AIG_QSENS_FINAL/XCron/lib/XCron-1.1.1.jar;D:/MSENS_AIG_NEW/AIG_QSENS_FINAL/XCron/common;;}
[2020-01-14 09:51:30:030] INFO  - <XCron-Server>==============================================================================
[2020-01-14 09:51:30:030] INFO  - <XCron-Server>DataSource <msensdatasource>
[2020-01-14 09:51:30:030] DEBUG - <XCron-Server>[ id = msensdatasource
, driverName = com.microsoft.jdbc.sqlserver.SQLServerDriver
, url = jdbc:Microsoft:sqlserver://10.48.241.43:1433;databaseName=msens_ob;integratedSecurity=false;failoverPartner=10.48.241.44
, user = {AES}tkUoArFZgt9kpayQiIMCtA==
, password = {AES}guUufQeMdvWVCVIfz8iiGQ==
, maxCapacity(maxActive) = 80
, exhaustedAction(whenExhaustedAction) = 1
, maxWait = 60000
, testQuery = select 1
, maxIdle = 20
, idleTimeOut(timeBetweenEvictionRunsMillis) = 300000
, lifo = true
, minEvictableIdleTimeMillis = 600000
, minIdle = 5
, numTestsPerEvictionRun = 3
, softMinEvictableIdleTimeMillis = -1
, testOnBorrow = false
, testOnReturn = false
, testWhileIdle = true
, maxBatchSize = 10000
, queryTimeout = -1
, productName = null
]
[2020-01-14 09:51:30:030] INFO  - <XCron-Server>DataSource <snmpdatasource>
[2020-01-14 09:51:30:030] DEBUG - <XCron-Server>[ id = snmpdatasource
, driverName = com.microsoft.jdbc.sqlserver.SQLServerDriver
, url = jdbc:Microsoft:sqlserver://10.48.241.57:1433;databaseName=snmp_db;
, user = {AES}tkUoArFZgt9kpayQiIMCtA==
, password = {AES}guUufQeMdvWVCVIfz8iiGQ==
, maxCapacity(maxActive) = 80
, exhaustedAction(whenExhaustedAction) = 1
, maxWait = 60000
, testQuery = select 1
, maxIdle = 20
, idleTimeOut(timeBetweenEvictionRunsMillis) = 300000
, lifo = true
, minEvictableIdleTimeMillis = 600000
, minIdle = 5
, numTestsPerEvictionRun = 3
, softMinEvictableIdleTimeMillis = -1
, testOnBorrow = false
, testOnReturn = false
, testWhileIdle = true
, maxBatchSize = 10000
, queryTimeout = -1
, productName = null
]
[2020-01-14 09:51:30:030] INFO  - <XCron-Server>DataSource <tmdatasource>
[2020-01-14 09:51:30:030] DEBUG - <XCron-Server>[ id = tmdatasource
, driverName = oracle.jdbc.driver.OracleDriver
, url = jdbc:oracle:thin:@10.51.192.49:1521/PCHA
, user = {AES}lIYDNAsmhnOtBF7ZLAyxKQ==
, password = {AES}UMo/LIzvP1xNpPIHWQd/LQ==
, maxCapacity(maxActive) = 80
, exhaustedAction(whenExhaustedAction) = 1
, maxWait = 60000
, testQuery = select 1 from dual
, maxIdle = 20
, idleTimeOut(timeBetweenEvictionRunsMillis) = 300000
, lifo = true
, minEvictableIdleTimeMillis = 600000
, minIdle = 5
, numTestsPerEvictionRun = 3
, softMinEvictableIdleTimeMillis = -1
, testOnBorrow = false
, testOnReturn = false
, testWhileIdle = true
, maxBatchSize = 10000
, queryTimeout = -1
, productName = null
]
[2020-01-14 09:51:30:030] INFO  - <XCron-Server>DataSource <muatdatasource>
[2020-01-14 09:51:30:030] DEBUG - <XCron-Server>[ id = muatdatasource
, driverName = com.microsoft.jdbc.sqlserver.SQLServerDriver
, url = jdbc:Microsoft:sqlserver://10.48.247.186:1433;databaseName=msens_ob;
, user = {AES}LG4WDPTajFxCgzi2rXxR5Q==
, password = {AES}guUufQeMdvWVCVIfz8iiGQ==
, maxCapacity(maxActive) = 80
, exhaustedAction(whenExhaustedAction) = 1
, maxWait = 60000
, testQuery = select 1
, maxIdle = 20
, idleTimeOut(timeBetweenEvictionRunsMillis) = 300000
, lifo = true
, minEvictableIdleTimeMillis = 600000
, minIdle = 5
, numTestsPerEvictionRun = 3
, softMinEvictableIdleTimeMillis = -1
, testOnBorrow = false
, testOnReturn = false
, testWhileIdle = true
, maxBatchSize = 10000
, queryTimeout = -1
, productName = null
]
[2020-01-14 09:51:30:030] INFO  - <XCron-Server>DataSource <mproddatasource>
[2020-01-14 09:51:30:030] DEBUG - <XCron-Server>[ id = mproddatasource
, driverName = com.microsoft.jdbc.sqlserver.SQLServerDriver
, url = jdbc:Microsoft:sqlserver://10.48.241.43:1433;databaseName=msens_ob;integratedSecurity=false;failoverPartner=10.48.241.44
, user = {AES}tkUoArFZgt9kpayQiIMCtA==
, password = {AES}guUufQeMdvWVCVIfz8iiGQ==
, maxCapacity(maxActive) = 80
, exhaustedAction(whenExhaustedAction) = 1
, maxWait = 60000
, testQuery = select 1
, maxIdle = 20
, idleTimeOut(timeBetweenEvictionRunsMillis) = 300000
, lifo = true
, minEvictableIdleTimeMillis = 600000
, minIdle = 5
, numTestsPerEvictionRun = 3
, softMinEvictableIdleTimeMillis = -1
, testOnBorrow = false
, testOnReturn = false
, testWhileIdle = true
, maxBatchSize = 10000
, queryTimeout = -1
, productName = null
]
[2020-01-14 09:51:30:030] DEBUG - <XCron-Server>[ Name=from_date Length=8 DefaultValue= Type=STRING Direction=IN Validation= ]
[2020-01-14 09:51:30:030] DEBUG - <XCron-Server>[ Name=to_date Length=8 DefaultValue= Type=STRING Direction=IN Validation= ]
[2020-01-14 09:51:30:030] DEBUG - <XCron-Server>RequestGroup <db.tm.tb_user.select,db.msens.ms_usermaster_batch.insert,db.tm.tb_codebook_SYS999_SYS001.select,db.msens.ms_codebook_SYS001_SYS011.insert>
[2020-01-14 09:51:30:030] INFO  - <XCron-Server>Service <SVC_COM_001>
[2020-01-14 09:51:30:030] DEBUG - <XCron-Server>[ Name=from_date Length=8 DefaultValue= Type=STRING Direction=IN Validation= ]
[2020-01-14 09:51:30:030] DEBUG - <XCron-Server>[ Name=to_date Length=8 DefaultValue= Type=STRING Direction=IN Validation= ]
[2020-01-14 09:51:30:030] DEBUG - <XCron-Server>RequestGroup <db.tm.tb_group_info.select,db.msens.ms_dept.insert>
[2020-01-14 09:51:30:030] DEBUG - <XCron-Server>RequestGroup <db.tm.tb_codebook_SYS057.select,db.msens.ms_codebook_SYS002.insert>
[2020-01-14 09:51:30:030] INFO  - <XCron-Server>Service <SVC_COM_002>
[2020-01-14 09:51:30:030] DEBUG - <XCron-Server>RequestGroup <db.tm.tb_sc_code_mng.select,db.msens.tb_sc_code_mng.insert>
[2020-01-14 09:51:30:030] DEBUG - <XCron-Server>RequestGroup <db.tm.tb_sc_mng.select,db.msens.tb_sc_mng.insert>
[2020-01-14 09:51:30:030] DEBUG - <XCron-Server>RequestGroup <db.tm.tb_codebook_SYS119.select,db.msens.ms_codebook_SYS105.insert>
[2020-01-14 09:51:30:030] INFO  - <XCron-Server>Service <SVC_COM_003>
[2020-01-14 09:51:30:030] DEBUG - <XCron-Server>RequestGroup <db.msens.tb_qst_kind_mng.delete,db.tm.tb_qst_kind_mng.select,db.msens.tb_qst_kind_mng.insert>
[2020-01-14 09:51:30:030] INFO  - <XCron-Server>Service <SVC_COM_004>
[2020-01-14 09:51:30:030] DEBUG - <XCron-Server>[ Name=from_date Length=14 DefaultValue= Type=STRING Direction=IN Validation= ]
[2020-01-14 09:51:30:030] DEBUG - <XCron-Server>[ Name=to_date Length=14 DefaultValue= Type=STRING Direction=IN Validation= ]
[2020-01-14 09:51:30:030] DEBUG - <XCron-Server>RequestGroup <msens.xcron.hansol.qstmngWebaction>
[2020-01-14 09:51:30:030] INFO  - <XCron-Server>Service <SVC_COM_005>
[2020-01-14 09:51:30:030] DEBUG - <XCron-Server>RequestGroup <db.tm.tb_user_workmonth.select,db.msens.ms_usermaster_workmonth.update>
[2020-01-14 09:51:30:030] INFO  - <XCron-Server>Service <SVC_COM_006>
[2020-01-14 09:51:30:030] DEBUG - <XCron-Server>[ Name=from_date Length=14 DefaultValue= Type=STRING Direction=IN Validation= ]
[2020-01-14 09:51:30:030] DEBUG - <XCron-Server>[ Name=to_date Length=14 DefaultValue= Type=STRING Direction=IN Validation= ]
[2020-01-14 09:51:30:030] DEBUG - <XCron-Server>RequestGroup <msens.xcron.hansol.VRSParserWebaction>
[2020-01-14 09:51:30:030] INFO  - <XCron-Server>Service <SVC_COM_007>
[2020-01-14 09:51:30:030] DEBUG - <XCron-Server>RequestGroup <db.msens.ms_xcron_file_log.delete.term,db.msens.ms_xcron_service_log.delete.term>
[2020-01-14 09:51:30:030] DEBUG - <XCron-Server>RequestGroup <db.msens.ms_login_log.delete.term>
[2020-01-14 09:51:30:030] DEBUG - <XCron-Server>RequestGroup <db.msens.ms_player_log.delete.term>
[2020-01-14 09:51:30:030] DEBUG - <XCron-Server>RequestGroup <db.msens.ms_stt_rslt.delete.term>
[2020-01-14 09:51:30:030] INFO  - <XCron-Server>Service <SVC_COM_008>
[2020-01-14 09:51:30:030] INFO  - <XCron-Server>Service <SVC_COM_009>
[2020-01-14 09:51:30:030] DEBUG - <XCron-Server>RequestGroup <msens.xcron.hansol.wavfile.delete.action>
[2020-01-14 09:51:30:030] DEBUG - <XCron-Server>RequestGroup <msens.xcron.hansol.autoDownload.flag.update>
[2020-01-14 09:51:30:030] INFO  - <XCron-Server>Service <SVC_COM_010>
[2020-01-14 09:51:30:030] DEBUG - <XCron-Server>[ Name=from_date Length=10 DefaultValue= Type=STRING Direction=IN Validation= ]
[2020-01-14 09:51:30:030] DEBUG - <XCron-Server>RequestGroup <db.msens.ms_value_min.delete.term,db.msens.ms_value_usage.delete.term,db.msens.ms_value_usage_et.delete.term,db.msens.ms_value.delete.term>
[2020-01-14 09:51:30:030] INFO  - <XCron-Server>Service <SVC_COM_011>
[2020-01-14 09:51:30:030] DEBUG - <XCron-Server>RequestGroup <db.tm.tbia101.select,db.msens.ms_product.insert>
[2020-01-14 09:51:30:030] DEBUG - <XCron-Server>RequestGroup <db.tm.tbia102.select,db.msens.ms_dmbo.insert>
[2020-01-14 09:51:30:030] INFO  - <XCron-Server>Service <SVC_COM_012>
[2020-01-14 09:51:30:030] DEBUG - <XCron-Server>[ Name=from_date Length=8 DefaultValue= Type=STRING Direction=IN Validation= ]
[2020-01-14 09:51:30:030] DEBUG - <XCron-Server>[ Name=to_date Length=8 DefaultValue= Type=STRING Direction=IN Validation= ]
[2020-01-14 09:51:30:030] DEBUG - <XCron-Server>RequestGroup <db.tm.tb_pre_est_allocate_mng.select,db.msens.tb_pre_est_allocate_mng.insert>
[2020-01-14 09:51:30:030] INFO  - <XCron-Server>Service <SVC_COM_013>
[2020-01-14 09:51:30:030] DEBUG - <XCron-Server>[ Name=from_date Length=8 DefaultValue= Type=STRING Direction=IN Validation= ]
[2020-01-14 09:51:30:030] DEBUG - <XCron-Server>[ Name=to_date Length=8 DefaultValue= Type=STRING Direction=IN Validation= ]
[2020-01-14 09:51:31:031] DEBUG - <XCron-Server>RequestGroup <db.tm.tb_holiday.select,db.msens.ms_holiday_info.insert>
[2020-01-14 09:51:31:031] INFO  - <XCron-Server>Service <SVC_COM_014>
[2020-01-14 09:51:31:031] DEBUG - <XCron-Server>[ Name=from_date Length=8 DefaultValue= Type=STRING Direction=IN Validation= ]
[2020-01-14 09:51:31:031] DEBUG - <XCron-Server>[ Name=to_date Length=8 DefaultValue= Type=STRING Direction=IN Validation= ]
[2020-01-14 09:51:31:031] DEBUG - <XCron-Server>RequestGroup <db.tm.tb_insu_plan_mast.ass_user.select,db.msens.ms_stt_meta.ass_user.update>
[2020-01-14 09:51:31:031] DEBUG - <XCron-Server>RequestGroup <db.msens.ms_stt_meta.cur_con_ent_dgn_no.select,db.tm.tb_pre_est_history.est_info.select,db.msens.ms_pre_est_info.est_info.insert>
[2020-01-14 09:51:31:031] INFO  - <XCron-Server>Service <SVC_COM_015>
[2020-01-14 09:51:31:031] DEBUG - <XCron-Server>RequestGroup <db.uat.msens.tb_sc_code_mng.utp.select,db.msens.tb_sc_code_mng.utp.insert>
[2020-01-14 09:51:31:031] DEBUG - <XCron-Server>RequestGroup <db.uat.msens.tb_sc_mng.utp.select,db.msens.tb_sc_mng.utp.insert>
[2020-01-14 09:51:31:031] INFO  - <XCron-Server>Service <SVC_COM_016>
[2020-01-14 09:51:31:031] DEBUG - <XCron-Server>RequestGroup <db.msens.tb_qst_kind_mng.utp.delete,db.uat.msens.tb_qst_kind_mng.utp.select,db.msens.tb_qst_kind_mng.utp.insert>
[2020-01-14 09:51:31:031] INFO  - <XCron-Server>Service <SVC_COM_017>
[2020-01-14 09:51:31:031] DEBUG - <XCron-Server>RequestGroup <db.uat.msens.tb_codebook_SYS119.utp.select,db.msens.ms_codebook_SYS105.utp.insert>
[2020-01-14 09:51:31:031] INFO  - <XCron-Server>Service <SVC_COM_018>
[2020-01-14 09:51:31:031] DEBUG - <XCron-Server>RequestGroup <db.prod.msens.ms_ment_mng.utp.del,db.uat.msens.ms_ment_mng.utp.select,db.prod.msens.ms_ment_mng.utp.ins>
[2020-01-14 09:51:31:031] INFO  - <XCron-Server>Service <SVC_COM_019>
[2020-01-14 09:51:31:031] DEBUG - <XCron-Server>[ Name=from_date Length=8 DefaultValue= Type=STRING Direction=IN Validation= ]
[2020-01-14 09:51:31:031] DEBUG - <XCron-Server>RequestGroup <db.msens.ms_qc_work_stat.endtime.update, db.msens.ms_ins_timestamp.endtime.update>
[2020-01-14 09:51:31:031] DEBUG - <XCron-Server>RequestGroup <db.msens.ms_qc_work_stat.sum.select, db.msens.ms_qc_work_sum.sum.insert, db.msens.ms_qc_work_stat.delete>
[2020-01-14 09:51:31:031] DEBUG - <XCron-Server>RequestGroup <db.msens.ms_ins_timestamp.sum.select, db.msens.ms_ins_timestamp_sum.sum.insert, db.msens.ms_ins_timestamp.delete>
[2020-01-14 09:51:31:031] INFO  - <XCron-Server>Service <SVC_COM_020>
[2020-01-14 09:51:31:031] DEBUG - <XCron-Server>[ Name=from_date Length=14 DefaultValue= Type=STRING Direction=IN Validation= ]
[2020-01-14 09:51:31:031] DEBUG - <XCron-Server>RequestGroup <db.msens.ms_stt_result.delete.term>
[2020-01-14 09:51:31:031] DEBUG - <XCron-Server>RequestGroup <db.msens.ms_stt_meta.delete.term>
[2020-01-14 09:51:31:031] DEBUG - <XCron-Server>RequestGroup <db.msens.ms_script_result.delete.term>
[2020-01-14 09:51:31:031] DEBUG - <XCron-Server>RequestGroup <db.msens.ms_search_result.delete.term>
[2020-01-14 09:51:31:031] DEBUG - <XCron-Server>RequestGroup <db.msens.ms_grade_result.delete.term>
[2020-01-14 09:51:31:031] DEBUG - <XCron-Server>RequestGroup <db.msens.ms_bef_est_score.delete.term>
[2020-01-14 09:51:31:031] DEBUG - <XCron-Server>RequestGroup <db.msens.ms_bef_mrls.delete.term>
[2020-01-14 09:51:31:031] INFO  - <XCron-Server>Service <SVC_COM_021>
[2020-01-14 09:51:31:031] DEBUG - <XCron-Server>[ Name=from_date Length=8 DefaultValue= Type=STRING Direction=IN Validation= ]
[2020-01-14 09:51:31:031] DEBUG - <XCron-Server>[ Name=to_date Length=8 DefaultValue= Type=STRING Direction=IN Validation= ]
[2020-01-14 09:51:31:031] DEBUG - <XCron-Server>RequestGroup <db.msens.tb_reject_list.select,db.msens.ms_reject_list.insert>
[2020-01-14 09:51:31:031] INFO  - <XCron-Server>Service <SVC_COM_022>
[2020-01-14 09:51:31:031] DEBUG - <XCron-Server>[ Name=from_date Length=14 DefaultValue= Type=STRING Direction=IN Validation= ]
[2020-01-14 09:51:31:031] DEBUG - <XCron-Server>RequestGroup <db.msens.tb_sc_qst_mng.delete.term>
[2020-01-14 09:51:31:031] INFO  - <XCron-Server>Service <SVC_COM_023>
[2020-01-14 09:51:31:031] DEBUG - <XCron-Server>RequestGroup <msens.xcron.hansol.sttmetawebaction>
[2020-01-14 09:51:31:031] INFO  - <XCron-Server>Service <SVC_MS_001>
[2020-01-14 09:51:31:031] DEBUG - <XCron-Server>RequestGroup <msens.xcron.hansol.sttmetawebaction2>
[2020-01-14 09:51:31:031] INFO  - <XCron-Server>Service <SVC_MS_001_1>
[2020-01-14 09:51:31:031] DEBUG - <XCron-Server>RequestGroup <msens.xcron.hansol.scriptResultWebAction>
[2020-01-14 09:51:31:031] INFO  - <XCron-Server>Service <SVC_MS_002>
[2020-01-14 09:51:31:031] DEBUG - <XCron-Server>RequestGroup <msens.xcron.hansol.scriptResultWebAction2>
[2020-01-14 09:51:31:031] INFO  - <XCron-Server>Service <SVC_MS_002_1>
[2020-01-14 09:51:31:031] DEBUG - <XCron-Server>RequestGroup <msens.xcron.hansol.searchResultWebAction>
[2020-01-14 09:51:31:031] INFO  - <XCron-Server>Service <SVC_MS_003>
[2020-01-14 09:51:31:031] DEBUG - <XCron-Server>RequestGroup <msens.xcron.hansol.searchResultWebAction2>
[2020-01-14 09:51:31:031] INFO  - <XCron-Server>Service <SVC_MS_003_1>
[2020-01-14 09:51:31:031] DEBUG - <XCron-Server>RequestGroup <msens.xcron.hansol.graderesultwebaction>
[2020-01-14 09:51:31:031] INFO  - <XCron-Server>Service <SVC_MS_004>
[2020-01-14 09:51:31:031] DEBUG - <XCron-Server>RequestGroup <msens.xcron.hansol.graderesultwebaction2>
[2020-01-14 09:51:31:031] INFO  - <XCron-Server>Service <SVC_MS_004_1>
[2020-01-14 09:51:31:031] DEBUG - <XCron-Server>RequestGroup <msens.xcron.hansol.autoAssignwebaction>
[2020-01-14 09:51:31:031] INFO  - <XCron-Server>Service <SVC_MS_005>
[2020-01-14 09:51:31:031] DEBUG - <XCron-Server>RequestGroup <msens.xcron.hansol.autoAssignwebaction2>
[2020-01-14 09:51:31:031] INFO  - <XCron-Server>Service <SVC_MS_005_1>
[2020-01-14 09:51:31:031] DEBUG - <XCron-Server>RequestGroup <msens.xcron.hansol.systeminfocachecall>
[2020-01-14 09:51:31:031] INFO  - <XCron-Server>Service <SVC_MS_007>
[2020-01-14 09:51:31:031] DEBUG - <XCron-Server>RequestGroup <msens.xcron.hansol.getRealtimewebaction>
[2020-01-14 09:51:31:031] INFO  - <XCron-Server>Service <SVC_MS_008>
[2020-01-14 09:51:31:031] DEBUG - <XCron-Server>RequestGroup <msens.xcron.hansol.getRealtimewebaction2>
[2020-01-14 09:51:31:031] INFO  - <XCron-Server>Service <SVC_MS_008_1>
[2020-01-14 09:51:31:031] DEBUG - <XCron-Server>[ Name=from_date Length=8 DefaultValue= Type=STRING Direction=IN Validation= ]
[2020-01-14 09:51:31:031] DEBUG - <XCron-Server>[ Name=to_date Length=8 DefaultValue= Type=STRING Direction=IN Validation= ]
[2020-01-14 09:51:31:031] DEBUG - <XCron-Server>RequestGroup <db.msens.ms_stt_meta_flages.update>
[2020-01-14 09:51:31:031] INFO  - <XCron-Server>Service <SVC_MS_009>
[2020-01-14 09:51:31:031] DEBUG - <XCron-Server>RequestGroup <msens.xcron.hansol.sttContentSplitWebaction>
[2020-01-14 09:51:31:031] INFO  - <XCron-Server>Service <SVC_MS_012>
[2020-01-14 09:51:31:031] DEBUG - <XCron-Server>RequestGroup <msens.xcron.hansol.sttContentSplitWebaction2>
[2020-01-14 09:51:31:031] INFO  - <XCron-Server>Service <SVC_MS_012_1>
[2020-01-14 09:51:31:031] DEBUG - <XCron-Server>RequestGroup <db.tm.tb_pre_est_history.select, db.msens.tm.tb_pre_est_history.insert>
[2020-01-14 09:51:31:031] DEBUG - <XCron-Server>RequestGroup <db.tm.ms_bef_est_score.select,db.msens.ms_bef_est_score.insert>
[2020-01-14 09:51:31:031] INFO  - <XCron-Server>Service <SVC_MS_013>
[2020-01-14 09:51:31:031] DEBUG - <XCron-Server>RequestGroup <msens.xcron.hansol.codeutilWebaction>
[2020-01-14 09:51:31:031] INFO  - <XCron-Server>Service <SVC_MS_020>
[2020-01-14 09:51:31:031] DEBUG - <XCron-Server>[ Name=from_date Length=8 DefaultValue= Type=STRING Direction=IN Validation= ]
[2020-01-14 09:51:31:031] DEBUG - <XCron-Server>[ Name=to_date Length=8 DefaultValue= Type=STRING Direction=IN Validation= ]
[2020-01-14 09:51:31:031] DEBUG - <XCron-Server>RequestGroup <msens.xcron.hansol.sttBulkWebAction>
[2020-01-14 09:51:31:031] INFO  - <XCron-Server>Service <SVC_MS_014>
[2020-01-14 09:51:31:031] DEBUG - <XCron-Server>RequestGroup <msens.xcron.hansol.qstmngbulkWebaction>
[2020-01-14 09:51:31:031] INFO  - <XCron-Server>Service <SVC_BATCH_001>
[2020-01-14 09:51:31:031] DEBUG - <XCron-Server>RequestGroup <msens.xcron.hansol.autoDownload>
[2020-01-14 09:51:31:031] INFO  - <XCron-Server>Service <SVC_MS_015>
[2020-01-14 09:51:31:031] DEBUG - <XCron-Server>[ Name=from_date Length=8 DefaultValue= Type=STRING Direction=IN Validation= ]
[2020-01-14 09:51:31:031] DEBUG - <XCron-Server>[ Name=to_date Length=8 DefaultValue= Type=STRING Direction=IN Validation= ]
[2020-01-14 09:51:31:031] DEBUG - <XCron-Server>RequestGroup <db.tm.getBefMrLs,db.msens.ms_bef_mrls_list.insert>
[2020-01-14 09:51:31:031] INFO  - <XCron-Server>Service <SVC_MS_016>
[2020-01-14 09:51:31:031] DEBUG - <XCron-Server>RequestGroup <msens.xcron.hansol.mrLsListWebAction>
[2020-01-14 09:51:31:031] INFO  - <XCron-Server>Service <SVC_MS_017>
[2020-01-14 09:51:31:031] DEBUG - <XCron-Server>[ id = msens.xcron.hansol.codeutilWebaction
, resultName = 
, batchName = 
, dataSource = 
, parameter = 
, initialize = import java.io.BufferedReader;
						import java.io.InputStreamReader;
						import java.net.URL;
						import java.net.URLConnection;
						import com.inticube.xcron.logs.Logger;
						import java.net.InetAddress;
						
						try {
							String serverIp = InetAddress.getLocalHost().getHostAddress();
							//String sUrl = "http://10.48.241.41:8080/msens/cs.com.codeutil.refresh.do?cmd=refresh";
							
							String sUrl = "http://"+serverIp+":8080/msens/cs.com.codeutil.refresh.do?cmd=refresh";
							
							URL url = new URL(sUrl);
							URLConnection urlConnection = url.openConnection();
							            
							BufferedReader in = new BufferedReader(new InputStreamReader(urlConnection.getInputStream()));
							
							String inputLine = "";
										
							while ((inputLine = in.readLine()) != null) { 
								System.out.println(inputLine);
							}
							
							in.close();
						} catch(Exception e) {
							Logger.error(e.getMessage(), e);
						}
. finalize = 
. validationAction = Skip
]
[2020-01-14 09:51:31:031] DEBUG - <XCron-Server>[ id = msens.xcron.hansol.sttmetawebaction
, resultName = 
, batchName = 
, dataSource = 
, parameter = 
, initialize = import java.io.BufferedReader;
						import java.io.InputStreamReader;
						import java.net.URL;
						import java.net.URLConnection;
						import com.inticube.xcron.logs.Logger;
						import java.net.InetAddress;
						
						try {
							String serverIp = InetAddress.getLocalHost().getHostAddress();
							String sUrl = "http://"+serverIp+":8080/msens/msens.xcron.hansol.sttmetawebaction.do";
							
							//String sUrl = "http://10.48.241.41:8080/msens/msens.xcron.hansol.sttmetawebaction.do";
							URL url = new URL(sUrl);
							URLConnection urlConnection = url.openConnection();
							            
							BufferedReader in = new BufferedReader(new InputStreamReader(urlConnection.getInputStream()));
							
							String inputLine = "";
										
							while ((inputLine = in.readLine()) != null) { 
								System.out.println(inputLine);
							}
							
							in.close();
						} catch(Exception e) {
							Logger.error(e.getMessage(), e);
						}
. finalize = 
. validationAction = Skip
]
[2020-01-14 09:51:31:031] DEBUG - <XCron-Server>[ id = msens.xcron.hansol.sttmetawebaction2
, resultName = 
, batchName = 
, dataSource = 
, parameter = 
, initialize = import java.io.BufferedReader;
						import java.io.InputStreamReader;
						import java.net.URL;
						import java.net.URLConnection;
						import com.inticube.xcron.logs.Logger;
						import java.net.InetAddress;
						
						try {
							String serverIp = InetAddress.getLocalHost().getHostAddress();
							String sUrl = "http://"+serverIp+":8080/msens/msens.xcron.hansol.sttmetawebaction.do";
							//String sUrl = "http://10.48.241.41:8080/msens/msens.xcron.hansol.sttmetawebaction.do";
							URL url = new URL(sUrl);
							URLConnection urlConnection = url.openConnection();
							            
							BufferedReader in = new BufferedReader(new InputStreamReader(urlConnection.getInputStream()));
							
							String inputLine = "";
										
							while ((inputLine = in.readLine()) != null) { 
								System.out.println(inputLine);
							}
							
							in.close();
						} catch(Exception e) {
							Logger.error(e.getMessage(), e);
						}
. finalize = 
. validationAction = Skip
]
[2020-01-14 09:51:31:031] DEBUG - <XCron-Server>[ id = msens.xcron.hansol.scriptResultWebAction
, resultName = 
, batchName = 
, dataSource = 
, parameter = 
, initialize = import java.io.BufferedReader;
						import java.io.InputStreamReader;
						import java.net.URL;
						import java.net.URLConnection;
						import com.inticube.xcron.logs.Logger;
						import java.net.InetAddress;
						
						
						try {
							String serverIp = InetAddress.getLocalHost().getHostAddress();
							String sUrl = "http://"+serverIp+":8080/msens/msens.xcron.hansol.scriptresultwebaction.do";
							//String sUrl = "http://10.48.241.41:8080/msens/msens.xcron.hansol.scriptresultwebaction.do";
							URL url = new URL(sUrl);
							URLConnection urlConnection = url.openConnection();
							            
							BufferedReader in = new BufferedReader(new InputStreamReader(urlConnection.getInputStream()));
							
							String inputLine = "";
										
							while ((inputLine = in.readLine()) != null) { 
								System.out.println(inputLine);
							}
							
							in.close();
						} catch(Exception e) {
							Logger.error(e.getMessage(), e);
						}
. finalize = 
. validationAction = Skip
]
[2020-01-14 09:51:31:031] DEBUG - <XCron-Server>[ id = msens.xcron.hansol.scriptResultWebAction2
, resultName = 
, batchName = 
, dataSource = 
, parameter = 
, initialize = import java.io.BufferedReader;
						import java.io.InputStreamReader;
						import java.net.URL;
						import java.net.URLConnection;
						import com.inticube.xcron.logs.Logger;
						import java.net.InetAddress;
						
						try {
							String serverIp = InetAddress.getLocalHost().getHostAddress();
							String sUrl = "http://"+serverIp+":8080/msens/msens.xcron.hansol.scriptresultwebaction.do";
							//String sUrl = "http://10.48.241.41:8080/msens/msens.xcron.hansol.scriptresultwebaction.do";
							URL url = new URL(sUrl);
							URLConnection urlConnection = url.openConnection();
							            
							BufferedReader in = new BufferedReader(new InputStreamReader(urlConnection.getInputStream()));
							
							String inputLine = "";
										
							while ((inputLine = in.readLine()) != null) { 
								System.out.println(inputLine);
							}
							
							in.close();
						} catch(Exception e) {
							Logger.error(e.getMessage(), e);
						}
. finalize = 
. validationAction = Skip
]
[2020-01-14 09:51:31:031] DEBUG - <XCron-Server>[ id = msens.xcron.hansol.searchResultWebAction
, resultName = 
, batchName = 
, dataSource = 
, parameter = 
, initialize = import java.io.BufferedReader;
						import java.io.InputStreamReader;
						import java.net.URL;
						import java.net.URLConnection;
						import com.inticube.xcron.logs.Logger;
						import java.net.InetAddress;
						
						try {
							String serverIp = InetAddress.getLocalHost().getHostAddress();
							String sUrl = "http://"+serverIp+":8080/msens/msens.xcron.hansol.searchResultWebAction.do";
							//String sUrl = "http://10.48.241.41:8080/msens/msens.xcron.hansol.searchResultWebAction.do";
							URL url = new URL(sUrl);
							URLConnection urlConnection = url.openConnection();
							            
							BufferedReader in = new BufferedReader(new InputStreamReader(urlConnection.getInputStream()));
							
							String inputLine = "";
										
							while ((inputLine = in.readLine()) != null) { 
								System.out.println(inputLine);
							}
							
							in.close();
						} catch(Exception e) {
							Logger.error(e.getMessage(), e);
						}
. finalize = 
. validationAction = Skip
]
[2020-01-14 09:51:31:031] DEBUG - <XCron-Server>[ id = msens.xcron.hansol.searchResultWebAction2
, resultName = 
, batchName = 
, dataSource = 
, parameter = 
, initialize = import java.io.BufferedReader;
						import java.io.InputStreamReader;
						import java.net.URL;
						import java.net.URLConnection;
						import com.inticube.xcron.logs.Logger;
						import java.net.InetAddress;
						
						try {
							String serverIp = InetAddress.getLocalHost().getHostAddress();
							String sUrl = "http://"+serverIp+":8080/msens/msens.xcron.hansol.searchResultWebAction.do";
							//String sUrl = "http://10.48.241.41:8080/msens/msens.xcron.hansol.searchResultWebAction.do";
							URL url = new URL(sUrl);
							URLConnection urlConnection = url.openConnection();
							            
							BufferedReader in = new BufferedReader(new InputStreamReader(urlConnection.getInputStream()));
							
							String inputLine = "";
										
							while ((inputLine = in.readLine()) != null) { 
								System.out.println(inputLine);
							}
							
							in.close();
						} catch(Exception e) {
							Logger.error(e.getMessage(), e);
						}
. finalize = 
. validationAction = Skip
]
[2020-01-14 09:51:31:031] DEBUG - <XCron-Server>[ id = msens.xcron.hansol.graderesultwebaction
, resultName = 
, batchName = 
, dataSource = 
, parameter = 
, initialize = import java.io.BufferedReader;
						import java.io.InputStreamReader;
						import java.net.URL;
						import java.net.URLConnection;
						import com.inticube.xcron.logs.Logger;
						import java.net.InetAddress;
						
						try {
							String serverIp = InetAddress.getLocalHost().getHostAddress();
							String sUrl = "http://"+serverIp+":8080/msens/msens.xcron.hansol.graderesultwebaction.do";
							//String sUrl = "http://10.48.241.41:8080/msens/msens.xcron.hansol.graderesultwebaction.do";
							URL url = new URL(sUrl);
							URLConnection urlConnection = url.openConnection();
							            
							BufferedReader in = new BufferedReader(new InputStreamReader(urlConnection.getInputStream()));
							
							String inputLine = "";
										
							while ((inputLine = in.readLine()) != null) { 
								System.out.println(inputLine);
							}
							
							in.close();
						} catch(Exception e) {
							Logger.error(e.getMessage(), e);
						}
. finalize = 
. validationAction = Skip
]
[2020-01-14 09:51:31:031] DEBUG - <XCron-Server>[ id = msens.xcron.hansol.graderesultwebaction2
, resultName = 
, batchName = 
, dataSource = 
, parameter = 
, initialize = import java.io.BufferedReader;
						import java.io.InputStreamReader;
						import java.net.URL;
						import java.net.URLConnection;
						import com.inticube.xcron.logs.Logger;
						import java.net.InetAddress;
						
						try {
							String serverIp = InetAddress.getLocalHost().getHostAddress();
							String sUrl = "http://"+serverIp+":8080/msens/msens.xcron.hansol.graderesultwebaction.do";
							//String sUrl = "http://10.48.241.41:8080/msens/msens.xcron.hansol.graderesultwebaction.do";
							URL url = new URL(sUrl);
							URLConnection urlConnection = url.openConnection();
							            
							BufferedReader in = new BufferedReader(new InputStreamReader(urlConnection.getInputStream()));
							
							String inputLine = "";
										
							while ((inputLine = in.readLine()) != null) { 
								System.out.println(inputLine);
							}
							
							in.close();
						} catch(Exception e) {
							Logger.error(e.getMessage(), e);
						}
. finalize = 
. validationAction = Skip
]
[2020-01-14 09:51:31:031] DEBUG - <XCron-Server>[ id = msens.xcron.hansol.autoAssignwebaction
, resultName = 
, batchName = 
, dataSource = 
, parameter = 
, initialize = import java.io.BufferedReader;
						import java.io.InputStreamReader;
						import java.net.URL;
						import java.net.URLConnection;
						import com.inticube.xcron.logs.Logger;
						import java.net.InetAddress;
						
						try {
							String serverIp = InetAddress.getLocalHost().getHostAddress();
							String sUrl = "http://"+serverIp+":8080/msens/msens.xcron.hansol.autoAssignwebaction.do";
							//String sUrl = "http://10.48.241.41:8080/msens/msens.xcron.hansol.autoAssignwebaction.do";
							URL url = new URL(sUrl);
							URLConnection urlConnection = url.openConnection();
							            
							BufferedReader in = new BufferedReader(new InputStreamReader(urlConnection.getInputStream()));
							
							String inputLine = "";
										
							while ((inputLine = in.readLine()) != null) { 
								System.out.println(inputLine);
							}
							
							in.close();
						} catch(Exception e) {
							Logger.error(e.getMessage(), e);
						}
. finalize = 
. validationAction = Skip
]
[2020-01-14 09:51:31:031] DEBUG - <XCron-Server>[ id = msens.xcron.hansol.autoAssignwebaction2
, resultName = 
, batchName = 
, dataSource = 
, parameter = 
, initialize = import java.io.BufferedReader;
						import java.io.InputStreamReader;
						import java.net.URL;
						import java.net.URLConnection;
						import com.inticube.xcron.logs.Logger;
						import java.net.InetAddress;
						
						try {
							String serverIp = InetAddress.getLocalHost().getHostAddress();
							String sUrl = "http://"+serverIp+":8080/msens/msens.xcron.hansol.autoAssignwebaction.do";
							//String sUrl = "http://10.48.241.41:8080/msens/msens.xcron.hansol.autoAssignwebaction.do";
							URL url = new URL(sUrl);
							URLConnection urlConnection = url.openConnection();
							            
							BufferedReader in = new BufferedReader(new InputStreamReader(urlConnection.getInputStream()));
							
							String inputLine = "";
										
							while ((inputLine = in.readLine()) != null) { 
								System.out.println(inputLine);
							}
							
							in.close();
						} catch(Exception e) {
							Logger.error(e.getMessage(), e);
						}
. finalize = 
. validationAction = Skip
]
[2020-01-14 09:51:31:031] DEBUG - <XCron-Server>[ id = msens.xcron.hansol.dashboardcachecall
, resultName = 
, batchName = 
, dataSource = 
, parameter = 
, initialize = import java.io.BufferedReader;
						import java.io.InputStreamReader;
						import java.net.URL;
						import java.net.URLConnection;
						import com.inticube.xcron.logs.Logger;
						import java.net.InetAddress;
						
						try {
							String serverIp = InetAddress.getLocalHost().getHostAddress();
							String sUrl = "http://"+serverIp+":8080/msens/msens.xcron.hansol.dashboardcachecall.do";
							//String sUrl = "http://10.48.241.41:8080/msens/msens.xcron.hansol.dashboardcachecall.do";
							URL url = new URL(sUrl);
							URLConnection urlConnection = url.openConnection();
							            
							BufferedReader in = new BufferedReader(new InputStreamReader(urlConnection.getInputStream()));
							
							String inputLine = "";
										
							while ((inputLine = in.readLine()) != null) { 
								System.out.println(inputLine);
							}
							
							in.close();
						} catch(Exception e) {
							Logger.error(e.getMessage(), e);
						}
. finalize = 
. validationAction = Skip
]
[2020-01-14 09:51:31:031] DEBUG - <XCron-Server>[ id = msens.xcron.hansol.qstmngWebaction
, resultName = 
, batchName = 
, dataSource = 
, parameter = 
, initialize = import java.io.BufferedReader;
						import java.io.InputStreamReader;
						import java.net.URL;
						import java.net.URLConnection;
						import com.inticube.xcron.logs.Logger;
						import java.net.InetAddress;
						
						try {
							String serverIp = InetAddress.getLocalHost().getHostAddress();
							String sUrl = "http://"+serverIp+":8080/msens/msens.xcron.hansol.qstMngWebaction.do";
							//String sUrl = "http://10.48.241.41:8080/msens/msens.xcron.hansol.qstMngWebaction.do";
							
							String from_date = params.getValue("#PARAM").getString("from_date");
							String to_date = params.getValue("#PARAM").getString("to_date");
							//if(from_date.equals("")) from_date = "";
							//파라미터 안보내면 어제꺼 작업함.
							sUrl += "?from_date=" + from_date + "&to_date=" + to_date;
							
							URL url = new URL(sUrl);
							URLConnection urlConnection = url.openConnection();
							            
							BufferedReader in = new BufferedReader(new InputStreamReader(urlConnection.getInputStream()));
							
							String inputLine = "";
										
							while ((inputLine = in.readLine()) != null) { 
								System.out.println(inputLine);
							}
							
							in.close();
						} catch(Exception e) {
							Logger.error(e.getMessage(), e);
						}
. finalize = 
. validationAction = Skip
]
[2020-01-14 09:51:31:031] DEBUG - <XCron-Server>[ id = msens.xcron.hansol.VRSParserWebaction
, resultName = 
, batchName = 
, dataSource = 
, parameter = 
, initialize = import java.io.BufferedReader;
						import java.io.InputStreamReader;
						import java.net.URL;
						import java.net.URLConnection;
						import com.inticube.xcron.logs.Logger;
						import java.net.InetAddress;
						
						try {
							String serverIp = InetAddress.getLocalHost().getHostAddress();
							String sUrl = "http://"+serverIp+":8080/msens/msens.xcron.hansol.VRSParserWebAction.do";
							//String sUrl = "http://10.48.241.41:8080/msens/msens.xcron.hansol.VRSParserWebAction.do";
								
							String from_date = params.getValue("#PARAM").getString("from_date");
							String to_date = params.getValue("#PARAM").getString("to_date");
							sUrl += "?from_date=" + from_date + "&to_date=" + to_date;
	
							URL url = new URL(sUrl);
							URLConnection urlConnection = url.openConnection();
							            
							BufferedReader in = new BufferedReader(new InputStreamReader(urlConnection.getInputStream()));
							
							String inputLine = "";
										
							while ((inputLine = in.readLine()) != null) { 
								System.out.println(inputLine);
							}
							
							in.close();
						} catch(Exception e) {
							Logger.error(e.getMessage(), e);
						}
. finalize = 
. validationAction = Skip
]
[2020-01-14 09:51:31:031] DEBUG - <XCron-Server>[ id = msens.xcron.hansol.alarmmonitoringcachecall
, resultName = 
, batchName = 
, dataSource = 
, parameter = 
, initialize = import java.io.BufferedReader;
						import java.io.InputStreamReader;
						import java.net.URL;
						import java.net.URLConnection;
						import com.inticube.xcron.logs.Logger;
						import java.net.InetAddress;
						
						try {
							String serverIp = InetAddress.getLocalHost().getHostAddress();
							String sUrl = "http://"+serverIp+":8080/msens/msens.xcron.hansol.alarmmonitoringcachecall.do";
							//String sUrl = "http://10.48.241.41:8080/msens/msens.xcron.hansol.alarmmonitoringcachecall.do";
							URL url = new URL(sUrl);
							URLConnection urlConnection = url.openConnection();
							            
							BufferedReader in = new BufferedReader(new InputStreamReader(urlConnection.getInputStream()));
							
							String inputLine = "";
										
							while ((inputLine = in.readLine()) != null) { 
								System.out.println(inputLine);
							}
							
							in.close();
						} catch(Exception e) {
							Logger.error(e.getMessage(), e);
						}
. finalize = 
. validationAction = Skip
]
[2020-01-14 09:51:31:031] DEBUG - <XCron-Server>[ id = msens.xcron.hansol.systeminfocachecall
, resultName = 
, batchName = 
, dataSource = 
, parameter = 
, initialize = import java.io.BufferedReader;
						import java.io.InputStreamReader;
						import java.net.URL;
						import java.net.URLConnection;
						import com.inticube.xcron.logs.Logger;
						import java.net.InetAddress;
						
						try {
							String serverIp = InetAddress.getLocalHost().getHostAddress();
							String sUrl = "http://"+serverIp+":8080/msens/msens.xcron.hansol.systeminfocachecall.do";
							//String sUrl = "http://10.48.241.41:8080/msens/msens.xcron.hansol.systeminfocachecall.do";
							URL url = new URL(sUrl);
							URLConnection urlConnection = url.openConnection();
							            
							BufferedReader in = new BufferedReader(new InputStreamReader(urlConnection.getInputStream()));
							
							String inputLine = "";
										
							while ((inputLine = in.readLine()) != null) { 
								System.out.println(inputLine);
							}
							
							in.close();
						} catch(Exception e) {
							Logger.error(e.getMessage(), e);
						}
. finalize = 
. validationAction = Skip
]
[2020-01-14 09:51:31:031] DEBUG - <XCron-Server>[ id = msens.xcron.hansol.getRealtimewebaction
, resultName = 
, batchName = 
, dataSource = 
, parameter = 
, initialize = import java.io.BufferedReader;
						import java.io.InputStreamReader;
						import java.net.URL;
						import java.net.URLConnection;
						import com.inticube.xcron.logs.Logger;
						import java.net.InetAddress;
						
						try {
							String serverIp = InetAddress.getLocalHost().getHostAddress();
							String sUrl = "http://"+serverIp+":8080/msens/msens.xcron.hansol.getRealtimewebaction.do";
							//String sUrl = "http://10.48.241.41:8080/msens/msens.xcron.hansol.getRealtimewebaction.do";
							URL url = new URL(sUrl);
							URLConnection urlConnection = url.openConnection();
							            
							BufferedReader in = new BufferedReader(new InputStreamReader(urlConnection.getInputStream()));
							
							String inputLine = "";
										
							while ((inputLine = in.readLine()) != null) { 
								System.out.println(inputLine);
							}
							
							in.close();
						} catch(Exception e) {
							Logger.error(e.getMessage(), e);
						}
. finalize = 
. validationAction = Skip
]
[2020-01-14 09:51:31:031] DEBUG - <XCron-Server>[ id = msens.xcron.hansol.getRealtimewebaction2
, resultName = 
, batchName = 
, dataSource = 
, parameter = 
, initialize = import java.io.BufferedReader;
						import java.io.InputStreamReader;
						import java.net.URL;
						import java.net.URLConnection;
						import com.inticube.xcron.logs.Logger;
						import java.net.InetAddress;
						
						try {
							String serverIp = InetAddress.getLocalHost().getHostAddress();
							String sUrl = "http://"+serverIp+":8080/msens/msens.xcron.hansol.getRealtimewebaction.do";
							//String sUrl = "http://10.48.241.41:8080/msens/msens.xcron.hansol.getRealtimewebaction.do";
							URL url = new URL(sUrl);
							URLConnection urlConnection = url.openConnection();
							            
							BufferedReader in = new BufferedReader(new InputStreamReader(urlConnection.getInputStream()));
							
							String inputLine = "";
										
							while ((inputLine = in.readLine()) != null) { 
								System.out.println(inputLine);
							}
							
							in.close();
						} catch(Exception e) {
							Logger.error(e.getMessage(), e);
						}
. finalize = 
. validationAction = Skip
]
[2020-01-14 09:51:32:032] DEBUG - <XCron-Server>[ id = msens.xcron.hansol.sttEncryptWebaction
, resultName = 
, batchName = 
, dataSource = 
, parameter = 
, initialize = import java.io.BufferedReader;
						import java.io.InputStreamReader;
						import java.net.URL;
						import java.net.URLConnection;
						import com.inticube.xcron.logs.Logger;
						import java.net.InetAddress;
						
						try {
							String serverIp = InetAddress.getLocalHost().getHostAddress();
							String sUrl = "http://"+serverIp+":8080/msens/msens.xcron.hansol.sttEncryptWebaction.do";
							//String sUrl = "http://10.48.241.41:8080/msens/msens.xcron.hansol.sttEncryptWebaction.do";
							URL url = new URL(sUrl);
							URLConnection urlConnection = url.openConnection();
							            
							BufferedReader in = new BufferedReader(new InputStreamReader(urlConnection.getInputStream()));
							
							String inputLine = "";
										
							while ((inputLine = in.readLine()) != null) { 
								System.out.println(inputLine);
							}
							
							in.close();
						} catch(Exception e) {
							Logger.error(e.getMessage(), e);
						}
. finalize = 
. validationAction = Skip
]
[2020-01-14 09:51:32:032] DEBUG - <XCron-Server>[ id = msens.xcron.hansol.sttContentSplitWebaction
, resultName = 
, batchName = 
, dataSource = 
, parameter = 
, initialize = import java.io.BufferedReader;
						import java.io.InputStreamReader;
						import java.net.URL;
						import java.net.URLConnection;
						import com.inticube.xcron.logs.Logger;
						import java.net.InetAddress;
						
						try {
							String serverIp = InetAddress.getLocalHost().getHostAddress();
							String sUrl = "http://"+serverIp+":8080/msens/msens.xcron.hansol.sttContentSplitWebaction.do";
							//String sUrl = "http://10.48.241.41:8080/msens/msens.xcron.hansol.sttContentSplitWebaction.do";
							URL url = new URL(sUrl);
							URLConnection urlConnection = url.openConnection();
							            
							BufferedReader in = new BufferedReader(new InputStreamReader(urlConnection.getInputStream()));
							
							String inputLine = "";
										
							while ((inputLine = in.readLine()) != null) { 
								System.out.println(inputLine);
							}
							
							in.close();
						} catch(Exception e) {
							Logger.error(e.getMessage(), e);
						}
. finalize = 
. validationAction = Skip
]
[2020-01-14 09:51:32:032] DEBUG - <XCron-Server>[ id = msens.xcron.hansol.sttContentSplitWebaction2
, resultName = 
, batchName = 
, dataSource = 
, parameter = 
, initialize = import java.io.BufferedReader;
						import java.io.InputStreamReader;
						import java.net.URL;
						import java.net.URLConnection;
						import com.inticube.xcron.logs.Logger;
						import java.net.InetAddress;
						
						try {
							String serverIp = InetAddress.getLocalHost().getHostAddress();
							String sUrl = "http://"+serverIp+":8080/msens/msens.xcron.hansol.sttContentSplitWebaction.do";
							//String sUrl = "http://10.48.241.41:8080/msens/msens.xcron.hansol.sttContentSplitWebaction.do";
							URL url = new URL(sUrl);
							URLConnection urlConnection = url.openConnection();
							            
							BufferedReader in = new BufferedReader(new InputStreamReader(urlConnection.getInputStream()));
							
							String inputLine = "";
										
							while ((inputLine = in.readLine()) != null) { 
								System.out.println(inputLine);
							}
							
							in.close();
						} catch(Exception e) {
							Logger.error(e.getMessage(), e);
						}
. finalize = 
. validationAction = Skip
]
[2020-01-14 09:51:32:032] DEBUG - <XCron-Server>[ id = msens.xcron.hansol.sttBulkWebAction
, resultName = 
, batchName = 
, dataSource = 
, parameter = 
, initialize = import java.io.BufferedReader;
						import java.io.InputStreamReader;
						import java.net.URL;
						import java.net.URLConnection;
						import com.inticube.xcron.logs.Logger;
						import java.net.InetAddress;
						
						try {
							String serverIp = InetAddress.getLocalHost().getHostAddress();
							String sUrl = "http://"+serverIp+":8080/msens/msens.xcron.hansol.sttBulkWebAction.do";
							//String sUrl = "http://10.48.241.41:8080/msens/msens.xcron.hansol.sttBulkWebAction.do";
														
							String from_date = params.getValue("#PARAM").getString("from_date");
							String to_date = params.getValue("#PARAM").getString("to_date");
							
							sUrl += "?from_date=" + from_date + "&to_date=" + to_date;
	
							URL url = new URL(sUrl);
							URLConnection urlConnection = url.openConnection();
							            
							BufferedReader in = new BufferedReader(new InputStreamReader(urlConnection.getInputStream()));
							
							String inputLine = "";
										
							while ((inputLine = in.readLine()) != null) { 
								System.out.println(inputLine);
							}
							
							in.close();
						} catch(Exception e) {
							Logger.error(e.getMessage(), e);
						}
. finalize = 
. validationAction = Skip
]
[2020-01-14 09:51:32:032] DEBUG - <XCron-Server>[ id = msens.xcron.hansol.qstmngbulkWebaction
, resultName = 
, batchName = 
, dataSource = 
, parameter = 
, initialize = import java.io.BufferedReader;
						import java.io.InputStreamReader;
						import java.net.URL;
						import java.net.URLConnection;
						import com.inticube.xcron.logs.Logger;
						import java.net.InetAddress;
						
						try {
							String serverIp = InetAddress.getLocalHost().getHostAddress();
							String sUrl = "http://"+serverIp+":8080/msens/msens.xcron.hansol.autoDownload.do";
							//String sUrl = "http://10.48.241.41:8080/msens/"msens.xcron.hansol.autoDownload.do";
								
							URL url = new URL(sUrl);
							URLConnection urlConnection = url.openConnection();
							            
							BufferedReader in = new BufferedReader(new InputStreamReader(urlConnection.getInputStream()));
							
							String inputLine = "";
										
							while ((inputLine = in.readLine()) != null) { 
								System.out.println(inputLine);
							}
							
							in.close();
						} catch(Exception e) {
							Logger.error(e.getMessage(), e);
						}
. finalize = 
. validationAction = Skip
]
[2020-01-14 09:51:32:032] DEBUG - <XCron-Server>[ id = msens.xcron.hansol.autoDownload
, resultName = 
, batchName = 
, dataSource = 
, parameter = 
, initialize = import java.io.BufferedReader;
						import java.io.InputStreamReader;
						import java.net.URL;
						import java.net.URLConnection;
						import com.inticube.xcron.logs.Logger;
						import java.net.InetAddress;
						
						try {
							String serverIp = InetAddress.getLocalHost().getHostAddress();
							String sUrl = "http://"+serverIp+":8080/msens/msens.xcron.hansol.autoDownload.do";
							//String sUrl = "http://10.48.241.41:8080/msens/"msens.xcron.hansol.autoDownload.do";
														
							URL url = new URL(sUrl);
							URLConnection urlConnection = url.openConnection();
							            
							BufferedReader in = new BufferedReader(new InputStreamReader(urlConnection.getInputStream()));
							
							String inputLine = "";
										
							while ((inputLine = in.readLine()) != null) { 
								System.out.println(inputLine);
							}
							
							in.close();
						} catch(Exception e) {
							Logger.error(e.getMessage(), e);
						}
. finalize = 
. validationAction = Skip
]
[2020-01-14 09:51:32:032] DEBUG - <XCron-Server>[ id = msens.xcron.hansol.mrLsListWebAction
, resultName = 
, batchName = 
, dataSource = 
, parameter = 
, initialize = import java.io.BufferedReader;
						import java.io.InputStreamReader;
						import java.net.URL;
						import java.net.URLConnection;
						import com.inticube.xcron.logs.Logger;
						import java.net.InetAddress;
						
						try {
							String serverIp = InetAddress.getLocalHost().getHostAddress();
							String sUrl = "http://"+serverIp+":8080/msens/msens.xcron.hansol.mrLsListWebAction.do";
							//String sUrl = "http://10.48.241.41:8080/msens/"msens.xcron.hansol.mrLsListWebAction.do";
							URL url = new URL(sUrl);
							URLConnection urlConnection = url.openConnection();
							            
							BufferedReader in = new BufferedReader(new InputStreamReader(urlConnection.getInputStream()));
							
							String inputLine = "";
										
							while ((inputLine = in.readLine()) != null) { 
								System.out.println(inputLine);
							}
							
							in.close();
						} catch(Exception e) {
							Logger.error(e.getMessage(), e);
						}
. finalize = 
. validationAction = Skip
]
[2020-01-14 09:51:32:032] DEBUG - <XCron-Server>[ id = db.tm.tb_pre_est_history.select
, resultName = TB_PRE_EST_ALLOCATE_HISTORY
, batchName = 
, dataSource = tmdatasource
, parameter = 
, initialize = 
. finalize = 
. validationAction = Skip
]
[2020-01-14 09:51:32:032] DEBUG - <XCron-Server>[ id = db.msens.tm.tb_pre_est_history.insert
, resultName = 
, batchName = TB_PRE_EST_ALLOCATE_HISTORY
, dataSource = msensdatasource
, parameter = 
, initialize = 
. finalize = 
. validationAction = Skip
]
[2020-01-14 09:51:32:032] DEBUG - <XCron-Server>[ id = db.tm.ms_bef_est_score.select
, resultName = MS_BEF_EST_SCORE
, batchName = 
, dataSource = tmdatasource
, parameter = 
, initialize = 
. finalize = 
. validationAction = Skip
]
[2020-01-14 09:51:32:032] DEBUG - <XCron-Server>[ id = db.msens.ms_bef_est_score.insert
, resultName = 
, batchName = MS_BEF_EST_SCORE
, dataSource = msensdatasource
, parameter = 
, initialize = 
. finalize = 
. validationAction = Skip
]
[2020-01-14 09:51:32:032] DEBUG - <XCron-Server>[ id = log.insertservicelog
, resultName = 
, batchName = _Log
, dataSource = msensdatasource
, parameter = 
, initialize = 
. finalize = 
. validationAction = Skip
]
[2020-01-14 09:51:32:032] DEBUG - <XCron-Server>[ id = db.tm.tb_group_info.select
, resultName = TM_GROUP_INGO
, batchName = 
, dataSource = tmdatasource
, parameter = #param
, initialize = 
. finalize = 
. validationAction = Skip
]
[2020-01-14 09:51:32:032] DEBUG - <XCron-Server>[ id = db.msens.ms_dept.insert
, resultName = 
, batchName = TM_GROUP_INGO
, dataSource = msensdatasource
, parameter = 
, initialize = 
. finalize = 
. validationAction = Skip
]
[2020-01-14 09:51:32:032] DEBUG - <XCron-Server>[ id = db.tm.tb_codebook_SYS057.select
, resultName = TB_CODEBOOK
, batchName = 
, dataSource = tmdatasource
, parameter = 
, initialize = 
. finalize = 
. validationAction = Skip
]
[2020-01-14 09:51:32:032] DEBUG - <XCron-Server>[ id = db.msens.ms_codebook_SYS002.insert
, resultName = 
, batchName = TB_CODEBOOK
, dataSource = msensdatasource
, parameter = 
, initialize = 
. finalize = 
. validationAction = Skip
]
[2020-01-14 09:51:32:032] DEBUG - <XCron-Server>[ id = db.tm.tb_user.select
, resultName = TB_USER
, batchName = 
, dataSource = tmdatasource
, parameter = #param
, initialize = 
. finalize = 
. validationAction = Skip
]
[2020-01-14 09:51:32:032] DEBUG - <XCron-Server>[ id = db.msens.ms_usermaster_batch.insert
, resultName = 
, batchName = TB_USER
, dataSource = msensdatasource
, parameter = 
, initialize = 
. finalize = 
. validationAction = Skip
]
[2020-01-14 09:51:32:032] DEBUG - <XCron-Server>[ id = db.tm.tb_codebook_SYS999_SYS001.select
, resultName = TB_CODEBOOK
, batchName = 
, dataSource = tmdatasource
, parameter = 
, initialize = 
. finalize = 
. validationAction = Skip
]
[2020-01-14 09:51:32:032] DEBUG - <XCron-Server>[ id = db.msens.ms_codebook_SYS001_SYS011.insert
, resultName = 
, batchName = TB_CODEBOOK
, dataSource = msensdatasource
, parameter = 
, initialize = 
. finalize = 
. validationAction = Skip
]
[2020-01-14 09:51:32:032] DEBUG - <XCron-Server>[ id = db.tm.tb_user_workmonth.select
, resultName = TB_USER
, batchName = 
, dataSource = tmdatasource
, parameter = 
, initialize = 
. finalize = 
. validationAction = Skip
]
[2020-01-14 09:51:32:032] DEBUG - <XCron-Server>[ id = db.msens.ms_usermaster_workmonth.update
, resultName = 
, batchName = TB_USER
, dataSource = msensdatasource
, parameter = 
, initialize = 
. finalize = 
. validationAction = Skip
]
[2020-01-14 09:51:32:032] DEBUG - <XCron-Server>[ id = db.tm.tb_pre_est_allocate_mng.select
, resultName = TB_PRE_EST_ALLOCATE_MNG
, batchName = 
, dataSource = tmdatasource
, parameter = #param
, initialize = 
. finalize = 
. validationAction = Skip
]
[2020-01-14 09:51:32:032] DEBUG - <XCron-Server>[ id = db.msens.tb_pre_est_allocate_mng.insert
, resultName = 
, batchName = TB_PRE_EST_ALLOCATE_MNG
, dataSource = msensdatasource
, parameter = 
, initialize = 
. finalize = 
. validationAction = Skip
]
[2020-01-14 09:51:32:032] DEBUG - <XCron-Server>[ id = db.tm.tb_sc_code_mng.select
, resultName = TB_SC_CODE_MNG
, batchName = 
, dataSource = tmdatasource
, parameter = 
, initialize = 
. finalize = 
. validationAction = Skip
]
[2020-01-14 09:51:32:032] DEBUG - <XCron-Server>[ id = db.msens.tb_sc_code_mng.insert
, resultName = 
, batchName = TB_SC_CODE_MNG
, dataSource = msensdatasource
, parameter = 
, initialize = 
. finalize = 
. validationAction = Skip
]
[2020-01-14 09:51:32:032] DEBUG - <XCron-Server>[ id = db.tm.tb_sc_mng.select
, resultName = TB_SC_MNG
, batchName = 
, dataSource = tmdatasource
, parameter = 
, initialize = 
. finalize = 
. validationAction = Skip
]
[2020-01-14 09:51:32:032] DEBUG - <XCron-Server>[ id = db.msens.tb_sc_mng.insert
, resultName = 
, batchName = TB_SC_MNG
, dataSource = msensdatasource
, parameter = 
, initialize = 
. finalize = 
. validationAction = Skip
]
[2020-01-14 09:51:32:032] DEBUG - <XCron-Server>[ id = db.tm.tb_codebook_SYS119.select
, resultName = TB_CODEBOOK
, batchName = 
, dataSource = tmdatasource
, parameter = 
, initialize = 
. finalize = 
. validationAction = Skip
]
[2020-01-14 09:51:32:032] DEBUG - <XCron-Server>[ id = db.msens.ms_codebook_SYS105.insert
, resultName = 
, batchName = TB_CODEBOOK
, dataSource = msensdatasource
, parameter = 
, initialize = 
. finalize = 
. validationAction = Skip
]
[2020-01-14 09:51:32:032] DEBUG - <XCron-Server>[ id = db.msens.tb_qst_kind_mng.delete
, resultName = 
, batchName = 
, dataSource = msensdatasource
, parameter = 
, initialize = 
. finalize = 
. validationAction = Skip
]
[2020-01-14 09:51:32:032] DEBUG - <XCron-Server>[ id = db.tm.tb_qst_kind_mng.select
, resultName = TB_QST_KIND_MNG
, batchName = 
, dataSource = tmdatasource
, parameter = 
, initialize = 
. finalize = 
. validationAction = Skip
]
[2020-01-14 09:51:32:032] DEBUG - <XCron-Server>[ id = db.msens.tb_qst_kind_mng.insert
, resultName = 
, batchName = TB_QST_KIND_MNG
, dataSource = msensdatasource
, parameter = 
, initialize = 
. finalize = 
. validationAction = Skip
]
[2020-01-14 09:51:32:032] DEBUG - <XCron-Server>[ id = db.tm.tbia101.select
, resultName = TBIA101
, batchName = 
, dataSource = tmdatasource
, parameter = 
, initialize = 
. finalize = 
. validationAction = Skip
]
[2020-01-14 09:51:32:032] DEBUG - <XCron-Server>[ id = db.msens.ms_product.insert
, resultName = 
, batchName = TBIA101
, dataSource = msensdatasource
, parameter = 
, initialize = 
. finalize = 
. validationAction = Skip
]
[2020-01-14 09:51:32:032] DEBUG - <XCron-Server>[ id = db.tm.tbia102.select
, resultName = TAIA102
, batchName = 
, dataSource = tmdatasource
, parameter = 
, initialize = 
. finalize = 
. validationAction = Skip
]
[2020-01-14 09:51:32:032] DEBUG - <XCron-Server>[ id = db.msens.ms_dmbo.insert
, resultName = 
, batchName = TAIA102
, dataSource = msensdatasource
, parameter = 
, initialize = 
. finalize = 
. validationAction = Skip
]
[2020-01-14 09:51:32:032] DEBUG - <XCron-Server>[ id = db.tm.tb_sc_qst_mng.select
, resultName = TB_SC_QST_MNG
, batchName = 
, dataSource = tmdatasource
, parameter = 
, initialize = 
. finalize = 
. validationAction = Skip
]
[2020-01-14 09:51:32:032] DEBUG - <XCron-Server>[ id = db.msens.tb_sc_qst_mng.insert
, resultName = 
, batchName = TB_SC_QST_MNG
, dataSource = msensdatasource
, parameter = 
, initialize = 
. finalize = 
. validationAction = Skip
]
[2020-01-14 09:51:32:032] DEBUG - <XCron-Server>[ id = db.tm.tb_holiday.select
, resultName = TB_HOLIDAY
, batchName = 
, dataSource = tmdatasource
, parameter = #param
, initialize = 
. finalize = 
. validationAction = Skip
]
[2020-01-14 09:51:32:032] DEBUG - <XCron-Server>[ id = db.msens.ms_holiday_info.insert
, resultName = 
, batchName = TB_HOLIDAY
, dataSource = msensdatasource
, parameter = 
, initialize = 
. finalize = 
. validationAction = Skip
]
[2020-01-14 09:51:32:032] DEBUG - <XCron-Server>[ id = db.msens.ms_stt_meta_flages.update
, resultName = 
, batchName = 
, dataSource = msensdatasource
, parameter = #param
, initialize = 
. finalize = 
. validationAction = Skip
]
[2020-01-14 09:51:32:032] DEBUG - <XCron-Server>[ id = db.tm.tb_insu_plan_mast.ass_user.select
, resultName = TB_INSU_PLAN_MAST
, batchName = 
, dataSource = tmdatasource
, parameter = #param
, initialize = 
. finalize = 
. validationAction = Skip
]
[2020-01-14 09:51:32:032] DEBUG - <XCron-Server>[ id = db.msens.ms_stt_meta.ass_user.update
, resultName = 
, batchName = TB_INSU_PLAN_MAST
, dataSource = msensdatasource
, parameter = 
, initialize = 
. finalize = 
. validationAction = Skip
]
[2020-01-14 09:51:32:032] DEBUG - <XCron-Server>[ id = db.msens.ms_stt_meta.cur_con_ent_dgn_no.select
, resultName = MS_STT_META
, batchName = 
, dataSource = msensdatasource
, parameter = #param
, initialize = 
. finalize = 
. validationAction = Skip
]
[2020-01-14 09:51:32:032] DEBUG - <XCron-Server>[ id = db.tm.tb_pre_est_history.est_info.select
, resultName = TB_PRE_EST_HISTORY
, batchName = MS_STT_META
, dataSource = tmdatasource
, parameter = 
, initialize = 
. finalize = 
. validationAction = Skip
]
[2020-01-14 09:51:32:032] DEBUG - <XCron-Server>[ id = db.msens.ms_pre_est_info.est_info.insert
, resultName = 
, batchName = TB_PRE_EST_HISTORY
, dataSource = msensdatasource
, parameter = 
, initialize = 
. finalize = 
. validationAction = Skip
]
[2020-01-14 09:51:32:032] DEBUG - <XCron-Server>[ id = db.msens.ms_qc_work_stat.endtime.update
, resultName = 
, batchName = 
, dataSource = msensdatasource
, parameter = #param
, initialize = 
. finalize = 
. validationAction = Skip
]
[2020-01-14 09:51:32:032] DEBUG - <XCron-Server>[ id = db.msens.ms_ins_timestamp.endtime.update
, resultName = 
, batchName = 
, dataSource = msensdatasource
, parameter = #param
, initialize = 
. finalize = 
. validationAction = Skip
]
[2020-01-14 09:51:32:032] DEBUG - <XCron-Server>[ id = db.msens.ms_qc_work_stat.sum.select
, resultName = MS_QC_WORK_SUM
, batchName = 
, dataSource = msensdatasource
, parameter = #param
, initialize = 
. finalize = 
. validationAction = Skip
]
[2020-01-14 09:51:32:032] DEBUG - <XCron-Server>[ id = db.msens.ms_qc_work_sum.sum.insert
, resultName = 
, batchName = MS_QC_WORK_SUM
, dataSource = msensdatasource
, parameter = 
, initialize = 
. finalize = 
. validationAction = Skip
]
[2020-01-14 09:51:32:032] DEBUG - <XCron-Server>[ id = db.msens.ms_qc_work_stat.delete
, resultName = 
, batchName = 
, dataSource = msensdatasource
, parameter = #param
, initialize = 
. finalize = 
. validationAction = Skip
]
[2020-01-14 09:51:32:032] DEBUG - <XCron-Server>[ id = db.msens.ms_ins_timestamp.sum.select
, resultName = MS_INS_TIMESTAMP
, batchName = 
, dataSource = msensdatasource
, parameter = #param
, initialize = 
. finalize = 
. validationAction = Skip
]
[2020-01-14 09:51:32:032] DEBUG - <XCron-Server>[ id = db.msens.ms_ins_timestamp_sum.sum.insert
, resultName = 
, batchName = MS_INS_TIMESTAMP
, dataSource = msensdatasource
, parameter = 
, initialize = 
. finalize = 
. validationAction = Skip
]
[2020-01-14 09:51:32:032] DEBUG - <XCron-Server>[ id = db.msens.ms_ins_timestamp.delete
, resultName = 
, batchName = 
, dataSource = msensdatasource
, parameter = #param
, initialize = 
. finalize = 
. validationAction = Skip
]
[2020-01-14 09:51:32:032] DEBUG - <XCron-Server>[ id = db.msens.ms_xcron_file_log.delete.term
, resultName = 
, batchName = 
, dataSource = msensdatasource
, parameter = 
, initialize = 
. finalize = 
. validationAction = Skip
]
[2020-01-14 09:51:32:032] DEBUG - <XCron-Server>[ id = db.msens.ms_xcron_service_log.delete.term
, resultName = 
, batchName = 
, dataSource = msensdatasource
, parameter = 
, initialize = 
. finalize = 
. validationAction = Skip
]
[2020-01-14 09:51:32:032] DEBUG - <XCron-Server>[ id = db.msens.ms_login_log.delete.term
, resultName = 
, batchName = 
, dataSource = msensdatasource
, parameter = 
, initialize = 
. finalize = 
. validationAction = Skip
]
[2020-01-14 09:51:32:032] DEBUG - <XCron-Server>[ id = db.msens.ms_player_log.delete.term
, resultName = 
, batchName = 
, dataSource = msensdatasource
, parameter = 
, initialize = 
. finalize = 
. validationAction = Skip
]
[2020-01-14 09:51:32:032] DEBUG - <XCron-Server>[ id = db.msens.ms_stt_rslt.delete.term
, resultName = 
, batchName = 
, dataSource = msensdatasource
, parameter = 
, initialize = 
. finalize = 
. validationAction = Skip
]
[2020-01-14 09:51:32:032] DEBUG - <XCron-Server>[ id = msens.xcron.hansol.wavfile.delete.action
, resultName = 
, batchName = 
, dataSource = 
, parameter = 
, initialize = import com.inticube.xcron.logs.Logger;
						
						try {
						
							String command = "/sw/msens/MSENS_OB/webapps/temp/file_delete.sh";
							
							Runtime runtime = Runtime.getRuntime();
							Process process = runtime.exec(command);
							
						} catch(Exception e) {
							Logger.error(e.getMessage(), e);
						}
. finalize = 
. validationAction = Skip
]
[2020-01-14 09:51:32:032] DEBUG - <XCron-Server>[ id = msens.xcron.hansol.log.delete.action
, resultName = 
, batchName = 
, dataSource = 
, parameter = 
, initialize = import com.inticube.xcron.logs.Logger;
						
						try {
						
							String command = "/sw/msens/MSENS_OB/webapps/temp/log_delete.sh";
							
							Runtime runtime = Runtime.getRuntime();
							Process process = runtime.exec(command);
							
						} catch(Exception e) {
							Logger.error(e.getMessage(), e);
						}
. finalize = 
. validationAction = Skip
]
[2020-01-14 09:51:32:032] DEBUG - <XCron-Server>[ id = db.msens.ms_value.delete.term
, resultName = 
, batchName = 
, dataSource = snmpdatasource
, parameter = #param
, initialize = 
. finalize = 
. validationAction = Skip
]
[2020-01-14 09:51:32:032] DEBUG - <XCron-Server>[ id = db.msens.ms_value_min.delete.term
, resultName = 
, batchName = 
, dataSource = snmpdatasource
, parameter = #param
, initialize = 
. finalize = 
. validationAction = Skip
]
[2020-01-14 09:51:32:032] DEBUG - <XCron-Server>[ id = db.msens.ms_value_usage.delete.term
, resultName = 
, batchName = 
, dataSource = snmpdatasource
, parameter = #param
, initialize = 
. finalize = 
. validationAction = Skip
]
[2020-01-14 09:51:32:032] DEBUG - <XCron-Server>[ id = db.msens.ms_value_usage_et.delete.term
, resultName = 
, batchName = 
, dataSource = snmpdatasource
, parameter = #param
, initialize = 
. finalize = 
. validationAction = Skip
]
[2020-01-14 09:51:32:032] DEBUG - <XCron-Server>[ id = db.uat.msens.tb_sc_code_mng.utp.select
, resultName = TB_SC_CODE_MNG
, batchName = 
, dataSource = muatdatasource
, parameter = 
, initialize = 
. finalize = 
. validationAction = Skip
]
[2020-01-14 09:51:32:032] DEBUG - <XCron-Server>[ id = db.msens.tb_sc_code_mng.utp.insert
, resultName = 
, batchName = TB_SC_CODE_MNG
, dataSource = mproddatasource
, parameter = 
, initialize = 
. finalize = 
. validationAction = Skip
]
[2020-01-14 09:51:32:032] DEBUG - <XCron-Server>[ id = db.uat.msens.tb_sc_mng.utp.select
, resultName = TB_SC_MNG
, batchName = 
, dataSource = muatdatasource
, parameter = 
, initialize = 
. finalize = 
. validationAction = Skip
]
[2020-01-14 09:51:33:033] DEBUG - <XCron-Server>[ id = db.msens.tb_sc_mng.utp.insert
, resultName = 
, batchName = TB_SC_MNG
, dataSource = mproddatasource
, parameter = 
, initialize = 
. finalize = 
. validationAction = Skip
]
[2020-01-14 09:51:33:033] DEBUG - <XCron-Server>[ id = db.uat.msens.tb_codebook_SYS119.utp.select
, resultName = TB_CODEBOOK
, batchName = 
, dataSource = muatdatasource
, parameter = 
, initialize = 
. finalize = 
. validationAction = Skip
]
[2020-01-14 09:51:33:033] DEBUG - <XCron-Server>[ id = db.msens.ms_codebook_SYS105.utp.insert
, resultName = 
, batchName = TB_CODEBOOK
, dataSource = mproddatasource
, parameter = 
, initialize = 
. finalize = 
. validationAction = Skip
]
[2020-01-14 09:51:33:033] DEBUG - <XCron-Server>[ id = db.msens.tb_qst_kind_mng.utp.delete
, resultName = 
, batchName = 
, dataSource = mproddatasource
, parameter = 
, initialize = 
. finalize = 
. validationAction = Skip
]
[2020-01-14 09:51:33:033] DEBUG - <XCron-Server>[ id = db.uat.msens.tb_qst_kind_mng.utp.select
, resultName = TB_QST_KIND_MNG
, batchName = 
, dataSource = muatdatasource
, parameter = 
, initialize = 
. finalize = 
. validationAction = Skip
]
[2020-01-14 09:51:33:033] DEBUG - <XCron-Server>[ id = db.msens.tb_qst_kind_mng.utp.insert
, resultName = 
, batchName = TB_QST_KIND_MNG
, dataSource = mproddatasource
, parameter = 
, initialize = 
. finalize = 
. validationAction = Skip
]
[2020-01-14 09:51:33:033] DEBUG - <XCron-Server>[ id = db.msens.ms_stt_result.delete.term
, resultName = 
, batchName = 
, dataSource = msensdatasource
, parameter = #param
, initialize = 
. finalize = 
. validationAction = Skip
]
[2020-01-14 09:51:33:033] DEBUG - <XCron-Server>[ id = db.msens.ms_stt_meta.delete.term
, resultName = 
, batchName = 
, dataSource = msensdatasource
, parameter = #param
, initialize = 
. finalize = 
. validationAction = Skip
]
[2020-01-14 09:51:33:033] DEBUG - <XCron-Server>[ id = db.msens.ms_script_result.delete.term
, resultName = 
, batchName = 
, dataSource = msensdatasource
, parameter = #param
, initialize = 
. finalize = 
. validationAction = Skip
]
[2020-01-14 09:51:33:033] DEBUG - <XCron-Server>[ id = db.msens.ms_search_result.delete.term
, resultName = 
, batchName = 
, dataSource = msensdatasource
, parameter = #param
, initialize = 
. finalize = 
. validationAction = Skip
]
[2020-01-14 09:51:33:033] DEBUG - <XCron-Server>[ id = db.msens.ms_grade_result.delete.term
, resultName = 
, batchName = 
, dataSource = msensdatasource
, parameter = #param
, initialize = 
. finalize = 
. validationAction = Skip
]
[2020-01-14 09:51:33:033] DEBUG - <XCron-Server>[ id = db.msens.ms_bef_est_score.delete.term
, resultName = 
, batchName = 
, dataSource = msensdatasource
, parameter = #param
, initialize = 
. finalize = 
. validationAction = Skip
]
[2020-01-14 09:51:33:033] DEBUG - <XCron-Server>[ id = db.msens.ms_bef_mrls.delete.term
, resultName = 
, batchName = 
, dataSource = msensdatasource
, parameter = #param
, initialize = 
. finalize = 
. validationAction = Skip
]
[2020-01-14 09:51:33:033] DEBUG - <XCron-Server>[ id = db.msens.tb_sc_qst_mng.delete.term
, resultName = 
, batchName = 
, dataSource = msensdatasource
, parameter = #param
, initialize = 
. finalize = 
. validationAction = Skip
]
[2020-01-14 09:51:33:033] DEBUG - <XCron-Server>[ id = db.prod.msens.ms_ment_mng.utp.del
, resultName = 
, batchName = 
, dataSource = mproddatasource
, parameter = 
, initialize = 
. finalize = 
. validationAction = Skip
]
[2020-01-14 09:51:33:033] DEBUG - <XCron-Server>[ id = db.uat.msens.ms_ment_mng.utp.select
, resultName = MS_MENT_MNG
, batchName = 
, dataSource = muatdatasource
, parameter = 
, initialize = 
. finalize = 
. validationAction = Skip
]
[2020-01-14 09:51:33:033] DEBUG - <XCron-Server>[ id = db.prod.msens.ms_ment_mng.utp.ins
, resultName = 
, batchName = MS_MENT_MNG
, dataSource = mproddatasource
, parameter = 
, initialize = 
. finalize = 
. validationAction = Skip
]
[2020-01-14 09:51:33:033] DEBUG - <XCron-Server>[ id = msens.xcron.hansol.autoDownload.flag.update
, resultName = 
, batchName = 
, dataSource = msensdatasource
, parameter = 
, initialize = 
. finalize = 
. validationAction = Skip
]
[2020-01-14 09:51:33:033] DEBUG - <XCron-Server>[ id = db.msens.tb_reject_list.select
, resultName = TB_REJECT
, batchName = 
, dataSource = tmdatasource
, parameter = #param
, initialize = 
. finalize = 
. validationAction = Skip
]
[2020-01-14 09:51:33:033] DEBUG - <XCron-Server>[ id = db.msens.ms_reject_list.insert
, resultName = 
, batchName = TB_REJECT
, dataSource = msensdatasource
, parameter = 
, initialize = 
. finalize = 
. validationAction = Skip
]
[2020-01-14 09:51:33:033] DEBUG - <XCron-Server>[ id = db.tm.getBefMrLs
, resultName = TB_LIST
, batchName = 
, dataSource = tmdatasource
, parameter = #param
, initialize = 
. finalize = 
. validationAction = Skip
]
[2020-01-14 09:51:33:033] DEBUG - <XCron-Server>[ id = db.msens.ms_bef_mrls_list.insert
, resultName = 
, batchName = TB_LIST
, dataSource = msensdatasource
, parameter = 
, initialize = 
. finalize = 
. validationAction = Skip
]
[2020-01-14 09:51:33:033] INFO  - <XCron-Server>XCron Schedule Service Started
[2020-01-14 09:51:33:033] INFO  - <XCron-Server>Programmed = Youn TaeHee, @Seoul Korea
[2020-01-14 09:51:33:033] INFO  - <XCron-Server>E-mail = taehee.youn@gmail.com
[2020-01-14 09:51:33:033] INFO  - <XCron-Server>Initializing end
[2020-01-14 09:51:33:033] INFO  - <XCron-Server>==============================================================================
[2020-01-14 09:54:36:036] DEBUG - <pool-1-thread-1><?xml version='1.0' encoding='euc-kr'?><ControlConfig><Cmd Name="getinfo" Type="Service" Service=""/></ControlConfig>
[2020-01-14 09:54:36:036] DEBUG - <pool-1-thread-1>
	[column:ID,RUNNABLE,DESCRIPTION,LASTRUNTIME,RUNNING,
	[0:SVC_BATCH_001,true,[UAT용]스크립트 질의관리 수집(TB_SC_QST_MNG) : 전체 일자 가져옴,1970/01/01 09:00:00,false]
	[1:SVC_MS_003_1,true,설계번호별 금칙어/필수멘트 결과 데이터 저장,1970/01/01 09:00:00,false]
	[2:SVC_COM_009,true,connection pool 재생성,1970/01/01 09:00:00,false]
	[3:SVC_COM_008,true,테이블(login_log, player_log, rslt, Xcron) 삭제(매일 기간별테이블삭제),1970/01/01 09:00:00,false]
	[4:SVC_COM_007,true,문단으로 넘어온 스크립트 문장단위로 SPLIT 작업(PARAM: MS_QST_MNG CHGDATE),1970/01/01 09:00:00,false]
	[5:SVC_COM_006,true,근속년수 업데이트,1970/01/01 09:00:00,false]
	[6:SVC_COM_005,true,스크립트 질의관리 수집(TB_SC_QST_MNG) : NO PARAM=> 전 일꺼 가져옴,1970/01/01 09:00:00,false]
	[7:SVC_COM_004,true,질의유형관리(TB_QST_KIND_MNG),1970/01/01 09:00:00,false]
	[8:SVC_COM_003,true,스크립트 코드 관리 변경내역 수집(TB_SC_CODE_MNG, TB_SC_MNG),1970/01/01 09:00:00,false]
	[9:SVC_MS_002_1,true,설계번호별 스크립트 결과 데이터 저장,1970/01/01 09:00:00,false]
	[10:SVC_COM_002,true,조직정보배치,1970/01/01 09:00:00,false]
	[11:SVC_COM_001,true,사용자정보,1970/01/01 09:00:00,false]
	[12:SVC_MS_017,true,MrLs콜 분석,1970/01/01 09:00:00,false]
	[13:SVC_MS_016,true,MrLs콜 TM으로부터 수집(반드시 한달 치(MM/01~MM/31) 수집할것),1970/01/01 09:00:00,false]
	[14:SVC_MS_015,true,콜재생속도 개선 위해 STT 분석 콜 자동 다운로드,1970/01/01 09:00:00,false]
	[15:SVC_MS_014,true,STT 일괄 암호화 작업 수행,1970/01/01 09:00:00,false]
	[16:SVC_MS_013,true,전월평가점수 배치 및 상담사별 전월평가점수 계산,1970/01/01 09:00:00,false]
	[17:SVC_MS_012,true,STT CONTENT SPLIT 작업,1970/01/01 09:00:00,false]
	[18:SVC_MS_001_1,true,RealTime DB + AiGEN 정보 연동,1970/01/01 09:00:00,false]
	[19:SVC_MS_008_1,true,RealTime 분석 현황 수집,1970/01/01 09:00:00,false]
	[20:SVC_MS_009,true,분석 flag 업데이트,1970/01/01 09:00:00,false]
	[21:SVC_COM_023,true,테이블 기간별 삭제(기간:1년전 데이터 삭제/매일),1970/01/01 09:00:00,false]
	[22:SVC_COM_022,true,청약거절콜 Aigen으로부터 가져옴,1970/01/01 09:00:00,false]
	[23:SVC_MS_008,true,RealTime 분석 현황 수집,1970/01/01 09:00:00,false]
	[24:SVC_COM_021,true,테이블 기간별 삭제(기간:1년전 데이터 삭제/매월 1일),1970/01/01 09:00:00,false]
	[25:SVC_MS_007,true,시스템정보수집,1970/01/01 09:00:00,false]
	[26:SVC_COM_020,true,QC 근무 모니터링 summary,1970/01/01 09:00:00,false]
	[27:SVC_MS_005,true,자동배분작업,1970/01/01 09:00:00,false]
	[28:SVC_MS_004,true,설계번호별 Grade 결과 데이터 저장,1970/01/01 09:00:00,false]
	[29:SVC_MS_012_1,true,STT CONTENT SPLIT 작업,1970/01/01 09:00:00,false]
	[30:SVC_MS_003,true,설계번호별 금칙어/필수멘트 결과 데이터 저장,1970/01/01 09:00:00,false]
	[31:SVC_MS_002,true,설계번호별 스크립트 결과 데이터 저장,1970/01/01 09:00:00,false]
	[32:SVC_MS_001,true,RealTime DB + AiGEN 정보 연동,1970/01/01 09:00:00,false]
	[33:SVC_COM_019,true,[UAT -> PROD] 담보별필수멘트 운영이관,1970/01/01 09:00:00,false]
	[34:SVC_COM_018,true,[UAT -> PROD] 계피유형코드관리,1970/01/01 09:00:00,false]
	[35:SVC_COM_017,true,[UAT -> PROD] 질의유형관리(TB_QST_KIND_MNG),1970/01/01 09:00:00,false]
	[36:SVC_COM_016,true,[UAT -> PROD] 스크립트 코드 관리 변경내역 수집(TB_SC_CODE_MNG, TB_SC_MNG),1970/01/01 09:00:00,false]
	[37:SVC_COM_015,true,배분정보 동기화,1970/01/01 09:00:00,false]
	[38:SVC_MS_005_1,true,자동배분작업,1970/01/01 09:00:00,false]
	[39:SVC_COM_014,true,휴일정보배치,1970/01/01 09:00:00,false]
	[40:SVC_COM_013,true,QC 리스트 배치,1970/01/01 09:00:00,false]
	[41:SVC_COM_012,true,상품코드, 담보코드 수집 배치,1970/01/01 09:00:00,false]
	[42:SVC_COM_011,true,시스템모니터링-SNMP 관련 테이블 삭제(기간별테이블삭제) YYYYMMDDHH,1970/01/01 09:00:00,false]
	[43:SVC_COM_010,true,녹취청취파일삭제,1970/01/01 09:00:00,false]
	[44:SVC_MS_004_1,true,설계번호별 Grade 결과 데이터 저장,1970/01/01 09:00:00,false]
	[45:SVC_MS_020,true,코드북 코드 초기화,1970/01/01 09:00:00,false]
]
[2020-01-14 09:54:36:036] DEBUG - <pool-1-thread-1><?xml version='1.0' encoding='UTF-8'?><ControlConfig><ListParam><Param><Field Name="DESCRIPTION"><![CDATA[[UAT용]스크립트 질의관리 수집(TB_SC_QST_MNG) : 전체 일자 가져옴]]></Field><Field Name="RUNNING"><![CDATA[false]]></Field><Field Name="ID"><![CDATA[SVC_BATCH_001]]></Field><Field Name="LASTRUNTIME"><![CDATA[1970/01/01 09:00:00]]></Field><Field Name="RUNNABLE"><![CDATA[true]]></Field></Param><Param><Field Name="DESCRIPTION"><![CDATA[설계번호별 금칙어/필수멘트 결과 데이터 저장]]></Field><Field Name="RUNNING"><![CDATA[false]]></Field><Field Name="ID"><![CDATA[SVC_MS_003_1]]></Field><Field Name="LASTRUNTIME"><![CDATA[1970/01/01 09:00:00]]></Field><Field Name="RUNNABLE"><![CDATA[true]]></Field></Param><Param><Field Name="DESCRIPTION"><![CDATA[connection pool 재생성]]></Field><Field Name="RUNNING"><![CDATA[false]]></Field><Field Name="ID"><![CDATA[SVC_COM_009]]></Field><Field Name="LASTRUNTIME"><![CDATA[1970/01/01 09:00:00]]></Field><Field Name="RUNNABLE"><![CDATA[true]]></Field></Param><Param><Field Name="DESCRIPTION"><![CDATA[테이블(login_log, player_log, rslt, Xcron) 삭제(매일 기간별테이블삭제)]]></Field><Field Name="RUNNING"><![CDATA[false]]></Field><Field Name="ID"><![CDATA[SVC_COM_008]]></Field><Field Name="LASTRUNTIME"><![CDATA[1970/01/01 09:00:00]]></Field><Field Name="RUNNABLE"><![CDATA[true]]></Field></Param><Param><Field Name="DESCRIPTION"><![CDATA[문단으로 넘어온 스크립트 문장단위로 SPLIT 작업(PARAM: MS_QST_MNG CHGDATE)]]></Field><Field Name="RUNNING"><![CDATA[false]]></Field><Field Name="ID"><![CDATA[SVC_COM_007]]></Field><Field Name="LASTRUNTIME"><![CDATA[1970/01/01 09:00:00]]></Field><Field Name="RUNNABLE"><![CDATA[true]]></Field></Param><Param><Field Name="DESCRIPTION"><![CDATA[근속년수 업데이트]]></Field><Field Name="RUNNING"><![CDATA[false]]></Field><Field Name="ID"><![CDATA[SVC_COM_006]]></Field><Field Name="LASTRUNTIME"><![CDATA[1970/01/01 09:00:00]]></Field><Field Name="RUNNABLE"><![CDATA[true]]></Field></Param><Param><Field Name="DESCRIPTION"><![CDATA[스크립트 질의관리 수집(TB_SC_QST_MNG) : NO PARAM=> 전 일꺼 가져옴]]></Field><Field Name="RUNNING"><![CDATA[false]]></Field><Field Name="ID"><![CDATA[SVC_COM_005]]></Field><Field Name="LASTRUNTIME"><![CDATA[1970/01/01 09:00:00]]></Field><Field Name="RUNNABLE"><![CDATA[true]]></Field></Param><Param><Field Name="DESCRIPTION"><![CDATA[질의유형관리(TB_QST_KIND_MNG)]]></Field><Field Name="RUNNING"><![CDATA[false]]></Field><Field Name="ID"><![CDATA[SVC_COM_004]]></Field><Field Name="LASTRUNTIME"><![CDATA[1970/01/01 09:00:00]]></Field><Field Name="RUNNABLE"><![CDATA[true]]></Field></Param><Param><Field Name="DESCRIPTION"><![CDATA[스크립트 코드 관리 변경내역 수집(TB_SC_CODE_MNG, TB_SC_MNG)]]></Field><Field Name="RUNNING"><![CDATA[false]]></Field><Field Name="ID"><![CDATA[SVC_COM_003]]></Field><Field Name="LASTRUNTIME"><![CDATA[1970/01/01 09:00:00]]></Field><Field Name="RUNNABLE"><![CDATA[true]]></Field></Param><Param><Field Name="DESCRIPTION"><![CDATA[설계번호별 스크립트 결과 데이터 저장]]></Field><Field Name="RUNNING"><![CDATA[false]]></Field><Field Name="ID"><![CDATA[SVC_MS_002_1]]></Field><Field Name="LASTRUNTIME"><![CDATA[1970/01/01 09:00:00]]></Field><Field Name="RUNNABLE"><![CDATA[true]]></Field></Param><Param><Field Name="DESCRIPTION"><![CDATA[조직정보배치]]></Field><Field Name="RUNNING"><![CDATA[false]]></Field><Field Name="ID"><![CDATA[SVC_COM_002]]></Field><Field Name="LASTRUNTIME"><![CDATA[1970/01/01 09:00:00]]></Field><Field Name="RUNNABLE"><![CDATA[true]]></Field></Param><Param><Field Name="DESCRIPTION"><![CDATA[사용자정보]]></Field><Field Name="RUNNING"><![CDATA[false]]></Field><Field Name="ID"><![CDATA[SVC_COM_001]]></Field><Field Name="LASTRUNTIME"><![CDATA[1970/01/01 09:00:00]]></Field><Field Name="RUNNABLE"><![CDATA[true]]></Field></Param><Param><Field Name="DESCRIPTION"><![CDATA[MrLs콜 분석]]></Field><Field Name="RUNNING"><![CDATA[false]]></Field><Field Name="ID"><![CDATA[SVC_MS_017]]></Field><Field Name="LASTRUNTIME"><![CDATA[1970/01/01 09:00:00]]></Field><Field Name="RUNNABLE"><![CDATA[true]]></Field></Param><Param><Field Name="DESCRIPTION"><![CDATA[MrLs콜 TM으로부터 수집(반드시 한달 치(MM/01~MM/31) 수집할것)]]></Field><Field Name="RUNNING"><![CDATA[false]]></Field><Field Name="ID"><![CDATA[SVC_MS_016]]></Field><Field Name="LASTRUNTIME"><![CDATA[1970/01/01 09:00:00]]></Field><Field Name="RUNNABLE"><![CDATA[true]]></Field></Param><Param><Field Name="DESCRIPTION"><![CDATA[콜재생속도 개선 위해 STT 분석 콜 자동 다운로드]]></Field><Field Name="RUNNING"><![CDATA[false]]></Field><Field Name="ID"><![CDATA[SVC_MS_015]]></Field><Field Name="LASTRUNTIME"><![CDATA[1970/01/01 09:00:00]]></Field><Field Name="RUNNABLE"><![CDATA[true]]></Field></Param><Param><Field Name="DESCRIPTION"><![CDATA[STT 일괄 암호화 작업 수행]]></Field><Field Name="RUNNING"><![CDATA[false]]></Field><Field Name="ID"><![CDATA[SVC_MS_014]]></Field><Field Name="LASTRUNTIME"><![CDATA[1970/01/01 09:00:00]]></Field><Field Name="RUNNABLE"><![CDATA[true]]></Field></Param><Param><Field Name="DESCRIPTION"><![CDATA[전월평가점수 배치 및 상담사별 전월평가점수 계산]]></Field><Field Name="RUNNING"><![CDATA[false]]></Field><Field Name="ID"><![CDATA[SVC_MS_013]]></Field><Field Name="LASTRUNTIME"><![CDATA[1970/01/01 09:00:00]]></Field><Field Name="RUNNABLE"><![CDATA[true]]></Field></Param><Param><Field Name="DESCRIPTION"><![CDATA[STT CONTENT SPLIT 작업]]></Field><Field Name="RUNNING"><![CDATA[false]]></Field><Field Name="ID"><![CDATA[SVC_MS_012]]></Field><Field Name="LASTRUNTIME"><![CDATA[1970/01/01 09:00:00]]></Field><Field Name="RUNNABLE"><![CDATA[true]]></Field></Param><Param><Field Name="DESCRIPTION"><![CDATA[RealTime DB + AiGEN 정보 연동]]></Field><Field Name="RUNNING"><![CDATA[false]]></Field><Field Name="ID"><![CDATA[SVC_MS_001_1]]></Field><Field Name="LASTRUNTIME"><![CDATA[1970/01/01 09:00:00]]></Field><Field Name="RUNNABLE"><![CDATA[true]]></Field></Param><Param><Field Name="DESCRIPTION"><![CDATA[RealTime 분석 현황 수집]]></Field><Field Name="RUNNING"><![CDATA[false]]></Field><Field Name="ID"><![CDATA[SVC_MS_008_1]]></Field><Field Name="LASTRUNTIME"><![CDATA[1970/01/01 09:00:00]]></Field><Field Name="RUNNABLE"><![CDATA[true]]></Field></Param><Param><Field Name="DESCRIPTION"><![CDATA[분석 flag 업데이트]]></Field><Field Name="RUNNING"><![CDATA[false]]></Field><Field Name="ID"><![CDATA[SVC_MS_009]]></Field><Field Name="LASTRUNTIME"><![CDATA[1970/01/01 09:00:00]]></Field><Field Name="RUNNABLE"><![CDATA[true]]></Field></Param><Param><Field Name="DESCRIPTION"><![CDATA[테이블 기간별 삭제(기간:1년전 데이터 삭제/매일)]]></Field><Field Name="RUNNING"><![CDATA[false]]></Field><Field Name="ID"><![CDATA[SVC_COM_023]]></Field><Field Name="LASTRUNTIME"><![CDATA[1970/01/01 09:00:00]]></Field><Field Name="RUNNABLE"><![CDATA[true]]></Field></Param><Param><Field Name="DESCRIPTION"><![CDATA[청약거절콜 Aigen으로부터 가져옴]]></Field><Field Name="RUNNING"><![CDATA[false]]></Field><Field Name="ID"><![CDATA[SVC_COM_022]]></Field><Field Name="LASTRUNTIME"><![CDATA[1970/01/01 09:00:00]]></Field><Field Name="RUNNABLE"><![CDATA[true]]></Field></Param><Param><Field Name="DESCRIPTION"><![CDATA[RealTime 분석 현황 수집]]></Field><Field Name="RUNNING"><![CDATA[false]]></Field><Field Name="ID"><![CDATA[SVC_MS_008]]></Field><Field Name="LASTRUNTIME"><![CDATA[1970/01/01 09:00:00]]></Field><Field Name="RUNNABLE"><![CDATA[true]]></Field></Param><Param><Field Name="DESCRIPTION"><![CDATA[테이블 기간별 삭제(기간:1년전 데이터 삭제/매월 1일)]]></Field><Field Name="RUNNING"><![CDATA[false]]></Field><Field Name="ID"><![CDATA[SVC_COM_021]]></Field><Field Name="LASTRUNTIME"><![CDATA[1970/01/01 09:00:00]]></Field><Field Name="RUNNABLE"><![CDATA[true]]></Field></Param><Param><Field Name="DESCRIPTION"><![CDATA[시스템정보수집]]></Field><Field Name="RUNNING"><![CDATA[false]]></Field><Field Name="ID"><![CDATA[SVC_MS_007]]></Field><Field Name="LASTRUNTIME"><![CDATA[1970/01/01 09:00:00]]></Field><Field Name="RUNNABLE"><![CDATA[true]]></Field></Param><Param><Field Name="DESCRIPTION"><![CDATA[QC 근무 모니터링 summary]]></Field><Field Name="RUNNING"><![CDATA[false]]></Field><Field Name="ID"><![CDATA[SVC_COM_020]]></Field><Field Name="LASTRUNTIME"><![CDATA[1970/01/01 09:00:00]]></Field><Field Name="RUNNABLE"><![CDATA[true]]></Field></Param><Param><Field Name="DESCRIPTION"><![CDATA[자동배분작업]]></Field><Field Name="RUNNING"><![CDATA[false]]></Field><Field Name="ID"><![CDATA[SVC_MS_005]]></Field><Field Name="LASTRUNTIME"><![CDATA[1970/01/01 09:00:00]]></Field><Field Name="RUNNABLE"><![CDATA[true]]></Field></Param><Param><Field Name="DESCRIPTION"><![CDATA[설계번호별 Grade 결과 데이터 저장]]></Field><Field Name="RUNNING"><![CDATA[false]]></Field><Field Name="ID"><![CDATA[SVC_MS_004]]></Field><Field Name="LASTRUNTIME"><![CDATA[1970/01/01 09:00:00]]></Field><Field Name="RUNNABLE"><![CDATA[true]]></Field></Param><Param><Field Name="DESCRIPTION"><![CDATA[STT CONTENT SPLIT 작업]]></Field><Field Name="RUNNING"><![CDATA[false]]></Field><Field Name="ID"><![CDATA[SVC_MS_012_1]]></Field><Field Name="LASTRUNTIME"><![CDATA[1970/01/01 09:00:00]]></Field><Field Name="RUNNABLE"><![CDATA[true]]></Field></Param><Param><Field Name="DESCRIPTION"><![CDATA[설계번호별 금칙어/필수멘트 결과 데이터 저장]]></Field><Field Name="RUNNING"><![CDATA[false]]></Field><Field Name="ID"><![CDATA[SVC_MS_003]]></Field><Field Name="LASTRUNTIME"><![CDATA[1970/01/01 09:00:00]]></Field><Field Name="RUNNABLE"><![CDATA[true]]></Field></Param><Param><Field Name="DESCRIPTION"><![CDATA[설계번호별 스크립트 결과 데이터 저장]]></Field><Field Name="RUNNING"><![CDATA[false]]></Field><Field Name="ID"><![CDATA[SVC_MS_002]]></Field><Field Name="LASTRUNTIME"><![CDATA[1970/01/01 09:00:00]]></Field><Field Name="RUNNABLE"><![CDATA[true]]></Field></Param><Param><Field Name="DESCRIPTION"><![CDATA[RealTime DB + AiGEN 정보 연동]]></Field><Field Name="RUNNING"><![CDATA[false]]></Field><Field Name="ID"><![CDATA[SVC_MS_001]]></Field><Field Name="LASTRUNTIME"><![CDATA[1970/01/01 09:00:00]]></Field><Field Name="RUNNABLE"><![CDATA[true]]></Field></Param><Param><Field Name="DESCRIPTION"><![CDATA[[UAT -> PROD] 담보별필수멘트 운영이관]]></Field><Field Name="RUNNING"><![CDATA[false]]></Field><Field Name="ID"><![CDATA[SVC_COM_019]]></Field><Field Name="LASTRUNTIME"><![CDATA[1970/01/01 09:00:00]]></Field><Field Name="RUNNABLE"><![CDATA[true]]></Field></Param><Param><Field Name="DESCRIPTION"><![CDATA[[UAT -> PROD] 계피유형코드관리]]></Field><Field Name="RUNNING"><![CDATA[false]]></Field><Field Name="ID"><![CDATA[SVC_COM_018]]></Field><Field Name="LASTRUNTIME"><![CDATA[1970/01/01 09:00:00]]></Field><Field Name="RUNNABLE"><![CDATA[true]]></Field></Param><Param><Field Name="DESCRIPTION"><![CDATA[[UAT -> PROD] 질의유형관리(TB_QST_KIND_MNG)]]></Field><Field Name="RUNNING"><![CDATA[false]]></Field><Field Name="ID"><![CDATA[SVC_COM_017]]></Field><Field Name="LASTRUNTIME"><![CDATA[1970/01/01 09:00:00]]></Field><Field Name="RUNNABLE"><![CDATA[true]]></Field></Param><Param><Field Name="DESCRIPTION"><![CDATA[[UAT -> PROD] 스크립트 코드 관리 변경내역 수집(TB_SC_CODE_MNG, TB_SC_MNG)]]></Field><Field Name="RUNNING"><![CDATA[false]]></Field><Field Name="ID"><![CDATA[SVC_COM_016]]></Field><Field Name="LASTRUNTIME"><![CDATA[1970/01/01 09:00:00]]></Field><Field Name="RUNNABLE"><![CDATA[true]]></Field></Param><Param><Field Name="DESCRIPTION"><![CDATA[배분정보 동기화]]></Field><Field Name="RUNNING"><![CDATA[false]]></Field><Field Name="ID"><![CDATA[SVC_COM_015]]></Field><Field Name="LASTRUNTIME"><![CDATA[1970/01/01 09:00:00]]></Field><Field Name="RUNNABLE"><![CDATA[true]]></Field></Param><Param><Field Name="DESCRIPTION"><![CDATA[자동배분작업]]></Field><Field Name="RUNNING"><![CDATA[false]]></Field><Field Name="ID"><![CDATA[SVC_MS_005_1]]></Field><Field Name="LASTRUNTIME"><![CDATA[1970/01/01 09:00:00]]></Field><Field Name="RUNNABLE"><![CDATA[true]]></Field></Param><Param><Field Name="DESCRIPTION"><![CDATA[휴일정보배치]]></Field><Field Name="RUNNING"><![CDATA[false]]></Field><Field Name="ID"><![CDATA[SVC_COM_014]]></Field><Field Name="LASTRUNTIME"><![CDATA[1970/01/01 09:00:00]]></Field><Field Name="RUNNABLE"><![CDATA[true]]></Field></Param><Param><Field Name="DESCRIPTION"><![CDATA[QC 리스트 배치]]></Field><Field Name="RUNNING"><![CDATA[false]]></Field><Field Name="ID"><![CDATA[SVC_COM_013]]></Field><Field Name="LASTRUNTIME"><![CDATA[1970/01/01 09:00:00]]></Field><Field Name="RUNNABLE"><![CDATA[true]]></Field></Param><Param><Field Name="DESCRIPTION"><![CDATA[상품코드, 담보코드 수집 배치]]></Field><Field Name="RUNNING"><![CDATA[false]]></Field><Field Name="ID"><![CDATA[SVC_COM_012]]></Field><Field Name="LASTRUNTIME"><![CDATA[1970/01/01 09:00:00]]></Field><Field Name="RUNNABLE"><![CDATA[true]]></Field></Param><Param><Field Name="DESCRIPTION"><![CDATA[시스템모니터링-SNMP 관련 테이블 삭제(기간별테이블삭제) YYYYMMDDHH]]></Field><Field Name="RUNNING"><![CDATA[false]]></Field><Field Name="ID"><![CDATA[SVC_COM_011]]></Field><Field Name="LASTRUNTIME"><![CDATA[1970/01/01 09:00:00]]></Field><Field Name="RUNNABLE"><![CDATA[true]]></Field></Param><Param><Field Name="DESCRIPTION"><![CDATA[녹취청취파일삭제]]></Field><Field Name="RUNNING"><![CDATA[false]]></Field><Field Name="ID"><![CDATA[SVC_COM_010]]></Field><Field Name="LASTRUNTIME"><![CDATA[1970/01/01 09:00:00]]></Field><Field Name="RUNNABLE"><![CDATA[true]]></Field></Param><Param><Field Name="DESCRIPTION"><![CDATA[설계번호별 Grade 결과 데이터 저장]]></Field><Field Name="RUNNING"><![CDATA[false]]></Field><Field Name="ID"><![CDATA[SVC_MS_004_1]]></Field><Field Name="LASTRUNTIME"><![CDATA[1970/01/01 09:00:00]]></Field><Field Name="RUNNABLE"><![CDATA[true]]></Field></Param><Param><Field Name="DESCRIPTION"><![CDATA[코드북 코드 초기화]]></Field><Field Name="RUNNING"><![CDATA[false]]></Field><Field Name="ID"><![CDATA[SVC_MS_020]]></Field><Field Name="LASTRUNTIME"><![CDATA[1970/01/01 09:00:00]]></Field><Field Name="RUNNABLE"><![CDATA[true]]></Field></Param></ListParam><ResultCode>0</ResultCode><ResultMessage></ResultMessage></ControlConfig>
[2020-01-14 11:02:43:043] DEBUG - <pool-1-thread-2><?xml version='1.0' encoding='euc-kr'?><ControlConfig><Cmd Name="getinfo" Type="Service" Service=""/></ControlConfig>
[2020-01-14 11:02:43:043] DEBUG - <pool-1-thread-2>
	[column:ID,RUNNABLE,DESCRIPTION,LASTRUNTIME,RUNNING,
	[0:SVC_BATCH_001,true,[UAT용]스크립트 질의관리 수집(TB_SC_QST_MNG) : 전체 일자 가져옴,1970/01/01 09:00:00,false]
	[1:SVC_MS_003_1,true,설계번호별 금칙어/필수멘트 결과 데이터 저장,1970/01/01 09:00:00,false]
	[2:SVC_COM_009,true,connection pool 재생성,1970/01/01 09:00:00,false]
	[3:SVC_COM_008,true,테이블(login_log, player_log, rslt, Xcron) 삭제(매일 기간별테이블삭제),1970/01/01 09:00:00,false]
	[4:SVC_COM_007,true,문단으로 넘어온 스크립트 문장단위로 SPLIT 작업(PARAM: MS_QST_MNG CHGDATE),1970/01/01 09:00:00,false]
	[5:SVC_COM_006,true,근속년수 업데이트,1970/01/01 09:00:00,false]
	[6:SVC_COM_005,true,스크립트 질의관리 수집(TB_SC_QST_MNG) : NO PARAM=> 전 일꺼 가져옴,1970/01/01 09:00:00,false]
	[7:SVC_COM_004,true,질의유형관리(TB_QST_KIND_MNG),1970/01/01 09:00:00,false]
	[8:SVC_COM_003,true,스크립트 코드 관리 변경내역 수집(TB_SC_CODE_MNG, TB_SC_MNG),1970/01/01 09:00:00,false]
	[9:SVC_MS_002_1,true,설계번호별 스크립트 결과 데이터 저장,1970/01/01 09:00:00,false]
	[10:SVC_COM_002,true,조직정보배치,1970/01/01 09:00:00,false]
	[11:SVC_COM_001,true,사용자정보,1970/01/01 09:00:00,false]
	[12:SVC_MS_017,true,MrLs콜 분석,1970/01/01 09:00:00,false]
	[13:SVC_MS_016,true,MrLs콜 TM으로부터 수집(반드시 한달 치(MM/01~MM/31) 수집할것),1970/01/01 09:00:00,false]
	[14:SVC_MS_015,true,콜재생속도 개선 위해 STT 분석 콜 자동 다운로드,1970/01/01 09:00:00,false]
	[15:SVC_MS_014,true,STT 일괄 암호화 작업 수행,1970/01/01 09:00:00,false]
	[16:SVC_MS_013,true,전월평가점수 배치 및 상담사별 전월평가점수 계산,1970/01/01 09:00:00,false]
	[17:SVC_MS_012,true,STT CONTENT SPLIT 작업,1970/01/01 09:00:00,false]
	[18:SVC_MS_001_1,true,RealTime DB + AiGEN 정보 연동,1970/01/01 09:00:00,false]
	[19:SVC_MS_008_1,true,RealTime 분석 현황 수집,1970/01/01 09:00:00,false]
	[20:SVC_MS_009,true,분석 flag 업데이트,1970/01/01 09:00:00,false]
	[21:SVC_COM_023,true,테이블 기간별 삭제(기간:1년전 데이터 삭제/매일),1970/01/01 09:00:00,false]
	[22:SVC_COM_022,true,청약거절콜 Aigen으로부터 가져옴,1970/01/01 09:00:00,false]
	[23:SVC_MS_008,true,RealTime 분석 현황 수집,1970/01/01 09:00:00,false]
	[24:SVC_COM_021,true,테이블 기간별 삭제(기간:1년전 데이터 삭제/매월 1일),1970/01/01 09:00:00,false]
	[25:SVC_MS_007,true,시스템정보수집,1970/01/01 09:00:00,false]
	[26:SVC_COM_020,true,QC 근무 모니터링 summary,1970/01/01 09:00:00,false]
	[27:SVC_MS_005,true,자동배분작업,1970/01/01 09:00:00,false]
	[28:SVC_MS_004,true,설계번호별 Grade 결과 데이터 저장,1970/01/01 09:00:00,false]
	[29:SVC_MS_012_1,true,STT CONTENT SPLIT 작업,1970/01/01 09:00:00,false]
	[30:SVC_MS_003,true,설계번호별 금칙어/필수멘트 결과 데이터 저장,1970/01/01 09:00:00,false]
	[31:SVC_MS_002,true,설계번호별 스크립트 결과 데이터 저장,1970/01/01 09:00:00,false]
	[32:SVC_MS_001,true,RealTime DB + AiGEN 정보 연동,1970/01/01 09:00:00,false]
	[33:SVC_COM_019,true,[UAT -> PROD] 담보별필수멘트 운영이관,1970/01/01 09:00:00,false]
	[34:SVC_COM_018,true,[UAT -> PROD] 계피유형코드관리,1970/01/01 09:00:00,false]
	[35:SVC_COM_017,true,[UAT -> PROD] 질의유형관리(TB_QST_KIND_MNG),1970/01/01 09:00:00,false]
	[36:SVC_COM_016,true,[UAT -> PROD] 스크립트 코드 관리 변경내역 수집(TB_SC_CODE_MNG, TB_SC_MNG),1970/01/01 09:00:00,false]
	[37:SVC_COM_015,true,배분정보 동기화,1970/01/01 09:00:00,false]
	[38:SVC_MS_005_1,true,자동배분작업,1970/01/01 09:00:00,false]
	[39:SVC_COM_014,true,휴일정보배치,1970/01/01 09:00:00,false]
	[40:SVC_COM_013,true,QC 리스트 배치,1970/01/01 09:00:00,false]
	[41:SVC_COM_012,true,상품코드, 담보코드 수집 배치,1970/01/01 09:00:00,false]
	[42:SVC_COM_011,true,시스템모니터링-SNMP 관련 테이블 삭제(기간별테이블삭제) YYYYMMDDHH,1970/01/01 09:00:00,false]
	[43:SVC_COM_010,true,녹취청취파일삭제,1970/01/01 09:00:00,false]
	[44:SVC_MS_004_1,true,설계번호별 Grade 결과 데이터 저장,1970/01/01 09:00:00,false]
	[45:SVC_MS_020,true,코드북 코드 초기화,1970/01/01 09:00:00,false]
]
[2020-01-14 11:02:43:043] DEBUG - <pool-1-thread-2><?xml version='1.0' encoding='UTF-8'?><ControlConfig><ListParam><Param><Field Name="DESCRIPTION"><![CDATA[[UAT용]스크립트 질의관리 수집(TB_SC_QST_MNG) : 전체 일자 가져옴]]></Field><Field Name="RUNNING"><![CDATA[false]]></Field><Field Name="ID"><![CDATA[SVC_BATCH_001]]></Field><Field Name="LASTRUNTIME"><![CDATA[1970/01/01 09:00:00]]></Field><Field Name="RUNNABLE"><![CDATA[true]]></Field></Param><Param><Field Name="DESCRIPTION"><![CDATA[설계번호별 금칙어/필수멘트 결과 데이터 저장]]></Field><Field Name="RUNNING"><![CDATA[false]]></Field><Field Name="ID"><![CDATA[SVC_MS_003_1]]></Field><Field Name="LASTRUNTIME"><![CDATA[1970/01/01 09:00:00]]></Field><Field Name="RUNNABLE"><![CDATA[true]]></Field></Param><Param><Field Name="DESCRIPTION"><![CDATA[connection pool 재생성]]></Field><Field Name="RUNNING"><![CDATA[false]]></Field><Field Name="ID"><![CDATA[SVC_COM_009]]></Field><Field Name="LASTRUNTIME"><![CDATA[1970/01/01 09:00:00]]></Field><Field Name="RUNNABLE"><![CDATA[true]]></Field></Param><Param><Field Name="DESCRIPTION"><![CDATA[테이블(login_log, player_log, rslt, Xcron) 삭제(매일 기간별테이블삭제)]]></Field><Field Name="RUNNING"><![CDATA[false]]></Field><Field Name="ID"><![CDATA[SVC_COM_008]]></Field><Field Name="LASTRUNTIME"><![CDATA[1970/01/01 09:00:00]]></Field><Field Name="RUNNABLE"><![CDATA[true]]></Field></Param><Param><Field Name="DESCRIPTION"><![CDATA[문단으로 넘어온 스크립트 문장단위로 SPLIT 작업(PARAM: MS_QST_MNG CHGDATE)]]></Field><Field Name="RUNNING"><![CDATA[false]]></Field><Field Name="ID"><![CDATA[SVC_COM_007]]></Field><Field Name="LASTRUNTIME"><![CDATA[1970/01/01 09:00:00]]></Field><Field Name="RUNNABLE"><![CDATA[true]]></Field></Param><Param><Field Name="DESCRIPTION"><![CDATA[근속년수 업데이트]]></Field><Field Name="RUNNING"><![CDATA[false]]></Field><Field Name="ID"><![CDATA[SVC_COM_006]]></Field><Field Name="LASTRUNTIME"><![CDATA[1970/01/01 09:00:00]]></Field><Field Name="RUNNABLE"><![CDATA[true]]></Field></Param><Param><Field Name="DESCRIPTION"><![CDATA[스크립트 질의관리 수집(TB_SC_QST_MNG) : NO PARAM=> 전 일꺼 가져옴]]></Field><Field Name="RUNNING"><![CDATA[false]]></Field><Field Name="ID"><![CDATA[SVC_COM_005]]></Field><Field Name="LASTRUNTIME"><![CDATA[1970/01/01 09:00:00]]></Field><Field Name="RUNNABLE"><![CDATA[true]]></Field></Param><Param><Field Name="DESCRIPTION"><![CDATA[질의유형관리(TB_QST_KIND_MNG)]]></Field><Field Name="RUNNING"><![CDATA[false]]></Field><Field Name="ID"><![CDATA[SVC_COM_004]]></Field><Field Name="LASTRUNTIME"><![CDATA[1970/01/01 09:00:00]]></Field><Field Name="RUNNABLE"><![CDATA[true]]></Field></Param><Param><Field Name="DESCRIPTION"><![CDATA[스크립트 코드 관리 변경내역 수집(TB_SC_CODE_MNG, TB_SC_MNG)]]></Field><Field Name="RUNNING"><![CDATA[false]]></Field><Field Name="ID"><![CDATA[SVC_COM_003]]></Field><Field Name="LASTRUNTIME"><![CDATA[1970/01/01 09:00:00]]></Field><Field Name="RUNNABLE"><![CDATA[true]]></Field></Param><Param><Field Name="DESCRIPTION"><![CDATA[설계번호별 스크립트 결과 데이터 저장]]></Field><Field Name="RUNNING"><![CDATA[false]]></Field><Field Name="ID"><![CDATA[SVC_MS_002_1]]></Field><Field Name="LASTRUNTIME"><![CDATA[1970/01/01 09:00:00]]></Field><Field Name="RUNNABLE"><![CDATA[true]]></Field></Param><Param><Field Name="DESCRIPTION"><![CDATA[조직정보배치]]></Field><Field Name="RUNNING"><![CDATA[false]]></Field><Field Name="ID"><![CDATA[SVC_COM_002]]></Field><Field Name="LASTRUNTIME"><![CDATA[1970/01/01 09:00:00]]></Field><Field Name="RUNNABLE"><![CDATA[true]]></Field></Param><Param><Field Name="DESCRIPTION"><![CDATA[사용자정보]]></Field><Field Name="RUNNING"><![CDATA[false]]></Field><Field Name="ID"><![CDATA[SVC_COM_001]]></Field><Field Name="LASTRUNTIME"><![CDATA[1970/01/01 09:00:00]]></Field><Field Name="RUNNABLE"><![CDATA[true]]></Field></Param><Param><Field Name="DESCRIPTION"><![CDATA[MrLs콜 분석]]></Field><Field Name="RUNNING"><![CDATA[false]]></Field><Field Name="ID"><![CDATA[SVC_MS_017]]></Field><Field Name="LASTRUNTIME"><![CDATA[1970/01/01 09:00:00]]></Field><Field Name="RUNNABLE"><![CDATA[true]]></Field></Param><Param><Field Name="DESCRIPTION"><![CDATA[MrLs콜 TM으로부터 수집(반드시 한달 치(MM/01~MM/31) 수집할것)]]></Field><Field Name="RUNNING"><![CDATA[false]]></Field><Field Name="ID"><![CDATA[SVC_MS_016]]></Field><Field Name="LASTRUNTIME"><![CDATA[1970/01/01 09:00:00]]></Field><Field Name="RUNNABLE"><![CDATA[true]]></Field></Param><Param><Field Name="DESCRIPTION"><![CDATA[콜재생속도 개선 위해 STT 분석 콜 자동 다운로드]]></Field><Field Name="RUNNING"><![CDATA[false]]></Field><Field Name="ID"><![CDATA[SVC_MS_015]]></Field><Field Name="LASTRUNTIME"><![CDATA[1970/01/01 09:00:00]]></Field><Field Name="RUNNABLE"><![CDATA[true]]></Field></Param><Param><Field Name="DESCRIPTION"><![CDATA[STT 일괄 암호화 작업 수행]]></Field><Field Name="RUNNING"><![CDATA[false]]></Field><Field Name="ID"><![CDATA[SVC_MS_014]]></Field><Field Name="LASTRUNTIME"><![CDATA[1970/01/01 09:00:00]]></Field><Field Name="RUNNABLE"><![CDATA[true]]></Field></Param><Param><Field Name="DESCRIPTION"><![CDATA[전월평가점수 배치 및 상담사별 전월평가점수 계산]]></Field><Field Name="RUNNING"><![CDATA[false]]></Field><Field Name="ID"><![CDATA[SVC_MS_013]]></Field><Field Name="LASTRUNTIME"><![CDATA[1970/01/01 09:00:00]]></Field><Field Name="RUNNABLE"><![CDATA[true]]></Field></Param><Param><Field Name="DESCRIPTION"><![CDATA[STT CONTENT SPLIT 작업]]></Field><Field Name="RUNNING"><![CDATA[false]]></Field><Field Name="ID"><![CDATA[SVC_MS_012]]></Field><Field Name="LASTRUNTIME"><![CDATA[1970/01/01 09:00:00]]></Field><Field Name="RUNNABLE"><![CDATA[true]]></Field></Param><Param><Field Name="DESCRIPTION"><![CDATA[RealTime DB + AiGEN 정보 연동]]></Field><Field Name="RUNNING"><![CDATA[false]]></Field><Field Name="ID"><![CDATA[SVC_MS_001_1]]></Field><Field Name="LASTRUNTIME"><![CDATA[1970/01/01 09:00:00]]></Field><Field Name="RUNNABLE"><![CDATA[true]]></Field></Param><Param><Field Name="DESCRIPTION"><![CDATA[RealTime 분석 현황 수집]]></Field><Field Name="RUNNING"><![CDATA[false]]></Field><Field Name="ID"><![CDATA[SVC_MS_008_1]]></Field><Field Name="LASTRUNTIME"><![CDATA[1970/01/01 09:00:00]]></Field><Field Name="RUNNABLE"><![CDATA[true]]></Field></Param><Param><Field Name="DESCRIPTION"><![CDATA[분석 flag 업데이트]]></Field><Field Name="RUNNING"><![CDATA[false]]></Field><Field Name="ID"><![CDATA[SVC_MS_009]]></Field><Field Name="LASTRUNTIME"><![CDATA[1970/01/01 09:00:00]]></Field><Field Name="RUNNABLE"><![CDATA[true]]></Field></Param><Param><Field Name="DESCRIPTION"><![CDATA[테이블 기간별 삭제(기간:1년전 데이터 삭제/매일)]]></Field><Field Name="RUNNING"><![CDATA[false]]></Field><Field Name="ID"><![CDATA[SVC_COM_023]]></Field><Field Name="LASTRUNTIME"><![CDATA[1970/01/01 09:00:00]]></Field><Field Name="RUNNABLE"><![CDATA[true]]></Field></Param><Param><Field Name="DESCRIPTION"><![CDATA[청약거절콜 Aigen으로부터 가져옴]]></Field><Field Name="RUNNING"><![CDATA[false]]></Field><Field Name="ID"><![CDATA[SVC_COM_022]]></Field><Field Name="LASTRUNTIME"><![CDATA[1970/01/01 09:00:00]]></Field><Field Name="RUNNABLE"><![CDATA[true]]></Field></Param><Param><Field Name="DESCRIPTION"><![CDATA[RealTime 분석 현황 수집]]></Field><Field Name="RUNNING"><![CDATA[false]]></Field><Field Name="ID"><![CDATA[SVC_MS_008]]></Field><Field Name="LASTRUNTIME"><![CDATA[1970/01/01 09:00:00]]></Field><Field Name="RUNNABLE"><![CDATA[true]]></Field></Param><Param><Field Name="DESCRIPTION"><![CDATA[테이블 기간별 삭제(기간:1년전 데이터 삭제/매월 1일)]]></Field><Field Name="RUNNING"><![CDATA[false]]></Field><Field Name="ID"><![CDATA[SVC_COM_021]]></Field><Field Name="LASTRUNTIME"><![CDATA[1970/01/01 09:00:00]]></Field><Field Name="RUNNABLE"><![CDATA[true]]></Field></Param><Param><Field Name="DESCRIPTION"><![CDATA[시스템정보수집]]></Field><Field Name="RUNNING"><![CDATA[false]]></Field><Field Name="ID"><![CDATA[SVC_MS_007]]></Field><Field Name="LASTRUNTIME"><![CDATA[1970/01/01 09:00:00]]></Field><Field Name="RUNNABLE"><![CDATA[true]]></Field></Param><Param><Field Name="DESCRIPTION"><![CDATA[QC 근무 모니터링 summary]]></Field><Field Name="RUNNING"><![CDATA[false]]></Field><Field Name="ID"><![CDATA[SVC_COM_020]]></Field><Field Name="LASTRUNTIME"><![CDATA[1970/01/01 09:00:00]]></Field><Field Name="RUNNABLE"><![CDATA[true]]></Field></Param><Param><Field Name="DESCRIPTION"><![CDATA[자동배분작업]]></Field><Field Name="RUNNING"><![CDATA[false]]></Field><Field Name="ID"><![CDATA[SVC_MS_005]]></Field><Field Name="LASTRUNTIME"><![CDATA[1970/01/01 09:00:00]]></Field><Field Name="RUNNABLE"><![CDATA[true]]></Field></Param><Param><Field Name="DESCRIPTION"><![CDATA[설계번호별 Grade 결과 데이터 저장]]></Field><Field Name="RUNNING"><![CDATA[false]]></Field><Field Name="ID"><![CDATA[SVC_MS_004]]></Field><Field Name="LASTRUNTIME"><![CDATA[1970/01/01 09:00:00]]></Field><Field Name="RUNNABLE"><![CDATA[true]]></Field></Param><Param><Field Name="DESCRIPTION"><![CDATA[STT CONTENT SPLIT 작업]]></Field><Field Name="RUNNING"><![CDATA[false]]></Field><Field Name="ID"><![CDATA[SVC_MS_012_1]]></Field><Field Name="LASTRUNTIME"><![CDATA[1970/01/01 09:00:00]]></Field><Field Name="RUNNABLE"><![CDATA[true]]></Field></Param><Param><Field Name="DESCRIPTION"><![CDATA[설계번호별 금칙어/필수멘트 결과 데이터 저장]]></Field><Field Name="RUNNING"><![CDATA[false]]></Field><Field Name="ID"><![CDATA[SVC_MS_003]]></Field><Field Name="LASTRUNTIME"><![CDATA[1970/01/01 09:00:00]]></Field><Field Name="RUNNABLE"><![CDATA[true]]></Field></Param><Param><Field Name="DESCRIPTION"><![CDATA[설계번호별 스크립트 결과 데이터 저장]]></Field><Field Name="RUNNING"><![CDATA[false]]></Field><Field Name="ID"><![CDATA[SVC_MS_002]]></Field><Field Name="LASTRUNTIME"><![CDATA[1970/01/01 09:00:00]]></Field><Field Name="RUNNABLE"><![CDATA[true]]></Field></Param><Param><Field Name="DESCRIPTION"><![CDATA[RealTime DB + AiGEN 정보 연동]]></Field><Field Name="RUNNING"><![CDATA[false]]></Field><Field Name="ID"><![CDATA[SVC_MS_001]]></Field><Field Name="LASTRUNTIME"><![CDATA[1970/01/01 09:00:00]]></Field><Field Name="RUNNABLE"><![CDATA[true]]></Field></Param><Param><Field Name="DESCRIPTION"><![CDATA[[UAT -> PROD] 담보별필수멘트 운영이관]]></Field><Field Name="RUNNING"><![CDATA[false]]></Field><Field Name="ID"><![CDATA[SVC_COM_019]]></Field><Field Name="LASTRUNTIME"><![CDATA[1970/01/01 09:00:00]]></Field><Field Name="RUNNABLE"><![CDATA[true]]></Field></Param><Param><Field Name="DESCRIPTION"><![CDATA[[UAT -> PROD] 계피유형코드관리]]></Field><Field Name="RUNNING"><![CDATA[false]]></Field><Field Name="ID"><![CDATA[SVC_COM_018]]></Field><Field Name="LASTRUNTIME"><![CDATA[1970/01/01 09:00:00]]></Field><Field Name="RUNNABLE"><![CDATA[true]]></Field></Param><Param><Field Name="DESCRIPTION"><![CDATA[[UAT -> PROD] 질의유형관리(TB_QST_KIND_MNG)]]></Field><Field Name="RUNNING"><![CDATA[false]]></Field><Field Name="ID"><![CDATA[SVC_COM_017]]></Field><Field Name="LASTRUNTIME"><![CDATA[1970/01/01 09:00:00]]></Field><Field Name="RUNNABLE"><![CDATA[true]]></Field></Param><Param><Field Name="DESCRIPTION"><![CDATA[[UAT -> PROD] 스크립트 코드 관리 변경내역 수집(TB_SC_CODE_MNG, TB_SC_MNG)]]></Field><Field Name="RUNNING"><![CDATA[false]]></Field><Field Name="ID"><![CDATA[SVC_COM_016]]></Field><Field Name="LASTRUNTIME"><![CDATA[1970/01/01 09:00:00]]></Field><Field Name="RUNNABLE"><![CDATA[true]]></Field></Param><Param><Field Name="DESCRIPTION"><![CDATA[배분정보 동기화]]></Field><Field Name="RUNNING"><![CDATA[false]]></Field><Field Name="ID"><![CDATA[SVC_COM_015]]></Field><Field Name="LASTRUNTIME"><![CDATA[1970/01/01 09:00:00]]></Field><Field Name="RUNNABLE"><![CDATA[true]]></Field></Param><Param><Field Name="DESCRIPTION"><![CDATA[자동배분작업]]></Field><Field Name="RUNNING"><![CDATA[false]]></Field><Field Name="ID"><![CDATA[SVC_MS_005_1]]></Field><Field Name="LASTRUNTIME"><![CDATA[1970/01/01 09:00:00]]></Field><Field Name="RUNNABLE"><![CDATA[true]]></Field></Param><Param><Field Name="DESCRIPTION"><![CDATA[휴일정보배치]]></Field><Field Name="RUNNING"><![CDATA[false]]></Field><Field Name="ID"><![CDATA[SVC_COM_014]]></Field><Field Name="LASTRUNTIME"><![CDATA[1970/01/01 09:00:00]]></Field><Field Name="RUNNABLE"><![CDATA[true]]></Field></Param><Param><Field Name="DESCRIPTION"><![CDATA[QC 리스트 배치]]></Field><Field Name="RUNNING"><![CDATA[false]]></Field><Field Name="ID"><![CDATA[SVC_COM_013]]></Field><Field Name="LASTRUNTIME"><![CDATA[1970/01/01 09:00:00]]></Field><Field Name="RUNNABLE"><![CDATA[true]]></Field></Param><Param><Field Name="DESCRIPTION"><![CDATA[상품코드, 담보코드 수집 배치]]></Field><Field Name="RUNNING"><![CDATA[false]]></Field><Field Name="ID"><![CDATA[SVC_COM_012]]></Field><Field Name="LASTRUNTIME"><![CDATA[1970/01/01 09:00:00]]></Field><Field Name="RUNNABLE"><![CDATA[true]]></Field></Param><Param><Field Name="DESCRIPTION"><![CDATA[시스템모니터링-SNMP 관련 테이블 삭제(기간별테이블삭제) YYYYMMDDHH]]></Field><Field Name="RUNNING"><![CDATA[false]]></Field><Field Name="ID"><![CDATA[SVC_COM_011]]></Field><Field Name="LASTRUNTIME"><![CDATA[1970/01/01 09:00:00]]></Field><Field Name="RUNNABLE"><![CDATA[true]]></Field></Param><Param><Field Name="DESCRIPTION"><![CDATA[녹취청취파일삭제]]></Field><Field Name="RUNNING"><![CDATA[false]]></Field><Field Name="ID"><![CDATA[SVC_COM_010]]></Field><Field Name="LASTRUNTIME"><![CDATA[1970/01/01 09:00:00]]></Field><Field Name="RUNNABLE"><![CDATA[true]]></Field></Param><Param><Field Name="DESCRIPTION"><![CDATA[설계번호별 Grade 결과 데이터 저장]]></Field><Field Name="RUNNING"><![CDATA[false]]></Field><Field Name="ID"><![CDATA[SVC_MS_004_1]]></Field><Field Name="LASTRUNTIME"><![CDATA[1970/01/01 09:00:00]]></Field><Field Name="RUNNABLE"><![CDATA[true]]></Field></Param><Param><Field Name="DESCRIPTION"><![CDATA[코드북 코드 초기화]]></Field><Field Name="RUNNING"><![CDATA[false]]></Field><Field Name="ID"><![CDATA[SVC_MS_020]]></Field><Field Name="LASTRUNTIME"><![CDATA[1970/01/01 09:00:00]]></Field><Field Name="RUNNABLE"><![CDATA[true]]></Field></Param></ListParam><ResultCode>0</ResultCode><ResultMessage></ResultMessage></ControlConfig>
[2020-01-14 11:02:47:047] DEBUG - <pool-1-thread-2><?xml version='1.0' encoding='euc-kr'?><ControlConfig><Cmd Name="getinfo" Type="Parameter" Service="SVC_MS_002"/></ControlConfig>
[2020-01-14 11:02:47:047] DEBUG - <pool-1-thread-2>
	[column:NAME,LENGTH,VALUE,
]
[2020-01-14 11:02:47:047] DEBUG - <pool-1-thread-2><?xml version='1.0' encoding='UTF-8'?><ControlConfig><ListParam></ListParam><ResultCode>0</ResultCode><ResultMessage></ResultMessage></ControlConfig>
[2020-01-14 11:02:48:048] DEBUG - <pool-1-thread-2><?xml version='1.0' encoding='euc-kr'?><ControlConfig><Cmd Name="exec" Service="SVC_MS_002"/></ControlConfig>
[2020-01-14 11:02:48:048] INFO  - <pool-1-thread-2>Service <SVC_MS_002> is requested from </127.0.0.1>
[2020-01-14 11:02:48:048] DEBUG - <pool-1-thread-2>Transaction [ pool-1-thread-2 ] begins(Current Transaction Group Size Is 0)
[2020-01-14 11:02:48:048] DEBUG - <pool-1-thread-2>RequestServiceManager.execute begin ...
[2020-01-14 11:02:49:049] DEBUG - <pool-1-thread-2>RequestServiceManager.execute end ...
[2020-01-14 11:02:49:049] DEBUG - <pool-1-thread-2>Transaction [ pool-1-thread-2 ] commit ...
[2020-01-14 11:02:49:049] DEBUG - <pool-1-thread-2>RequestServiceManager.execute begin ...
[2020-01-14 11:02:49:049] DEBUG - <pool-1-thread-2>Non Trasaction & DataSource msensdatasource is Created
[2020-01-14 11:04:34:034] ERROR - <pool-1-thread-2>[Microsoft][SQLServer 2000 Driver for JDBC]Error establishing socket.
com.inticube.xcron.exception.XCronAppException: [Microsoft][SQLServer 2000 Driver for JDBC]Error establishing socket.
	at com.inticube.xcron.resource.TransactionManager.getConnection(TransactionManager.java:95)
	at com.inticube.xcron.resource.JDBCDataSource.executePreparedUpdate(JDBCDataSource.java:483)
	at com.inticube.xcron.resource.JDBCDataSource.execute(JDBCDataSource.java:826)
	at com.inticube.xcron.config.RequestServiceManager.execute(RequestServiceManager.java:181)
	at com.inticube.xcron.core.XCronServiceHandler.executeLogService(XCronServiceHandler.java:218)
	at com.inticube.xcron.core.XCronServiceHandler.executeLogService(XCronServiceHandler.java:185)
	at com.inticube.xcron.core.XCronServiceHandler.execute(XCronServiceHandler.java:130)
	at com.inticube.xcron.core.XCronServerProcessor.execute(XCronServerProcessor.java:215)
	at com.inticube.xcron.core.XCronServerProcessor.run(XCronServerProcessor.java:124)
	at java.util.concurrent.ThreadPoolExecutor.runWorker(Unknown Source)
	at java.util.concurrent.ThreadPoolExecutor$Worker.run(Unknown Source)
	at java.lang.Thread.run(Unknown Source)
[2020-01-14 11:04:34:034] INFO  - <pool-1-thread-2>Running : 0 / Pending : 0
[2020-01-14 11:04:34:034] INFO  - <pool-1-thread-2>Service <SVC_MS_002> is completed  <w:0 e:1183 m/s>
[2020-01-14 11:04:34:034] DEBUG - <pool-1-thread-2><?xml version='1.0' encoding='UTF-8'?><ControlConfig><ResultCode>0</ResultCode><ResultMessage></ResultMessage></ControlConfig>
[2020-01-14 11:05:13:013] DEBUG - <pool-1-thread-2><?xml version='1.0' encoding='euc-kr'?><ControlConfig><Cmd Name="getinfo" Type="Parameter" Service="SVC_MS_002"/></ControlConfig>
[2020-01-14 11:05:13:013] DEBUG - <pool-1-thread-2>
	[column:NAME,LENGTH,VALUE,
]
[2020-01-14 11:05:13:013] DEBUG - <pool-1-thread-2><?xml version='1.0' encoding='UTF-8'?><ControlConfig><ListParam></ListParam><ResultCode>0</ResultCode><ResultMessage></ResultMessage></ControlConfig>
[2020-01-14 11:05:14:014] DEBUG - <pool-1-thread-2><?xml version='1.0' encoding='euc-kr'?><ControlConfig><Cmd Name="exec" Service="SVC_MS_002"/></ControlConfig>
[2020-01-14 11:05:14:014] INFO  - <pool-1-thread-2>Service <SVC_MS_002> is requested from </127.0.0.1>
[2020-01-14 11:05:14:014] DEBUG - <pool-1-thread-2>Transaction [ pool-1-thread-2 ] begins(Current Transaction Group Size Is 0)
[2020-01-14 11:05:14:014] DEBUG - <pool-1-thread-2>RequestServiceManager.execute begin ...
[2020-01-14 11:05:17:017] DEBUG - <pool-1-thread-2>RequestServiceManager.execute end ...
[2020-01-14 11:05:17:017] DEBUG - <pool-1-thread-2>Transaction [ pool-1-thread-2 ] commit ...
[2020-01-14 11:05:17:017] DEBUG - <pool-1-thread-2>RequestServiceManager.execute begin ...
[2020-01-14 11:05:17:017] DEBUG - <pool-1-thread-2>Non Trasaction & DataSource msensdatasource is Created
[2020-01-14 11:07:02:002] ERROR - <pool-1-thread-2>[Microsoft][SQLServer 2000 Driver for JDBC]Error establishing socket.
com.inticube.xcron.exception.XCronAppException: [Microsoft][SQLServer 2000 Driver for JDBC]Error establishing socket.
	at com.inticube.xcron.resource.TransactionManager.getConnection(TransactionManager.java:95)
	at com.inticube.xcron.resource.JDBCDataSource.executePreparedUpdate(JDBCDataSource.java:483)
	at com.inticube.xcron.resource.JDBCDataSource.execute(JDBCDataSource.java:826)
	at com.inticube.xcron.config.RequestServiceManager.execute(RequestServiceManager.java:181)
	at com.inticube.xcron.core.XCronServiceHandler.executeLogService(XCronServiceHandler.java:218)
	at com.inticube.xcron.core.XCronServiceHandler.executeLogService(XCronServiceHandler.java:185)
	at com.inticube.xcron.core.XCronServiceHandler.execute(XCronServiceHandler.java:130)
	at com.inticube.xcron.core.XCronServerProcessor.execute(XCronServerProcessor.java:215)
	at com.inticube.xcron.core.XCronServerProcessor.run(XCronServerProcessor.java:124)
	at java.util.concurrent.ThreadPoolExecutor.runWorker(Unknown Source)
	at java.util.concurrent.ThreadPoolExecutor$Worker.run(Unknown Source)
	at java.lang.Thread.run(Unknown Source)
[2020-01-14 11:07:02:002] INFO  - <pool-1-thread-2>Running : 0 / Pending : 0
[2020-01-14 11:07:02:002] INFO  - <pool-1-thread-2>Service <SVC_MS_002> is completed  <w:0 e:2875 m/s>
[2020-01-14 11:07:02:002] DEBUG - <pool-1-thread-2><?xml version='1.0' encoding='UTF-8'?><ControlConfig><ResultCode>0</ResultCode><ResultMessage></ResultMessage></ControlConfig>
[2020-01-14 11:11:23:023] DEBUG - <pool-1-thread-3><?xml version='1.0' encoding='euc-kr'?><ControlConfig><Cmd Name="getinfo" Type="Service" Service=""/></ControlConfig>
[2020-01-14 11:11:23:023] DEBUG - <pool-1-thread-3>
	[column:ID,RUNNABLE,DESCRIPTION,LASTRUNTIME,RUNNING,
	[0:SVC_BATCH_001,true,[UAT용]스크립트 질의관리 수집(TB_SC_QST_MNG) : 전체 일자 가져옴,1970/01/01 09:00:00,false]
	[1:SVC_MS_003_1,true,설계번호별 금칙어/필수멘트 결과 데이터 저장,1970/01/01 09:00:00,false]
	[2:SVC_COM_009,true,connection pool 재생성,1970/01/01 09:00:00,false]
	[3:SVC_COM_008,true,테이블(login_log, player_log, rslt, Xcron) 삭제(매일 기간별테이블삭제),1970/01/01 09:00:00,false]
	[4:SVC_COM_007,true,문단으로 넘어온 스크립트 문장단위로 SPLIT 작업(PARAM: MS_QST_MNG CHGDATE),1970/01/01 09:00:00,false]
	[5:SVC_COM_006,true,근속년수 업데이트,1970/01/01 09:00:00,false]
	[6:SVC_COM_005,true,스크립트 질의관리 수집(TB_SC_QST_MNG) : NO PARAM=> 전 일꺼 가져옴,1970/01/01 09:00:00,false]
	[7:SVC_COM_004,true,질의유형관리(TB_QST_KIND_MNG),1970/01/01 09:00:00,false]
	[8:SVC_COM_003,true,스크립트 코드 관리 변경내역 수집(TB_SC_CODE_MNG, TB_SC_MNG),1970/01/01 09:00:00,false]
	[9:SVC_MS_002_1,true,설계번호별 스크립트 결과 데이터 저장,1970/01/01 09:00:00,false]
	[10:SVC_COM_002,true,조직정보배치,1970/01/01 09:00:00,false]
	[11:SVC_COM_001,true,사용자정보,1970/01/01 09:00:00,false]
	[12:SVC_MS_017,true,MrLs콜 분석,1970/01/01 09:00:00,false]
	[13:SVC_MS_016,true,MrLs콜 TM으로부터 수집(반드시 한달 치(MM/01~MM/31) 수집할것),1970/01/01 09:00:00,false]
	[14:SVC_MS_015,true,콜재생속도 개선 위해 STT 분석 콜 자동 다운로드,1970/01/01 09:00:00,false]
	[15:SVC_MS_014,true,STT 일괄 암호화 작업 수행,1970/01/01 09:00:00,false]
	[16:SVC_MS_013,true,전월평가점수 배치 및 상담사별 전월평가점수 계산,1970/01/01 09:00:00,false]
	[17:SVC_MS_012,true,STT CONTENT SPLIT 작업,1970/01/01 09:00:00,false]
	[18:SVC_MS_001_1,true,RealTime DB + AiGEN 정보 연동,1970/01/01 09:00:00,false]
	[19:SVC_MS_008_1,true,RealTime 분석 현황 수집,1970/01/01 09:00:00,false]
	[20:SVC_MS_009,true,분석 flag 업데이트,1970/01/01 09:00:00,false]
	[21:SVC_COM_023,true,테이블 기간별 삭제(기간:1년전 데이터 삭제/매일),1970/01/01 09:00:00,false]
	[22:SVC_COM_022,true,청약거절콜 Aigen으로부터 가져옴,1970/01/01 09:00:00,false]
	[23:SVC_MS_008,true,RealTime 분석 현황 수집,1970/01/01 09:00:00,false]
	[24:SVC_COM_021,true,테이블 기간별 삭제(기간:1년전 데이터 삭제/매월 1일),1970/01/01 09:00:00,false]
	[25:SVC_MS_007,true,시스템정보수집,1970/01/01 09:00:00,false]
	[26:SVC_COM_020,true,QC 근무 모니터링 summary,1970/01/01 09:00:00,false]
	[27:SVC_MS_005,true,자동배분작업,1970/01/01 09:00:00,false]
	[28:SVC_MS_004,true,설계번호별 Grade 결과 데이터 저장,1970/01/01 09:00:00,false]
	[29:SVC_MS_012_1,true,STT CONTENT SPLIT 작업,1970/01/01 09:00:00,false]
	[30:SVC_MS_003,true,설계번호별 금칙어/필수멘트 결과 데이터 저장,1970/01/01 09:00:00,false]
	[31:SVC_MS_002,true,설계번호별 스크립트 결과 데이터 저장,2020/01/14 11:05:17,false]
	[32:SVC_MS_001,true,RealTime DB + AiGEN 정보 연동,1970/01/01 09:00:00,false]
	[33:SVC_COM_019,true,[UAT -> PROD] 담보별필수멘트 운영이관,1970/01/01 09:00:00,false]
	[34:SVC_COM_018,true,[UAT -> PROD] 계피유형코드관리,1970/01/01 09:00:00,false]
	[35:SVC_COM_017,true,[UAT -> PROD] 질의유형관리(TB_QST_KIND_MNG),1970/01/01 09:00:00,false]
	[36:SVC_COM_016,true,[UAT -> PROD] 스크립트 코드 관리 변경내역 수집(TB_SC_CODE_MNG, TB_SC_MNG),1970/01/01 09:00:00,false]
	[37:SVC_COM_015,true,배분정보 동기화,1970/01/01 09:00:00,false]
	[38:SVC_MS_005_1,true,자동배분작업,1970/01/01 09:00:00,false]
	[39:SVC_COM_014,true,휴일정보배치,1970/01/01 09:00:00,false]
	[40:SVC_COM_013,true,QC 리스트 배치,1970/01/01 09:00:00,false]
	[41:SVC_COM_012,true,상품코드, 담보코드 수집 배치,1970/01/01 09:00:00,false]
	[42:SVC_COM_011,true,시스템모니터링-SNMP 관련 테이블 삭제(기간별테이블삭제) YYYYMMDDHH,1970/01/01 09:00:00,false]
	[43:SVC_COM_010,true,녹취청취파일삭제,1970/01/01 09:00:00,false]
	[44:SVC_MS_004_1,true,설계번호별 Grade 결과 데이터 저장,1970/01/01 09:00:00,false]
	[45:SVC_MS_020,true,코드북 코드 초기화,1970/01/01 09:00:00,false]
]
[2020-01-14 11:11:23:023] DEBUG - <pool-1-thread-3><?xml version='1.0' encoding='UTF-8'?><ControlConfig><ListParam><Param><Field Name="DESCRIPTION"><![CDATA[[UAT용]스크립트 질의관리 수집(TB_SC_QST_MNG) : 전체 일자 가져옴]]></Field><Field Name="RUNNING"><![CDATA[false]]></Field><Field Name="ID"><![CDATA[SVC_BATCH_001]]></Field><Field Name="LASTRUNTIME"><![CDATA[1970/01/01 09:00:00]]></Field><Field Name="RUNNABLE"><![CDATA[true]]></Field></Param><Param><Field Name="DESCRIPTION"><![CDATA[설계번호별 금칙어/필수멘트 결과 데이터 저장]]></Field><Field Name="RUNNING"><![CDATA[false]]></Field><Field Name="ID"><![CDATA[SVC_MS_003_1]]></Field><Field Name="LASTRUNTIME"><![CDATA[1970/01/01 09:00:00]]></Field><Field Name="RUNNABLE"><![CDATA[true]]></Field></Param><Param><Field Name="DESCRIPTION"><![CDATA[connection pool 재생성]]></Field><Field Name="RUNNING"><![CDATA[false]]></Field><Field Name="ID"><![CDATA[SVC_COM_009]]></Field><Field Name="LASTRUNTIME"><![CDATA[1970/01/01 09:00:00]]></Field><Field Name="RUNNABLE"><![CDATA[true]]></Field></Param><Param><Field Name="DESCRIPTION"><![CDATA[테이블(login_log, player_log, rslt, Xcron) 삭제(매일 기간별테이블삭제)]]></Field><Field Name="RUNNING"><![CDATA[false]]></Field><Field Name="ID"><![CDATA[SVC_COM_008]]></Field><Field Name="LASTRUNTIME"><![CDATA[1970/01/01 09:00:00]]></Field><Field Name="RUNNABLE"><![CDATA[true]]></Field></Param><Param><Field Name="DESCRIPTION"><![CDATA[문단으로 넘어온 스크립트 문장단위로 SPLIT 작업(PARAM: MS_QST_MNG CHGDATE)]]></Field><Field Name="RUNNING"><![CDATA[false]]></Field><Field Name="ID"><![CDATA[SVC_COM_007]]></Field><Field Name="LASTRUNTIME"><![CDATA[1970/01/01 09:00:00]]></Field><Field Name="RUNNABLE"><![CDATA[true]]></Field></Param><Param><Field Name="DESCRIPTION"><![CDATA[근속년수 업데이트]]></Field><Field Name="RUNNING"><![CDATA[false]]></Field><Field Name="ID"><![CDATA[SVC_COM_006]]></Field><Field Name="LASTRUNTIME"><![CDATA[1970/01/01 09:00:00]]></Field><Field Name="RUNNABLE"><![CDATA[true]]></Field></Param><Param><Field Name="DESCRIPTION"><![CDATA[스크립트 질의관리 수집(TB_SC_QST_MNG) : NO PARAM=> 전 일꺼 가져옴]]></Field><Field Name="RUNNING"><![CDATA[false]]></Field><Field Name="ID"><![CDATA[SVC_COM_005]]></Field><Field Name="LASTRUNTIME"><![CDATA[1970/01/01 09:00:00]]></Field><Field Name="RUNNABLE"><![CDATA[true]]></Field></Param><Param><Field Name="DESCRIPTION"><![CDATA[질의유형관리(TB_QST_KIND_MNG)]]></Field><Field Name="RUNNING"><![CDATA[false]]></Field><Field Name="ID"><![CDATA[SVC_COM_004]]></Field><Field Name="LASTRUNTIME"><![CDATA[1970/01/01 09:00:00]]></Field><Field Name="RUNNABLE"><![CDATA[true]]></Field></Param><Param><Field Name="DESCRIPTION"><![CDATA[스크립트 코드 관리 변경내역 수집(TB_SC_CODE_MNG, TB_SC_MNG)]]></Field><Field Name="RUNNING"><![CDATA[false]]></Field><Field Name="ID"><![CDATA[SVC_COM_003]]></Field><Field Name="LASTRUNTIME"><![CDATA[1970/01/01 09:00:00]]></Field><Field Name="RUNNABLE"><![CDATA[true]]></Field></Param><Param><Field Name="DESCRIPTION"><![CDATA[설계번호별 스크립트 결과 데이터 저장]]></Field><Field Name="RUNNING"><![CDATA[false]]></Field><Field Name="ID"><![CDATA[SVC_MS_002_1]]></Field><Field Name="LASTRUNTIME"><![CDATA[1970/01/01 09:00:00]]></Field><Field Name="RUNNABLE"><![CDATA[true]]></Field></Param><Param><Field Name="DESCRIPTION"><![CDATA[조직정보배치]]></Field><Field Name="RUNNING"><![CDATA[false]]></Field><Field Name="ID"><![CDATA[SVC_COM_002]]></Field><Field Name="LASTRUNTIME"><![CDATA[1970/01/01 09:00:00]]></Field><Field Name="RUNNABLE"><![CDATA[true]]></Field></Param><Param><Field Name="DESCRIPTION"><![CDATA[사용자정보]]></Field><Field Name="RUNNING"><![CDATA[false]]></Field><Field Name="ID"><![CDATA[SVC_COM_001]]></Field><Field Name="LASTRUNTIME"><![CDATA[1970/01/01 09:00:00]]></Field><Field Name="RUNNABLE"><![CDATA[true]]></Field></Param><Param><Field Name="DESCRIPTION"><![CDATA[MrLs콜 분석]]></Field><Field Name="RUNNING"><![CDATA[false]]></Field><Field Name="ID"><![CDATA[SVC_MS_017]]></Field><Field Name="LASTRUNTIME"><![CDATA[1970/01/01 09:00:00]]></Field><Field Name="RUNNABLE"><![CDATA[true]]></Field></Param><Param><Field Name="DESCRIPTION"><![CDATA[MrLs콜 TM으로부터 수집(반드시 한달 치(MM/01~MM/31) 수집할것)]]></Field><Field Name="RUNNING"><![CDATA[false]]></Field><Field Name="ID"><![CDATA[SVC_MS_016]]></Field><Field Name="LASTRUNTIME"><![CDATA[1970/01/01 09:00:00]]></Field><Field Name="RUNNABLE"><![CDATA[true]]></Field></Param><Param><Field Name="DESCRIPTION"><![CDATA[콜재생속도 개선 위해 STT 분석 콜 자동 다운로드]]></Field><Field Name="RUNNING"><![CDATA[false]]></Field><Field Name="ID"><![CDATA[SVC_MS_015]]></Field><Field Name="LASTRUNTIME"><![CDATA[1970/01/01 09:00:00]]></Field><Field Name="RUNNABLE"><![CDATA[true]]></Field></Param><Param><Field Name="DESCRIPTION"><![CDATA[STT 일괄 암호화 작업 수행]]></Field><Field Name="RUNNING"><![CDATA[false]]></Field><Field Name="ID"><![CDATA[SVC_MS_014]]></Field><Field Name="LASTRUNTIME"><![CDATA[1970/01/01 09:00:00]]></Field><Field Name="RUNNABLE"><![CDATA[true]]></Field></Param><Param><Field Name="DESCRIPTION"><![CDATA[전월평가점수 배치 및 상담사별 전월평가점수 계산]]></Field><Field Name="RUNNING"><![CDATA[false]]></Field><Field Name="ID"><![CDATA[SVC_MS_013]]></Field><Field Name="LASTRUNTIME"><![CDATA[1970/01/01 09:00:00]]></Field><Field Name="RUNNABLE"><![CDATA[true]]></Field></Param><Param><Field Name="DESCRIPTION"><![CDATA[STT CONTENT SPLIT 작업]]></Field><Field Name="RUNNING"><![CDATA[false]]></Field><Field Name="ID"><![CDATA[SVC_MS_012]]></Field><Field Name="LASTRUNTIME"><![CDATA[1970/01/01 09:00:00]]></Field><Field Name="RUNNABLE"><![CDATA[true]]></Field></Param><Param><Field Name="DESCRIPTION"><![CDATA[RealTime DB + AiGEN 정보 연동]]></Field><Field Name="RUNNING"><![CDATA[false]]></Field><Field Name="ID"><![CDATA[SVC_MS_001_1]]></Field><Field Name="LASTRUNTIME"><![CDATA[1970/01/01 09:00:00]]></Field><Field Name="RUNNABLE"><![CDATA[true]]></Field></Param><Param><Field Name="DESCRIPTION"><![CDATA[RealTime 분석 현황 수집]]></Field><Field Name="RUNNING"><![CDATA[false]]></Field><Field Name="ID"><![CDATA[SVC_MS_008_1]]></Field><Field Name="LASTRUNTIME"><![CDATA[1970/01/01 09:00:00]]></Field><Field Name="RUNNABLE"><![CDATA[true]]></Field></Param><Param><Field Name="DESCRIPTION"><![CDATA[분석 flag 업데이트]]></Field><Field Name="RUNNING"><![CDATA[false]]></Field><Field Name="ID"><![CDATA[SVC_MS_009]]></Field><Field Name="LASTRUNTIME"><![CDATA[1970/01/01 09:00:00]]></Field><Field Name="RUNNABLE"><![CDATA[true]]></Field></Param><Param><Field Name="DESCRIPTION"><![CDATA[테이블 기간별 삭제(기간:1년전 데이터 삭제/매일)]]></Field><Field Name="RUNNING"><![CDATA[false]]></Field><Field Name="ID"><![CDATA[SVC_COM_023]]></Field><Field Name="LASTRUNTIME"><![CDATA[1970/01/01 09:00:00]]></Field><Field Name="RUNNABLE"><![CDATA[true]]></Field></Param><Param><Field Name="DESCRIPTION"><![CDATA[청약거절콜 Aigen으로부터 가져옴]]></Field><Field Name="RUNNING"><![CDATA[false]]></Field><Field Name="ID"><![CDATA[SVC_COM_022]]></Field><Field Name="LASTRUNTIME"><![CDATA[1970/01/01 09:00:00]]></Field><Field Name="RUNNABLE"><![CDATA[true]]></Field></Param><Param><Field Name="DESCRIPTION"><![CDATA[RealTime 분석 현황 수집]]></Field><Field Name="RUNNING"><![CDATA[false]]></Field><Field Name="ID"><![CDATA[SVC_MS_008]]></Field><Field Name="LASTRUNTIME"><![CDATA[1970/01/01 09:00:00]]></Field><Field Name="RUNNABLE"><![CDATA[true]]></Field></Param><Param><Field Name="DESCRIPTION"><![CDATA[테이블 기간별 삭제(기간:1년전 데이터 삭제/매월 1일)]]></Field><Field Name="RUNNING"><![CDATA[false]]></Field><Field Name="ID"><![CDATA[SVC_COM_021]]></Field><Field Name="LASTRUNTIME"><![CDATA[1970/01/01 09:00:00]]></Field><Field Name="RUNNABLE"><![CDATA[true]]></Field></Param><Param><Field Name="DESCRIPTION"><![CDATA[시스템정보수집]]></Field><Field Name="RUNNING"><![CDATA[false]]></Field><Field Name="ID"><![CDATA[SVC_MS_007]]></Field><Field Name="LASTRUNTIME"><![CDATA[1970/01/01 09:00:00]]></Field><Field Name="RUNNABLE"><![CDATA[true]]></Field></Param><Param><Field Name="DESCRIPTION"><![CDATA[QC 근무 모니터링 summary]]></Field><Field Name="RUNNING"><![CDATA[false]]></Field><Field Name="ID"><![CDATA[SVC_COM_020]]></Field><Field Name="LASTRUNTIME"><![CDATA[1970/01/01 09:00:00]]></Field><Field Name="RUNNABLE"><![CDATA[true]]></Field></Param><Param><Field Name="DESCRIPTION"><![CDATA[자동배분작업]]></Field><Field Name="RUNNING"><![CDATA[false]]></Field><Field Name="ID"><![CDATA[SVC_MS_005]]></Field><Field Name="LASTRUNTIME"><![CDATA[1970/01/01 09:00:00]]></Field><Field Name="RUNNABLE"><![CDATA[true]]></Field></Param><Param><Field Name="DESCRIPTION"><![CDATA[설계번호별 Grade 결과 데이터 저장]]></Field><Field Name="RUNNING"><![CDATA[false]]></Field><Field Name="ID"><![CDATA[SVC_MS_004]]></Field><Field Name="LASTRUNTIME"><![CDATA[1970/01/01 09:00:00]]></Field><Field Name="RUNNABLE"><![CDATA[true]]></Field></Param><Param><Field Name="DESCRIPTION"><![CDATA[STT CONTENT SPLIT 작업]]></Field><Field Name="RUNNING"><![CDATA[false]]></Field><Field Name="ID"><![CDATA[SVC_MS_012_1]]></Field><Field Name="LASTRUNTIME"><![CDATA[1970/01/01 09:00:00]]></Field><Field Name="RUNNABLE"><![CDATA[true]]></Field></Param><Param><Field Name="DESCRIPTION"><![CDATA[설계번호별 금칙어/필수멘트 결과 데이터 저장]]></Field><Field Name="RUNNING"><![CDATA[false]]></Field><Field Name="ID"><![CDATA[SVC_MS_003]]></Field><Field Name="LASTRUNTIME"><![CDATA[1970/01/01 09:00:00]]></Field><Field Name="RUNNABLE"><![CDATA[true]]></Field></Param><Param><Field Name="DESCRIPTION"><![CDATA[설계번호별 스크립트 결과 데이터 저장]]></Field><Field Name="RUNNING"><![CDATA[false]]></Field><Field Name="ID"><![CDATA[SVC_MS_002]]></Field><Field Name="LASTRUNTIME"><![CDATA[2020/01/14 11:05:17]]></Field><Field Name="RUNNABLE"><![CDATA[true]]></Field></Param><Param><Field Name="DESCRIPTION"><![CDATA[RealTime DB + AiGEN 정보 연동]]></Field><Field Name="RUNNING"><![CDATA[false]]></Field><Field Name="ID"><![CDATA[SVC_MS_001]]></Field><Field Name="LASTRUNTIME"><![CDATA[1970/01/01 09:00:00]]></Field><Field Name="RUNNABLE"><![CDATA[true]]></Field></Param><Param><Field Name="DESCRIPTION"><![CDATA[[UAT -> PROD] 담보별필수멘트 운영이관]]></Field><Field Name="RUNNING"><![CDATA[false]]></Field><Field Name="ID"><![CDATA[SVC_COM_019]]></Field><Field Name="LASTRUNTIME"><![CDATA[1970/01/01 09:00:00]]></Field><Field Name="RUNNABLE"><![CDATA[true]]></Field></Param><Param><Field Name="DESCRIPTION"><![CDATA[[UAT -> PROD] 계피유형코드관리]]></Field><Field Name="RUNNING"><![CDATA[false]]></Field><Field Name="ID"><![CDATA[SVC_COM_018]]></Field><Field Name="LASTRUNTIME"><![CDATA[1970/01/01 09:00:00]]></Field><Field Name="RUNNABLE"><![CDATA[true]]></Field></Param><Param><Field Name="DESCRIPTION"><![CDATA[[UAT -> PROD] 질의유형관리(TB_QST_KIND_MNG)]]></Field><Field Name="RUNNING"><![CDATA[false]]></Field><Field Name="ID"><![CDATA[SVC_COM_017]]></Field><Field Name="LASTRUNTIME"><![CDATA[1970/01/01 09:00:00]]></Field><Field Name="RUNNABLE"><![CDATA[true]]></Field></Param><Param><Field Name="DESCRIPTION"><![CDATA[[UAT -> PROD] 스크립트 코드 관리 변경내역 수집(TB_SC_CODE_MNG, TB_SC_MNG)]]></Field><Field Name="RUNNING"><![CDATA[false]]></Field><Field Name="ID"><![CDATA[SVC_COM_016]]></Field><Field Name="LASTRUNTIME"><![CDATA[1970/01/01 09:00:00]]></Field><Field Name="RUNNABLE"><![CDATA[true]]></Field></Param><Param><Field Name="DESCRIPTION"><![CDATA[배분정보 동기화]]></Field><Field Name="RUNNING"><![CDATA[false]]></Field><Field Name="ID"><![CDATA[SVC_COM_015]]></Field><Field Name="LASTRUNTIME"><![CDATA[1970/01/01 09:00:00]]></Field><Field Name="RUNNABLE"><![CDATA[true]]></Field></Param><Param><Field Name="DESCRIPTION"><![CDATA[자동배분작업]]></Field><Field Name="RUNNING"><![CDATA[false]]></Field><Field Name="ID"><![CDATA[SVC_MS_005_1]]></Field><Field Name="LASTRUNTIME"><![CDATA[1970/01/01 09:00:00]]></Field><Field Name="RUNNABLE"><![CDATA[true]]></Field></Param><Param><Field Name="DESCRIPTION"><![CDATA[휴일정보배치]]></Field><Field Name="RUNNING"><![CDATA[false]]></Field><Field Name="ID"><![CDATA[SVC_COM_014]]></Field><Field Name="LASTRUNTIME"><![CDATA[1970/01/01 09:00:00]]></Field><Field Name="RUNNABLE"><![CDATA[true]]></Field></Param><Param><Field Name="DESCRIPTION"><![CDATA[QC 리스트 배치]]></Field><Field Name="RUNNING"><![CDATA[false]]></Field><Field Name="ID"><![CDATA[SVC_COM_013]]></Field><Field Name="LASTRUNTIME"><![CDATA[1970/01/01 09:00:00]]></Field><Field Name="RUNNABLE"><![CDATA[true]]></Field></Param><Param><Field Name="DESCRIPTION"><![CDATA[상품코드, 담보코드 수집 배치]]></Field><Field Name="RUNNING"><![CDATA[false]]></Field><Field Name="ID"><![CDATA[SVC_COM_012]]></Field><Field Name="LASTRUNTIME"><![CDATA[1970/01/01 09:00:00]]></Field><Field Name="RUNNABLE"><![CDATA[true]]></Field></Param><Param><Field Name="DESCRIPTION"><![CDATA[시스템모니터링-SNMP 관련 테이블 삭제(기간별테이블삭제) YYYYMMDDHH]]></Field><Field Name="RUNNING"><![CDATA[false]]></Field><Field Name="ID"><![CDATA[SVC_COM_011]]></Field><Field Name="LASTRUNTIME"><![CDATA[1970/01/01 09:00:00]]></Field><Field Name="RUNNABLE"><![CDATA[true]]></Field></Param><Param><Field Name="DESCRIPTION"><![CDATA[녹취청취파일삭제]]></Field><Field Name="RUNNING"><![CDATA[false]]></Field><Field Name="ID"><![CDATA[SVC_COM_010]]></Field><Field Name="LASTRUNTIME"><![CDATA[1970/01/01 09:00:00]]></Field><Field Name="RUNNABLE"><![CDATA[true]]></Field></Param><Param><Field Name="DESCRIPTION"><![CDATA[설계번호별 Grade 결과 데이터 저장]]></Field><Field Name="RUNNING"><![CDATA[false]]></Field><Field Name="ID"><![CDATA[SVC_MS_004_1]]></Field><Field Name="LASTRUNTIME"><![CDATA[1970/01/01 09:00:00]]></Field><Field Name="RUNNABLE"><![CDATA[true]]></Field></Param><Param><Field Name="DESCRIPTION"><![CDATA[코드북 코드 초기화]]></Field><Field Name="RUNNING"><![CDATA[false]]></Field><Field Name="ID"><![CDATA[SVC_MS_020]]></Field><Field Name="LASTRUNTIME"><![CDATA[1970/01/01 09:00:00]]></Field><Field Name="RUNNABLE"><![CDATA[true]]></Field></Param></ListParam><ResultCode>0</ResultCode><ResultMessage></ResultMessage></ControlConfig>
[2020-01-14 11:11:28:028] DEBUG - <pool-1-thread-3><?xml version='1.0' encoding='euc-kr'?><ControlConfig><Cmd Name="getinfo" Type="Parameter" Service="SVC_MS_002"/></ControlConfig>
[2020-01-14 11:11:28:028] DEBUG - <pool-1-thread-3>
	[column:NAME,LENGTH,VALUE,
]
[2020-01-14 11:11:28:028] DEBUG - <pool-1-thread-3><?xml version='1.0' encoding='UTF-8'?><ControlConfig><ListParam></ListParam><ResultCode>0</ResultCode><ResultMessage></ResultMessage></ControlConfig>
[2020-01-14 11:11:30:030] DEBUG - <pool-1-thread-3><?xml version='1.0' encoding='euc-kr'?><ControlConfig><Cmd Name="exec" Service="SVC_MS_002"/></ControlConfig>
[2020-01-14 11:11:30:030] INFO  - <pool-1-thread-3>Service <SVC_MS_002> is requested from </127.0.0.1>
[2020-01-14 11:11:30:030] DEBUG - <pool-1-thread-3>Transaction [ pool-1-thread-3 ] begins(Current Transaction Group Size Is 0)
[2020-01-14 11:11:30:030] DEBUG - <pool-1-thread-3>RequestServiceManager.execute begin ...
[2020-01-14 11:11:32:032] DEBUG - <pool-1-thread-3>RequestServiceManager.execute end ...
[2020-01-14 11:11:32:032] DEBUG - <pool-1-thread-3>Transaction [ pool-1-thread-3 ] commit ...
[2020-01-14 11:11:32:032] DEBUG - <pool-1-thread-3>RequestServiceManager.execute begin ...
[2020-01-14 11:11:32:032] DEBUG - <pool-1-thread-3>Non Trasaction & DataSource msensdatasource is Created
[2020-01-14 11:13:17:017] ERROR - <pool-1-thread-3>[Microsoft][SQLServer 2000 Driver for JDBC]Error establishing socket.
com.inticube.xcron.exception.XCronAppException: [Microsoft][SQLServer 2000 Driver for JDBC]Error establishing socket.
	at com.inticube.xcron.resource.TransactionManager.getConnection(TransactionManager.java:95)
	at com.inticube.xcron.resource.JDBCDataSource.executePreparedUpdate(JDBCDataSource.java:483)
	at com.inticube.xcron.resource.JDBCDataSource.execute(JDBCDataSource.java:826)
	at com.inticube.xcron.config.RequestServiceManager.execute(RequestServiceManager.java:181)
	at com.inticube.xcron.core.XCronServiceHandler.executeLogService(XCronServiceHandler.java:218)
	at com.inticube.xcron.core.XCronServiceHandler.executeLogService(XCronServiceHandler.java:185)
	at com.inticube.xcron.core.XCronServiceHandler.execute(XCronServiceHandler.java:130)
	at com.inticube.xcron.core.XCronServerProcessor.execute(XCronServerProcessor.java:215)
	at com.inticube.xcron.core.XCronServerProcessor.run(XCronServerProcessor.java:124)
	at java.util.concurrent.ThreadPoolExecutor.runWorker(Unknown Source)
	at java.util.concurrent.ThreadPoolExecutor$Worker.run(Unknown Source)
	at java.lang.Thread.run(Unknown Source)
[2020-01-14 11:13:17:017] INFO  - <pool-1-thread-3>Running : 0 / Pending : 0
[2020-01-14 11:13:17:017] INFO  - <pool-1-thread-3>Service <SVC_MS_002> is completed  <w:0 e:2467 m/s>
[2020-01-14 11:13:17:017] DEBUG - <pool-1-thread-3><?xml version='1.0' encoding='UTF-8'?><ControlConfig><ResultCode>0</ResultCode><ResultMessage></ResultMessage></ControlConfig>
[2020-01-14 11:13:33:033] DEBUG - <pool-1-thread-3><?xml version='1.0' encoding='euc-kr'?><ControlConfig><Cmd Name="getinfo" Type="Parameter" Service="SVC_MS_002"/></ControlConfig>
[2020-01-14 11:13:33:033] DEBUG - <pool-1-thread-3>
	[column:NAME,LENGTH,VALUE,
]
[2020-01-14 11:13:33:033] DEBUG - <pool-1-thread-3><?xml version='1.0' encoding='UTF-8'?><ControlConfig><ListParam></ListParam><ResultCode>0</ResultCode><ResultMessage></ResultMessage></ControlConfig>
[2020-01-14 11:13:34:034] DEBUG - <pool-1-thread-3><?xml version='1.0' encoding='euc-kr'?><ControlConfig><Cmd Name="exec" Service="SVC_MS_002"/></ControlConfig>
[2020-01-14 11:13:34:034] INFO  - <pool-1-thread-3>Service <SVC_MS_002> is requested from </127.0.0.1>
[2020-01-14 11:13:34:034] DEBUG - <pool-1-thread-3>Transaction [ pool-1-thread-3 ] begins(Current Transaction Group Size Is 0)
[2020-01-14 11:13:34:034] DEBUG - <pool-1-thread-3>RequestServiceManager.execute begin ...
[2020-01-14 11:13:36:036] DEBUG - <pool-1-thread-3>RequestServiceManager.execute end ...
[2020-01-14 11:13:36:036] DEBUG - <pool-1-thread-3>Transaction [ pool-1-thread-3 ] commit ...
[2020-01-14 11:13:36:036] DEBUG - <pool-1-thread-3>RequestServiceManager.execute begin ...
[2020-01-14 11:13:36:036] DEBUG - <pool-1-thread-3>Non Trasaction & DataSource msensdatasource is Created
[2020-01-14 11:15:21:021] ERROR - <pool-1-thread-3>[Microsoft][SQLServer 2000 Driver for JDBC]Error establishing socket.
com.inticube.xcron.exception.XCronAppException: [Microsoft][SQLServer 2000 Driver for JDBC]Error establishing socket.
	at com.inticube.xcron.resource.TransactionManager.getConnection(TransactionManager.java:95)
	at com.inticube.xcron.resource.JDBCDataSource.executePreparedUpdate(JDBCDataSource.java:483)
	at com.inticube.xcron.resource.JDBCDataSource.execute(JDBCDataSource.java:826)
	at com.inticube.xcron.config.RequestServiceManager.execute(RequestServiceManager.java:181)
	at com.inticube.xcron.core.XCronServiceHandler.executeLogService(XCronServiceHandler.java:218)
	at com.inticube.xcron.core.XCronServiceHandler.executeLogService(XCronServiceHandler.java:185)
	at com.inticube.xcron.core.XCronServiceHandler.execute(XCronServiceHandler.java:130)
	at com.inticube.xcron.core.XCronServerProcessor.execute(XCronServerProcessor.java:215)
	at com.inticube.xcron.core.XCronServerProcessor.run(XCronServerProcessor.java:124)
	at java.util.concurrent.ThreadPoolExecutor.runWorker(Unknown Source)
	at java.util.concurrent.ThreadPoolExecutor$Worker.run(Unknown Source)
	at java.lang.Thread.run(Unknown Source)
[2020-01-14 11:15:21:021] INFO  - <pool-1-thread-3>Running : 0 / Pending : 0
[2020-01-14 11:15:21:021] INFO  - <pool-1-thread-3>Service <SVC_MS_002> is completed  <w:0 e:2377 m/s>
[2020-01-14 11:15:21:021] DEBUG - <pool-1-thread-3><?xml version='1.0' encoding='UTF-8'?><ControlConfig><ResultCode>0</ResultCode><ResultMessage></ResultMessage></ControlConfig>
[2020-01-14 11:15:24:024] DEBUG - <pool-1-thread-3><?xml version='1.0' encoding='euc-kr'?><ControlConfig><Cmd Name="getinfo" Type="Parameter" Service="SVC_MS_002"/></ControlConfig>
[2020-01-14 11:15:24:024] DEBUG - <pool-1-thread-3>
	[column:NAME,LENGTH,VALUE,
]
[2020-01-14 11:15:24:024] DEBUG - <pool-1-thread-3><?xml version='1.0' encoding='UTF-8'?><ControlConfig><ListParam></ListParam><ResultCode>0</ResultCode><ResultMessage></ResultMessage></ControlConfig>
[2020-01-14 11:15:25:025] DEBUG - <pool-1-thread-3><?xml version='1.0' encoding='euc-kr'?><ControlConfig><Cmd Name="exec" Service="SVC_MS_002"/></ControlConfig>
[2020-01-14 11:15:25:025] INFO  - <pool-1-thread-3>Service <SVC_MS_002> is requested from </127.0.0.1>
[2020-01-14 11:15:25:025] DEBUG - <pool-1-thread-3>Transaction [ pool-1-thread-3 ] begins(Current Transaction Group Size Is 0)
[2020-01-14 11:15:25:025] DEBUG - <pool-1-thread-3>RequestServiceManager.execute begin ...
[2020-01-14 11:15:27:027] DEBUG - <pool-1-thread-3>RequestServiceManager.execute end ...
[2020-01-14 11:15:27:027] DEBUG - <pool-1-thread-3>Transaction [ pool-1-thread-3 ] commit ...
[2020-01-14 11:15:27:027] DEBUG - <pool-1-thread-3>RequestServiceManager.execute begin ...
[2020-01-14 11:15:27:027] DEBUG - <pool-1-thread-3>Non Trasaction & DataSource msensdatasource is Created
[2020-01-14 11:17:12:012] ERROR - <pool-1-thread-3>[Microsoft][SQLServer 2000 Driver for JDBC]Error establishing socket.
com.inticube.xcron.exception.XCronAppException: [Microsoft][SQLServer 2000 Driver for JDBC]Error establishing socket.
	at com.inticube.xcron.resource.TransactionManager.getConnection(TransactionManager.java:95)
	at com.inticube.xcron.resource.JDBCDataSource.executePreparedUpdate(JDBCDataSource.java:483)
	at com.inticube.xcron.resource.JDBCDataSource.execute(JDBCDataSource.java:826)
	at com.inticube.xcron.config.RequestServiceManager.execute(RequestServiceManager.java:181)
	at com.inticube.xcron.core.XCronServiceHandler.executeLogService(XCronServiceHandler.java:218)
	at com.inticube.xcron.core.XCronServiceHandler.executeLogService(XCronServiceHandler.java:185)
	at com.inticube.xcron.core.XCronServiceHandler.execute(XCronServiceHandler.java:130)
	at com.inticube.xcron.core.XCronServerProcessor.execute(XCronServerProcessor.java:215)
	at com.inticube.xcron.core.XCronServerProcessor.run(XCronServerProcessor.java:124)
	at java.util.concurrent.ThreadPoolExecutor.runWorker(Unknown Source)
	at java.util.concurrent.ThreadPoolExecutor$Worker.run(Unknown Source)
	at java.lang.Thread.run(Unknown Source)
[2020-01-14 11:17:12:012] INFO  - <pool-1-thread-3>Running : 0 / Pending : 0
[2020-01-14 11:17:12:012] INFO  - <pool-1-thread-3>Service <SVC_MS_002> is completed  <w:0 e:2107 m/s>
[2020-01-14 11:17:12:012] DEBUG - <pool-1-thread-3><?xml version='1.0' encoding='UTF-8'?><ControlConfig><ResultCode>0</ResultCode><ResultMessage></ResultMessage></ControlConfig>
[2020-01-14 11:18:11:011] DEBUG - <pool-1-thread-3><?xml version='1.0' encoding='euc-kr'?><ControlConfig><Cmd Name="getinfo" Type="Parameter" Service="SVC_MS_002"/></ControlConfig>
[2020-01-14 11:18:11:011] DEBUG - <pool-1-thread-3>
	[column:NAME,LENGTH,VALUE,
]
[2020-01-14 11:18:11:011] DEBUG - <pool-1-thread-3><?xml version='1.0' encoding='UTF-8'?><ControlConfig><ListParam></ListParam><ResultCode>0</ResultCode><ResultMessage></ResultMessage></ControlConfig>
[2020-01-14 11:18:12:012] DEBUG - <pool-1-thread-3><?xml version='1.0' encoding='euc-kr'?><ControlConfig><Cmd Name="exec" Service="SVC_MS_002"/></ControlConfig>
[2020-01-14 11:18:12:012] INFO  - <pool-1-thread-3>Service <SVC_MS_002> is requested from </127.0.0.1>
[2020-01-14 11:18:12:012] DEBUG - <pool-1-thread-3>Transaction [ pool-1-thread-3 ] begins(Current Transaction Group Size Is 0)
[2020-01-14 11:18:12:012] DEBUG - <pool-1-thread-3>RequestServiceManager.execute begin ...
[2020-01-14 11:18:12:012] DEBUG - <pool-1-thread-3>RequestServiceManager.execute end ...
[2020-01-14 11:18:12:012] DEBUG - <pool-1-thread-3>Transaction [ pool-1-thread-3 ] commit ...
[2020-01-14 11:18:12:012] DEBUG - <pool-1-thread-3>RequestServiceManager.execute begin ...
[2020-01-14 11:18:12:012] DEBUG - <pool-1-thread-3>Non Trasaction & DataSource msensdatasource is Created
[2020-01-14 11:18:33:033] DEBUG - <pool-1-thread-4><?xml version='1.0' encoding='euc-kr'?><ControlConfig><Cmd Name="getinfo" Type="Service" Service=""/></ControlConfig>
[2020-01-14 11:18:33:033] DEBUG - <pool-1-thread-4>
	[column:ID,RUNNABLE,DESCRIPTION,LASTRUNTIME,RUNNING,
	[0:SVC_BATCH_001,true,[UAT용]스크립트 질의관리 수집(TB_SC_QST_MNG) : 전체 일자 가져옴,1970/01/01 09:00:00,false]
	[1:SVC_MS_003_1,true,설계번호별 금칙어/필수멘트 결과 데이터 저장,1970/01/01 09:00:00,false]
	[2:SVC_COM_009,true,connection pool 재생성,1970/01/01 09:00:00,false]
	[3:SVC_COM_008,true,테이블(login_log, player_log, rslt, Xcron) 삭제(매일 기간별테이블삭제),1970/01/01 09:00:00,false]
	[4:SVC_COM_007,true,문단으로 넘어온 스크립트 문장단위로 SPLIT 작업(PARAM: MS_QST_MNG CHGDATE),1970/01/01 09:00:00,false]
	[5:SVC_COM_006,true,근속년수 업데이트,1970/01/01 09:00:00,false]
	[6:SVC_COM_005,true,스크립트 질의관리 수집(TB_SC_QST_MNG) : NO PARAM=> 전 일꺼 가져옴,1970/01/01 09:00:00,false]
	[7:SVC_COM_004,true,질의유형관리(TB_QST_KIND_MNG),1970/01/01 09:00:00,false]
	[8:SVC_COM_003,true,스크립트 코드 관리 변경내역 수집(TB_SC_CODE_MNG, TB_SC_MNG),1970/01/01 09:00:00,false]
	[9:SVC_MS_002_1,true,설계번호별 스크립트 결과 데이터 저장,1970/01/01 09:00:00,false]
	[10:SVC_COM_002,true,조직정보배치,1970/01/01 09:00:00,false]
	[11:SVC_COM_001,true,사용자정보,1970/01/01 09:00:00,false]
	[12:SVC_MS_017,true,MrLs콜 분석,1970/01/01 09:00:00,false]
	[13:SVC_MS_016,true,MrLs콜 TM으로부터 수집(반드시 한달 치(MM/01~MM/31) 수집할것),1970/01/01 09:00:00,false]
	[14:SVC_MS_015,true,콜재생속도 개선 위해 STT 분석 콜 자동 다운로드,1970/01/01 09:00:00,false]
	[15:SVC_MS_014,true,STT 일괄 암호화 작업 수행,1970/01/01 09:00:00,false]
	[16:SVC_MS_013,true,전월평가점수 배치 및 상담사별 전월평가점수 계산,1970/01/01 09:00:00,false]
	[17:SVC_MS_012,true,STT CONTENT SPLIT 작업,1970/01/01 09:00:00,false]
	[18:SVC_MS_001_1,true,RealTime DB + AiGEN 정보 연동,1970/01/01 09:00:00,false]
	[19:SVC_MS_008_1,true,RealTime 분석 현황 수집,1970/01/01 09:00:00,false]
	[20:SVC_MS_009,true,분석 flag 업데이트,1970/01/01 09:00:00,false]
	[21:SVC_COM_023,true,테이블 기간별 삭제(기간:1년전 데이터 삭제/매일),1970/01/01 09:00:00,false]
	[22:SVC_COM_022,true,청약거절콜 Aigen으로부터 가져옴,1970/01/01 09:00:00,false]
	[23:SVC_MS_008,true,RealTime 분석 현황 수집,1970/01/01 09:00:00,false]
	[24:SVC_COM_021,true,테이블 기간별 삭제(기간:1년전 데이터 삭제/매월 1일),1970/01/01 09:00:00,false]
	[25:SVC_MS_007,true,시스템정보수집,1970/01/01 09:00:00,false]
	[26:SVC_COM_020,true,QC 근무 모니터링 summary,1970/01/01 09:00:00,false]
	[27:SVC_MS_005,true,자동배분작업,1970/01/01 09:00:00,false]
	[28:SVC_MS_004,true,설계번호별 Grade 결과 데이터 저장,1970/01/01 09:00:00,false]
	[29:SVC_MS_012_1,true,STT CONTENT SPLIT 작업,1970/01/01 09:00:00,false]
	[30:SVC_MS_003,true,설계번호별 금칙어/필수멘트 결과 데이터 저장,1970/01/01 09:00:00,false]
	[31:SVC_MS_002,true,설계번호별 스크립트 결과 데이터 저장,2020/01/14 11:18:12,true]
	[32:SVC_MS_001,true,RealTime DB + AiGEN 정보 연동,1970/01/01 09:00:00,false]
	[33:SVC_COM_019,true,[UAT -> PROD] 담보별필수멘트 운영이관,1970/01/01 09:00:00,false]
	[34:SVC_COM_018,true,[UAT -> PROD] 계피유형코드관리,1970/01/01 09:00:00,false]
	[35:SVC_COM_017,true,[UAT -> PROD] 질의유형관리(TB_QST_KIND_MNG),1970/01/01 09:00:00,false]
	[36:SVC_COM_016,true,[UAT -> PROD] 스크립트 코드 관리 변경내역 수집(TB_SC_CODE_MNG, TB_SC_MNG),1970/01/01 09:00:00,false]
	[37:SVC_COM_015,true,배분정보 동기화,1970/01/01 09:00:00,false]
	[38:SVC_MS_005_1,true,자동배분작업,1970/01/01 09:00:00,false]
	[39:SVC_COM_014,true,휴일정보배치,1970/01/01 09:00:00,false]
	[40:SVC_COM_013,true,QC 리스트 배치,1970/01/01 09:00:00,false]
	[41:SVC_COM_012,true,상품코드, 담보코드 수집 배치,1970/01/01 09:00:00,false]
	[42:SVC_COM_011,true,시스템모니터링-SNMP 관련 테이블 삭제(기간별테이블삭제) YYYYMMDDHH,1970/01/01 09:00:00,false]
	[43:SVC_COM_010,true,녹취청취파일삭제,1970/01/01 09:00:00,false]
	[44:SVC_MS_004_1,true,설계번호별 Grade 결과 데이터 저장,1970/01/01 09:00:00,false]
	[45:SVC_MS_020,true,코드북 코드 초기화,1970/01/01 09:00:00,false]
]
[2020-01-14 11:18:33:033] DEBUG - <pool-1-thread-4><?xml version='1.0' encoding='UTF-8'?><ControlConfig><ListParam><Param><Field Name="DESCRIPTION"><![CDATA[[UAT용]스크립트 질의관리 수집(TB_SC_QST_MNG) : 전체 일자 가져옴]]></Field><Field Name="RUNNING"><![CDATA[false]]></Field><Field Name="ID"><![CDATA[SVC_BATCH_001]]></Field><Field Name="LASTRUNTIME"><![CDATA[1970/01/01 09:00:00]]></Field><Field Name="RUNNABLE"><![CDATA[true]]></Field></Param><Param><Field Name="DESCRIPTION"><![CDATA[설계번호별 금칙어/필수멘트 결과 데이터 저장]]></Field><Field Name="RUNNING"><![CDATA[false]]></Field><Field Name="ID"><![CDATA[SVC_MS_003_1]]></Field><Field Name="LASTRUNTIME"><![CDATA[1970/01/01 09:00:00]]></Field><Field Name="RUNNABLE"><![CDATA[true]]></Field></Param><Param><Field Name="DESCRIPTION"><![CDATA[connection pool 재생성]]></Field><Field Name="RUNNING"><![CDATA[false]]></Field><Field Name="ID"><![CDATA[SVC_COM_009]]></Field><Field Name="LASTRUNTIME"><![CDATA[1970/01/01 09:00:00]]></Field><Field Name="RUNNABLE"><![CDATA[true]]></Field></Param><Param><Field Name="DESCRIPTION"><![CDATA[테이블(login_log, player_log, rslt, Xcron) 삭제(매일 기간별테이블삭제)]]></Field><Field Name="RUNNING"><![CDATA[false]]></Field><Field Name="ID"><![CDATA[SVC_COM_008]]></Field><Field Name="LASTRUNTIME"><![CDATA[1970/01/01 09:00:00]]></Field><Field Name="RUNNABLE"><![CDATA[true]]></Field></Param><Param><Field Name="DESCRIPTION"><![CDATA[문단으로 넘어온 스크립트 문장단위로 SPLIT 작업(PARAM: MS_QST_MNG CHGDATE)]]></Field><Field Name="RUNNING"><![CDATA[false]]></Field><Field Name="ID"><![CDATA[SVC_COM_007]]></Field><Field Name="LASTRUNTIME"><![CDATA[1970/01/01 09:00:00]]></Field><Field Name="RUNNABLE"><![CDATA[true]]></Field></Param><Param><Field Name="DESCRIPTION"><![CDATA[근속년수 업데이트]]></Field><Field Name="RUNNING"><![CDATA[false]]></Field><Field Name="ID"><![CDATA[SVC_COM_006]]></Field><Field Name="LASTRUNTIME"><![CDATA[1970/01/01 09:00:00]]></Field><Field Name="RUNNABLE"><![CDATA[true]]></Field></Param><Param><Field Name="DESCRIPTION"><![CDATA[스크립트 질의관리 수집(TB_SC_QST_MNG) : NO PARAM=> 전 일꺼 가져옴]]></Field><Field Name="RUNNING"><![CDATA[false]]></Field><Field Name="ID"><![CDATA[SVC_COM_005]]></Field><Field Name="LASTRUNTIME"><![CDATA[1970/01/01 09:00:00]]></Field><Field Name="RUNNABLE"><![CDATA[true]]></Field></Param><Param><Field Name="DESCRIPTION"><![CDATA[질의유형관리(TB_QST_KIND_MNG)]]></Field><Field Name="RUNNING"><![CDATA[false]]></Field><Field Name="ID"><![CDATA[SVC_COM_004]]></Field><Field Name="LASTRUNTIME"><![CDATA[1970/01/01 09:00:00]]></Field><Field Name="RUNNABLE"><![CDATA[true]]></Field></Param><Param><Field Name="DESCRIPTION"><![CDATA[스크립트 코드 관리 변경내역 수집(TB_SC_CODE_MNG, TB_SC_MNG)]]></Field><Field Name="RUNNING"><![CDATA[false]]></Field><Field Name="ID"><![CDATA[SVC_COM_003]]></Field><Field Name="LASTRUNTIME"><![CDATA[1970/01/01 09:00:00]]></Field><Field Name="RUNNABLE"><![CDATA[true]]></Field></Param><Param><Field Name="DESCRIPTION"><![CDATA[설계번호별 스크립트 결과 데이터 저장]]></Field><Field Name="RUNNING"><![CDATA[false]]></Field><Field Name="ID"><![CDATA[SVC_MS_002_1]]></Field><Field Name="LASTRUNTIME"><![CDATA[1970/01/01 09:00:00]]></Field><Field Name="RUNNABLE"><![CDATA[true]]></Field></Param><Param><Field Name="DESCRIPTION"><![CDATA[조직정보배치]]></Field><Field Name="RUNNING"><![CDATA[false]]></Field><Field Name="ID"><![CDATA[SVC_COM_002]]></Field><Field Name="LASTRUNTIME"><![CDATA[1970/01/01 09:00:00]]></Field><Field Name="RUNNABLE"><![CDATA[true]]></Field></Param><Param><Field Name="DESCRIPTION"><![CDATA[사용자정보]]></Field><Field Name="RUNNING"><![CDATA[false]]></Field><Field Name="ID"><![CDATA[SVC_COM_001]]></Field><Field Name="LASTRUNTIME"><![CDATA[1970/01/01 09:00:00]]></Field><Field Name="RUNNABLE"><![CDATA[true]]></Field></Param><Param><Field Name="DESCRIPTION"><![CDATA[MrLs콜 분석]]></Field><Field Name="RUNNING"><![CDATA[false]]></Field><Field Name="ID"><![CDATA[SVC_MS_017]]></Field><Field Name="LASTRUNTIME"><![CDATA[1970/01/01 09:00:00]]></Field><Field Name="RUNNABLE"><![CDATA[true]]></Field></Param><Param><Field Name="DESCRIPTION"><![CDATA[MrLs콜 TM으로부터 수집(반드시 한달 치(MM/01~MM/31) 수집할것)]]></Field><Field Name="RUNNING"><![CDATA[false]]></Field><Field Name="ID"><![CDATA[SVC_MS_016]]></Field><Field Name="LASTRUNTIME"><![CDATA[1970/01/01 09:00:00]]></Field><Field Name="RUNNABLE"><![CDATA[true]]></Field></Param><Param><Field Name="DESCRIPTION"><![CDATA[콜재생속도 개선 위해 STT 분석 콜 자동 다운로드]]></Field><Field Name="RUNNING"><![CDATA[false]]></Field><Field Name="ID"><![CDATA[SVC_MS_015]]></Field><Field Name="LASTRUNTIME"><![CDATA[1970/01/01 09:00:00]]></Field><Field Name="RUNNABLE"><![CDATA[true]]></Field></Param><Param><Field Name="DESCRIPTION"><![CDATA[STT 일괄 암호화 작업 수행]]></Field><Field Name="RUNNING"><![CDATA[false]]></Field><Field Name="ID"><![CDATA[SVC_MS_014]]></Field><Field Name="LASTRUNTIME"><![CDATA[1970/01/01 09:00:00]]></Field><Field Name="RUNNABLE"><![CDATA[true]]></Field></Param><Param><Field Name="DESCRIPTION"><![CDATA[전월평가점수 배치 및 상담사별 전월평가점수 계산]]></Field><Field Name="RUNNING"><![CDATA[false]]></Field><Field Name="ID"><![CDATA[SVC_MS_013]]></Field><Field Name="LASTRUNTIME"><![CDATA[1970/01/01 09:00:00]]></Field><Field Name="RUNNABLE"><![CDATA[true]]></Field></Param><Param><Field Name="DESCRIPTION"><![CDATA[STT CONTENT SPLIT 작업]]></Field><Field Name="RUNNING"><![CDATA[false]]></Field><Field Name="ID"><![CDATA[SVC_MS_012]]></Field><Field Name="LASTRUNTIME"><![CDATA[1970/01/01 09:00:00]]></Field><Field Name="RUNNABLE"><![CDATA[true]]></Field></Param><Param><Field Name="DESCRIPTION"><![CDATA[RealTime DB + AiGEN 정보 연동]]></Field><Field Name="RUNNING"><![CDATA[false]]></Field><Field Name="ID"><![CDATA[SVC_MS_001_1]]></Field><Field Name="LASTRUNTIME"><![CDATA[1970/01/01 09:00:00]]></Field><Field Name="RUNNABLE"><![CDATA[true]]></Field></Param><Param><Field Name="DESCRIPTION"><![CDATA[RealTime 분석 현황 수집]]></Field><Field Name="RUNNING"><![CDATA[false]]></Field><Field Name="ID"><![CDATA[SVC_MS_008_1]]></Field><Field Name="LASTRUNTIME"><![CDATA[1970/01/01 09:00:00]]></Field><Field Name="RUNNABLE"><![CDATA[true]]></Field></Param><Param><Field Name="DESCRIPTION"><![CDATA[분석 flag 업데이트]]></Field><Field Name="RUNNING"><![CDATA[false]]></Field><Field Name="ID"><![CDATA[SVC_MS_009]]></Field><Field Name="LASTRUNTIME"><![CDATA[1970/01/01 09:00:00]]></Field><Field Name="RUNNABLE"><![CDATA[true]]></Field></Param><Param><Field Name="DESCRIPTION"><![CDATA[테이블 기간별 삭제(기간:1년전 데이터 삭제/매일)]]></Field><Field Name="RUNNING"><![CDATA[false]]></Field><Field Name="ID"><![CDATA[SVC_COM_023]]></Field><Field Name="LASTRUNTIME"><![CDATA[1970/01/01 09:00:00]]></Field><Field Name="RUNNABLE"><![CDATA[true]]></Field></Param><Param><Field Name="DESCRIPTION"><![CDATA[청약거절콜 Aigen으로부터 가져옴]]></Field><Field Name="RUNNING"><![CDATA[false]]></Field><Field Name="ID"><![CDATA[SVC_COM_022]]></Field><Field Name="LASTRUNTIME"><![CDATA[1970/01/01 09:00:00]]></Field><Field Name="RUNNABLE"><![CDATA[true]]></Field></Param><Param><Field Name="DESCRIPTION"><![CDATA[RealTime 분석 현황 수집]]></Field><Field Name="RUNNING"><![CDATA[false]]></Field><Field Name="ID"><![CDATA[SVC_MS_008]]></Field><Field Name="LASTRUNTIME"><![CDATA[1970/01/01 09:00:00]]></Field><Field Name="RUNNABLE"><![CDATA[true]]></Field></Param><Param><Field Name="DESCRIPTION"><![CDATA[테이블 기간별 삭제(기간:1년전 데이터 삭제/매월 1일)]]></Field><Field Name="RUNNING"><![CDATA[false]]></Field><Field Name="ID"><![CDATA[SVC_COM_021]]></Field><Field Name="LASTRUNTIME"><![CDATA[1970/01/01 09:00:00]]></Field><Field Name="RUNNABLE"><![CDATA[true]]></Field></Param><Param><Field Name="DESCRIPTION"><![CDATA[시스템정보수집]]></Field><Field Name="RUNNING"><![CDATA[false]]></Field><Field Name="ID"><![CDATA[SVC_MS_007]]></Field><Field Name="LASTRUNTIME"><![CDATA[1970/01/01 09:00:00]]></Field><Field Name="RUNNABLE"><![CDATA[true]]></Field></Param><Param><Field Name="DESCRIPTION"><![CDATA[QC 근무 모니터링 summary]]></Field><Field Name="RUNNING"><![CDATA[false]]></Field><Field Name="ID"><![CDATA[SVC_COM_020]]></Field><Field Name="LASTRUNTIME"><![CDATA[1970/01/01 09:00:00]]></Field><Field Name="RUNNABLE"><![CDATA[true]]></Field></Param><Param><Field Name="DESCRIPTION"><![CDATA[자동배분작업]]></Field><Field Name="RUNNING"><![CDATA[false]]></Field><Field Name="ID"><![CDATA[SVC_MS_005]]></Field><Field Name="LASTRUNTIME"><![CDATA[1970/01/01 09:00:00]]></Field><Field Name="RUNNABLE"><![CDATA[true]]></Field></Param><Param><Field Name="DESCRIPTION"><![CDATA[설계번호별 Grade 결과 데이터 저장]]></Field><Field Name="RUNNING"><![CDATA[false]]></Field><Field Name="ID"><![CDATA[SVC_MS_004]]></Field><Field Name="LASTRUNTIME"><![CDATA[1970/01/01 09:00:00]]></Field><Field Name="RUNNABLE"><![CDATA[true]]></Field></Param><Param><Field Name="DESCRIPTION"><![CDATA[STT CONTENT SPLIT 작업]]></Field><Field Name="RUNNING"><![CDATA[false]]></Field><Field Name="ID"><![CDATA[SVC_MS_012_1]]></Field><Field Name="LASTRUNTIME"><![CDATA[1970/01/01 09:00:00]]></Field><Field Name="RUNNABLE"><![CDATA[true]]></Field></Param><Param><Field Name="DESCRIPTION"><![CDATA[설계번호별 금칙어/필수멘트 결과 데이터 저장]]></Field><Field Name="RUNNING"><![CDATA[false]]></Field><Field Name="ID"><![CDATA[SVC_MS_003]]></Field><Field Name="LASTRUNTIME"><![CDATA[1970/01/01 09:00:00]]></Field><Field Name="RUNNABLE"><![CDATA[true]]></Field></Param><Param><Field Name="DESCRIPTION"><![CDATA[설계번호별 스크립트 결과 데이터 저장]]></Field><Field Name="RUNNING"><![CDATA[true]]></Field><Field Name="ID"><![CDATA[SVC_MS_002]]></Field><Field Name="LASTRUNTIME"><![CDATA[2020/01/14 11:18:12]]></Field><Field Name="RUNNABLE"><![CDATA[true]]></Field></Param><Param><Field Name="DESCRIPTION"><![CDATA[RealTime DB + AiGEN 정보 연동]]></Field><Field Name="RUNNING"><![CDATA[false]]></Field><Field Name="ID"><![CDATA[SVC_MS_001]]></Field><Field Name="LASTRUNTIME"><![CDATA[1970/01/01 09:00:00]]></Field><Field Name="RUNNABLE"><![CDATA[true]]></Field></Param><Param><Field Name="DESCRIPTION"><![CDATA[[UAT -> PROD] 담보별필수멘트 운영이관]]></Field><Field Name="RUNNING"><![CDATA[false]]></Field><Field Name="ID"><![CDATA[SVC_COM_019]]></Field><Field Name="LASTRUNTIME"><![CDATA[1970/01/01 09:00:00]]></Field><Field Name="RUNNABLE"><![CDATA[true]]></Field></Param><Param><Field Name="DESCRIPTION"><![CDATA[[UAT -> PROD] 계피유형코드관리]]></Field><Field Name="RUNNING"><![CDATA[false]]></Field><Field Name="ID"><![CDATA[SVC_COM_018]]></Field><Field Name="LASTRUNTIME"><![CDATA[1970/01/01 09:00:00]]></Field><Field Name="RUNNABLE"><![CDATA[true]]></Field></Param><Param><Field Name="DESCRIPTION"><![CDATA[[UAT -> PROD] 질의유형관리(TB_QST_KIND_MNG)]]></Field><Field Name="RUNNING"><![CDATA[false]]></Field><Field Name="ID"><![CDATA[SVC_COM_017]]></Field><Field Name="LASTRUNTIME"><![CDATA[1970/01/01 09:00:00]]></Field><Field Name="RUNNABLE"><![CDATA[true]]></Field></Param><Param><Field Name="DESCRIPTION"><![CDATA[[UAT -> PROD] 스크립트 코드 관리 변경내역 수집(TB_SC_CODE_MNG, TB_SC_MNG)]]></Field><Field Name="RUNNING"><![CDATA[false]]></Field><Field Name="ID"><![CDATA[SVC_COM_016]]></Field><Field Name="LASTRUNTIME"><![CDATA[1970/01/01 09:00:00]]></Field><Field Name="RUNNABLE"><![CDATA[true]]></Field></Param><Param><Field Name="DESCRIPTION"><![CDATA[배분정보 동기화]]></Field><Field Name="RUNNING"><![CDATA[false]]></Field><Field Name="ID"><![CDATA[SVC_COM_015]]></Field><Field Name="LASTRUNTIME"><![CDATA[1970/01/01 09:00:00]]></Field><Field Name="RUNNABLE"><![CDATA[true]]></Field></Param><Param><Field Name="DESCRIPTION"><![CDATA[자동배분작업]]></Field><Field Name="RUNNING"><![CDATA[false]]></Field><Field Name="ID"><![CDATA[SVC_MS_005_1]]></Field><Field Name="LASTRUNTIME"><![CDATA[1970/01/01 09:00:00]]></Field><Field Name="RUNNABLE"><![CDATA[true]]></Field></Param><Param><Field Name="DESCRIPTION"><![CDATA[휴일정보배치]]></Field><Field Name="RUNNING"><![CDATA[false]]></Field><Field Name="ID"><![CDATA[SVC_COM_014]]></Field><Field Name="LASTRUNTIME"><![CDATA[1970/01/01 09:00:00]]></Field><Field Name="RUNNABLE"><![CDATA[true]]></Field></Param><Param><Field Name="DESCRIPTION"><![CDATA[QC 리스트 배치]]></Field><Field Name="RUNNING"><![CDATA[false]]></Field><Field Name="ID"><![CDATA[SVC_COM_013]]></Field><Field Name="LASTRUNTIME"><![CDATA[1970/01/01 09:00:00]]></Field><Field Name="RUNNABLE"><![CDATA[true]]></Field></Param><Param><Field Name="DESCRIPTION"><![CDATA[상품코드, 담보코드 수집 배치]]></Field><Field Name="RUNNING"><![CDATA[false]]></Field><Field Name="ID"><![CDATA[SVC_COM_012]]></Field><Field Name="LASTRUNTIME"><![CDATA[1970/01/01 09:00:00]]></Field><Field Name="RUNNABLE"><![CDATA[true]]></Field></Param><Param><Field Name="DESCRIPTION"><![CDATA[시스템모니터링-SNMP 관련 테이블 삭제(기간별테이블삭제) YYYYMMDDHH]]></Field><Field Name="RUNNING"><![CDATA[false]]></Field><Field Name="ID"><![CDATA[SVC_COM_011]]></Field><Field Name="LASTRUNTIME"><![CDATA[1970/01/01 09:00:00]]></Field><Field Name="RUNNABLE"><![CDATA[true]]></Field></Param><Param><Field Name="DESCRIPTION"><![CDATA[녹취청취파일삭제]]></Field><Field Name="RUNNING"><![CDATA[false]]></Field><Field Name="ID"><![CDATA[SVC_COM_010]]></Field><Field Name="LASTRUNTIME"><![CDATA[1970/01/01 09:00:00]]></Field><Field Name="RUNNABLE"><![CDATA[true]]></Field></Param><Param><Field Name="DESCRIPTION"><![CDATA[설계번호별 Grade 결과 데이터 저장]]></Field><Field Name="RUNNING"><![CDATA[false]]></Field><Field Name="ID"><![CDATA[SVC_MS_004_1]]></Field><Field Name="LASTRUNTIME"><![CDATA[1970/01/01 09:00:00]]></Field><Field Name="RUNNABLE"><![CDATA[true]]></Field></Param><Param><Field Name="DESCRIPTION"><![CDATA[코드북 코드 초기화]]></Field><Field Name="RUNNING"><![CDATA[false]]></Field><Field Name="ID"><![CDATA[SVC_MS_020]]></Field><Field Name="LASTRUNTIME"><![CDATA[1970/01/01 09:00:00]]></Field><Field Name="RUNNABLE"><![CDATA[true]]></Field></Param></ListParam><ResultCode>0</ResultCode><ResultMessage></ResultMessage></ControlConfig>
[2020-01-14 11:18:43:043] INFO  - <Thread-4>Scheduler Shutting down ...
[2020-01-14 11:18:43:043] INFO  - <Thread-3>Cluster Shutting down ...
[2020-01-14 11:18:43:043] INFO  - <Thread-4>Scheduler Stoped
[2020-01-14 11:18:43:043] INFO  - <Thread-3>Cluster Stoped
[2020-01-14 11:18:47:047] INFO  - <XCron-Server>==============================================================================
[2020-01-14 11:18:47:047] INFO  - <XCron-Server>Starting XCron Version 3.1.2 initializing
[2020-01-14 11:18:49:049] INFO  - <XCron-Server>XCronServer IP Address = 10.1.8.234
[2020-01-14 11:18:49:049] INFO  - <XCron-Server>XCronServer Port = 5292
[2020-01-14 11:18:49:049] INFO  - <XCron-Server>CLASSPATH = {D:/MSENS_AIG_NEW/AIG_QSENS_FINAL/XCron/lib/xml-apis.jar;D:/MSENS_AIG_NEW/AIG_QSENS_FINAL/XCron/lib/xercesImpl.jar;D:/MSENS_AIG_NEW/AIG_QSENS_FINAL/XCron/lib/ojdbc14.jar;D:/MSENS_AIG_NEW/AIG_QSENS_FINAL/XCron/lib/log4j-1.2.15.jar;D:/MSENS_AIG_NEW/AIG_QSENS_FINAL/XCron/lib/commons-pool-1.6.jar;D:/MSENS_AIG_NEW/AIG_QSENS_FINAL/XCron/lib/commons-net-3.0.jar;D:/MSENS_AIG_NEW/AIG_QSENS_FINAL/XCron/lib/commons-dbcp-1.3.jar;D:/MSENS_AIG_NEW/AIG_QSENS_FINAL/XCron/lib/commons-collections-3.2.1.jar;D:/MSENS_AIG_NEW/AIG_QSENS_FINAL/XCron/lib/commons-daemon.jar;D:/MSENS_AIG_NEW/AIG_QSENS_FINAL/XCron/lib/commons-codec-1.4.jar;D:/MSENS_AIG_NEW/AIG_QSENS_FINAL/XCron/lib/jakarta-oro.jar;D:/MSENS_AIG_NEW/AIG_QSENS_FINAL/XCron/lib/megathin2.jar;D:/MSENS_AIG_NEW/AIG_QSENS_FINAL/XCron/lib/opljdbc2.jar;D:/MSENS_AIG_NEW/AIG_QSENS_FINAL/XCron/lib/jcrontab.jar;D:/MSENS_AIG_NEW/AIG_QSENS_FINAL/XCron/lib/bsh.jar;D:/MSENS_AIG_NEW/AIG_QSENS_FINAL/XCron/lib/mssqlserver.jar;D:/MSENS_AIG_NEW/AIG_QSENS_FINAL/XCron/lib/msbase.jar;D:/MSENS_AIG_NEW/AIG_QSENS_FINAL/XCron/lib/msutil.jar;D:/MSENS_AIG_NEW/AIG_QSENS_FINAL/XCron/lib/mysql-connector-5.1.8.jar;D:/MSENS_AIG_NEW/AIG_QSENS_FINAL/XCron/lib/jconn3.jar;D:/MSENS_AIG_NEW/AIG_QSENS_FINAL/XCron/lib/junit.jar;D:/MSENS_AIG_NEW/AIG_QSENS_FINAL/XCron/lib/sigar/sigar.jar;D:/MSENS_AIG_NEW/AIG_QSENS_FINAL/XCron/lib/mail.jar;D:/MSENS_AIG_NEW/AIG_QSENS_FINAL/XCron/lib/activation.jar;D:/MSENS_AIG_NEW/AIG_QSENS_FINAL/XCron/lib/ejb.jar;D:/MSENS_AIG_NEW/AIG_QSENS_FINAL/XCron/lib/jgroups.jar;D:/MSENS_AIG_NEW/AIG_QSENS_FINAL/XCron/lib/db2jcc.jar;D:/MSENS_AIG_NEW/AIG_QSENS_FINAL/XCron/lib/jsch-0.1.52.jar;D:/MSENS_AIG_NEW/AIG_QSENS_FINAL/XCron/lib/XCron-1.1.1.jar;D:/MSENS_AIG_NEW/AIG_QSENS_FINAL/XCron/common;;}
[2020-01-14 11:18:49:049] INFO  - <XCron-Server>==============================================================================
[2020-01-14 11:18:49:049] INFO  - <XCron-Server>DataSource <msensdatasource>
[2020-01-14 11:18:49:049] DEBUG - <XCron-Server>[ id = msensdatasource
, driverName = com.microsoft.jdbc.sqlserver.SQLServerDriver
, url = jdbc:Microsoft:sqlserver://10.48.241.43:1433;databaseName=msens_ob;integratedSecurity=false;failoverPartner=10.48.241.44
, user = {AES}tkUoArFZgt9kpayQiIMCtA==
, password = {AES}guUufQeMdvWVCVIfz8iiGQ==
, maxCapacity(maxActive) = 80
, exhaustedAction(whenExhaustedAction) = 1
, maxWait = 60000
, testQuery = select 1
, maxIdle = 20
, idleTimeOut(timeBetweenEvictionRunsMillis) = 300000
, lifo = true
, minEvictableIdleTimeMillis = 600000
, minIdle = 5
, numTestsPerEvictionRun = 3
, softMinEvictableIdleTimeMillis = -1
, testOnBorrow = false
, testOnReturn = false
, testWhileIdle = true
, maxBatchSize = 10000
, queryTimeout = -1
, productName = null
]
[2020-01-14 11:18:49:049] INFO  - <XCron-Server>DataSource <snmpdatasource>
[2020-01-14 11:18:49:049] DEBUG - <XCron-Server>[ id = snmpdatasource
, driverName = com.microsoft.jdbc.sqlserver.SQLServerDriver
, url = jdbc:Microsoft:sqlserver://10.48.241.57:1433;databaseName=snmp_db;
, user = {AES}tkUoArFZgt9kpayQiIMCtA==
, password = {AES}guUufQeMdvWVCVIfz8iiGQ==
, maxCapacity(maxActive) = 80
, exhaustedAction(whenExhaustedAction) = 1
, maxWait = 60000
, testQuery = select 1
, maxIdle = 20
, idleTimeOut(timeBetweenEvictionRunsMillis) = 300000
, lifo = true
, minEvictableIdleTimeMillis = 600000
, minIdle = 5
, numTestsPerEvictionRun = 3
, softMinEvictableIdleTimeMillis = -1
, testOnBorrow = false
, testOnReturn = false
, testWhileIdle = true
, maxBatchSize = 10000
, queryTimeout = -1
, productName = null
]
[2020-01-14 11:18:49:049] INFO  - <XCron-Server>DataSource <tmdatasource>
[2020-01-14 11:18:49:049] DEBUG - <XCron-Server>[ id = tmdatasource
, driverName = oracle.jdbc.driver.OracleDriver
, url = jdbc:oracle:thin:@10.51.192.49:1521/PCHA
, user = {AES}lIYDNAsmhnOtBF7ZLAyxKQ==
, password = {AES}UMo/LIzvP1xNpPIHWQd/LQ==
, maxCapacity(maxActive) = 80
, exhaustedAction(whenExhaustedAction) = 1
, maxWait = 60000
, testQuery = select 1 from dual
, maxIdle = 20
, idleTimeOut(timeBetweenEvictionRunsMillis) = 300000
, lifo = true
, minEvictableIdleTimeMillis = 600000
, minIdle = 5
, numTestsPerEvictionRun = 3
, softMinEvictableIdleTimeMillis = -1
, testOnBorrow = false
, testOnReturn = false
, testWhileIdle = true
, maxBatchSize = 10000
, queryTimeout = -1
, productName = null
]
[2020-01-14 11:18:49:049] INFO  - <XCron-Server>DataSource <muatdatasource>
[2020-01-14 11:18:49:049] DEBUG - <XCron-Server>[ id = muatdatasource
, driverName = com.microsoft.jdbc.sqlserver.SQLServerDriver
, url = jdbc:Microsoft:sqlserver://10.48.247.186:1433;databaseName=msens_ob;
, user = {AES}LG4WDPTajFxCgzi2rXxR5Q==
, password = {AES}guUufQeMdvWVCVIfz8iiGQ==
, maxCapacity(maxActive) = 80
, exhaustedAction(whenExhaustedAction) = 1
, maxWait = 60000
, testQuery = select 1
, maxIdle = 20
, idleTimeOut(timeBetweenEvictionRunsMillis) = 300000
, lifo = true
, minEvictableIdleTimeMillis = 600000
, minIdle = 5
, numTestsPerEvictionRun = 3
, softMinEvictableIdleTimeMillis = -1
, testOnBorrow = false
, testOnReturn = false
, testWhileIdle = true
, maxBatchSize = 10000
, queryTimeout = -1
, productName = null
]
[2020-01-14 11:18:49:049] INFO  - <XCron-Server>DataSource <mproddatasource>
[2020-01-14 11:18:49:049] DEBUG - <XCron-Server>[ id = mproddatasource
, driverName = com.microsoft.jdbc.sqlserver.SQLServerDriver
, url = jdbc:Microsoft:sqlserver://10.48.241.43:1433;databaseName=msens_ob;integratedSecurity=false;failoverPartner=10.48.241.44
, user = {AES}tkUoArFZgt9kpayQiIMCtA==
, password = {AES}guUufQeMdvWVCVIfz8iiGQ==
, maxCapacity(maxActive) = 80
, exhaustedAction(whenExhaustedAction) = 1
, maxWait = 60000
, testQuery = select 1
, maxIdle = 20
, idleTimeOut(timeBetweenEvictionRunsMillis) = 300000
, lifo = true
, minEvictableIdleTimeMillis = 600000
, minIdle = 5
, numTestsPerEvictionRun = 3
, softMinEvictableIdleTimeMillis = -1
, testOnBorrow = false
, testOnReturn = false
, testWhileIdle = true
, maxBatchSize = 10000
, queryTimeout = -1
, productName = null
]
[2020-01-14 11:18:49:049] DEBUG - <XCron-Server>[ Name=from_date Length=8 DefaultValue= Type=STRING Direction=IN Validation= ]
[2020-01-14 11:18:49:049] DEBUG - <XCron-Server>[ Name=to_date Length=8 DefaultValue= Type=STRING Direction=IN Validation= ]
[2020-01-14 11:18:49:049] DEBUG - <XCron-Server>RequestGroup <db.tm.tb_user.select,db.msens.ms_usermaster_batch.insert,db.tm.tb_codebook_SYS999_SYS001.select,db.msens.ms_codebook_SYS001_SYS011.insert>
[2020-01-14 11:18:49:049] INFO  - <XCron-Server>Service <SVC_COM_001>
[2020-01-14 11:18:49:049] DEBUG - <XCron-Server>[ Name=from_date Length=8 DefaultValue= Type=STRING Direction=IN Validation= ]
[2020-01-14 11:18:49:049] DEBUG - <XCron-Server>[ Name=to_date Length=8 DefaultValue= Type=STRING Direction=IN Validation= ]
[2020-01-14 11:18:49:049] DEBUG - <XCron-Server>RequestGroup <db.tm.tb_group_info.select,db.msens.ms_dept.insert>
[2020-01-14 11:18:49:049] DEBUG - <XCron-Server>RequestGroup <db.tm.tb_codebook_SYS057.select,db.msens.ms_codebook_SYS002.insert>
[2020-01-14 11:18:49:049] INFO  - <XCron-Server>Service <SVC_COM_002>
[2020-01-14 11:18:49:049] DEBUG - <XCron-Server>RequestGroup <db.tm.tb_sc_code_mng.select,db.msens.tb_sc_code_mng.insert>
[2020-01-14 11:18:49:049] DEBUG - <XCron-Server>RequestGroup <db.tm.tb_sc_mng.select,db.msens.tb_sc_mng.insert>
[2020-01-14 11:18:49:049] DEBUG - <XCron-Server>RequestGroup <db.tm.tb_codebook_SYS119.select,db.msens.ms_codebook_SYS105.insert>
[2020-01-14 11:18:49:049] INFO  - <XCron-Server>Service <SVC_COM_003>
[2020-01-14 11:18:49:049] DEBUG - <XCron-Server>RequestGroup <db.msens.tb_qst_kind_mng.delete,db.tm.tb_qst_kind_mng.select,db.msens.tb_qst_kind_mng.insert>
[2020-01-14 11:18:49:049] INFO  - <XCron-Server>Service <SVC_COM_004>
[2020-01-14 11:18:49:049] DEBUG - <XCron-Server>[ Name=from_date Length=14 DefaultValue= Type=STRING Direction=IN Validation= ]
[2020-01-14 11:18:49:049] DEBUG - <XCron-Server>[ Name=to_date Length=14 DefaultValue= Type=STRING Direction=IN Validation= ]
[2020-01-14 11:18:49:049] DEBUG - <XCron-Server>RequestGroup <msens.xcron.hansol.qstmngWebaction>
[2020-01-14 11:18:49:049] INFO  - <XCron-Server>Service <SVC_COM_005>
[2020-01-14 11:18:49:049] DEBUG - <XCron-Server>RequestGroup <db.tm.tb_user_workmonth.select,db.msens.ms_usermaster_workmonth.update>
[2020-01-14 11:18:49:049] INFO  - <XCron-Server>Service <SVC_COM_006>
[2020-01-14 11:18:49:049] DEBUG - <XCron-Server>[ Name=from_date Length=14 DefaultValue= Type=STRING Direction=IN Validation= ]
[2020-01-14 11:18:49:049] DEBUG - <XCron-Server>[ Name=to_date Length=14 DefaultValue= Type=STRING Direction=IN Validation= ]
[2020-01-14 11:18:49:049] DEBUG - <XCron-Server>RequestGroup <msens.xcron.hansol.VRSParserWebaction>
[2020-01-14 11:18:49:049] INFO  - <XCron-Server>Service <SVC_COM_007>
[2020-01-14 11:18:49:049] DEBUG - <XCron-Server>RequestGroup <db.msens.ms_xcron_file_log.delete.term,db.msens.ms_xcron_service_log.delete.term>
[2020-01-14 11:18:49:049] DEBUG - <XCron-Server>RequestGroup <db.msens.ms_login_log.delete.term>
[2020-01-14 11:18:49:049] DEBUG - <XCron-Server>RequestGroup <db.msens.ms_player_log.delete.term>
[2020-01-14 11:18:49:049] DEBUG - <XCron-Server>RequestGroup <db.msens.ms_stt_rslt.delete.term>
[2020-01-14 11:18:49:049] INFO  - <XCron-Server>Service <SVC_COM_008>
[2020-01-14 11:18:49:049] INFO  - <XCron-Server>Service <SVC_COM_009>
[2020-01-14 11:18:49:049] DEBUG - <XCron-Server>RequestGroup <msens.xcron.hansol.wavfile.delete.action>
[2020-01-14 11:18:49:049] DEBUG - <XCron-Server>RequestGroup <msens.xcron.hansol.autoDownload.flag.update>
[2020-01-14 11:18:49:049] INFO  - <XCron-Server>Service <SVC_COM_010>
[2020-01-14 11:18:49:049] DEBUG - <XCron-Server>[ Name=from_date Length=10 DefaultValue= Type=STRING Direction=IN Validation= ]
[2020-01-14 11:18:49:049] DEBUG - <XCron-Server>RequestGroup <db.msens.ms_value_min.delete.term,db.msens.ms_value_usage.delete.term,db.msens.ms_value_usage_et.delete.term,db.msens.ms_value.delete.term>
[2020-01-14 11:18:49:049] INFO  - <XCron-Server>Service <SVC_COM_011>
[2020-01-14 11:18:49:049] DEBUG - <XCron-Server>RequestGroup <db.tm.tbia101.select,db.msens.ms_product.insert>
[2020-01-14 11:18:49:049] DEBUG - <XCron-Server>RequestGroup <db.tm.tbia102.select,db.msens.ms_dmbo.insert>
[2020-01-14 11:18:49:049] INFO  - <XCron-Server>Service <SVC_COM_012>
[2020-01-14 11:18:49:049] DEBUG - <XCron-Server>[ Name=from_date Length=8 DefaultValue= Type=STRING Direction=IN Validation= ]
[2020-01-14 11:18:49:049] DEBUG - <XCron-Server>[ Name=to_date Length=8 DefaultValue= Type=STRING Direction=IN Validation= ]
[2020-01-14 11:18:49:049] DEBUG - <XCron-Server>RequestGroup <db.tm.tb_pre_est_allocate_mng.select,db.msens.tb_pre_est_allocate_mng.insert>
[2020-01-14 11:18:49:049] INFO  - <XCron-Server>Service <SVC_COM_013>
[2020-01-14 11:18:49:049] DEBUG - <XCron-Server>[ Name=from_date Length=8 DefaultValue= Type=STRING Direction=IN Validation= ]
[2020-01-14 11:18:49:049] DEBUG - <XCron-Server>[ Name=to_date Length=8 DefaultValue= Type=STRING Direction=IN Validation= ]
[2020-01-14 11:18:49:049] DEBUG - <XCron-Server>RequestGroup <db.tm.tb_holiday.select,db.msens.ms_holiday_info.insert>
[2020-01-14 11:18:49:049] INFO  - <XCron-Server>Service <SVC_COM_014>
[2020-01-14 11:18:49:049] DEBUG - <XCron-Server>[ Name=from_date Length=8 DefaultValue= Type=STRING Direction=IN Validation= ]
[2020-01-14 11:18:49:049] DEBUG - <XCron-Server>[ Name=to_date Length=8 DefaultValue= Type=STRING Direction=IN Validation= ]
[2020-01-14 11:18:49:049] DEBUG - <XCron-Server>RequestGroup <db.tm.tb_insu_plan_mast.ass_user.select,db.msens.ms_stt_meta.ass_user.update>
[2020-01-14 11:18:49:049] DEBUG - <XCron-Server>RequestGroup <db.msens.ms_stt_meta.cur_con_ent_dgn_no.select,db.tm.tb_pre_est_history.est_info.select,db.msens.ms_pre_est_info.est_info.insert>
[2020-01-14 11:18:49:049] INFO  - <XCron-Server>Service <SVC_COM_015>
[2020-01-14 11:18:49:049] DEBUG - <XCron-Server>RequestGroup <db.uat.msens.tb_sc_code_mng.utp.select,db.msens.tb_sc_code_mng.utp.insert>
[2020-01-14 11:18:49:049] DEBUG - <XCron-Server>RequestGroup <db.uat.msens.tb_sc_mng.utp.select,db.msens.tb_sc_mng.utp.insert>
[2020-01-14 11:18:49:049] INFO  - <XCron-Server>Service <SVC_COM_016>
[2020-01-14 11:18:49:049] DEBUG - <XCron-Server>RequestGroup <db.msens.tb_qst_kind_mng.utp.delete,db.uat.msens.tb_qst_kind_mng.utp.select,db.msens.tb_qst_kind_mng.utp.insert>
[2020-01-14 11:18:49:049] INFO  - <XCron-Server>Service <SVC_COM_017>
[2020-01-14 11:18:49:049] DEBUG - <XCron-Server>RequestGroup <db.uat.msens.tb_codebook_SYS119.utp.select,db.msens.ms_codebook_SYS105.utp.insert>
[2020-01-14 11:18:49:049] INFO  - <XCron-Server>Service <SVC_COM_018>
[2020-01-14 11:18:49:049] DEBUG - <XCron-Server>RequestGroup <db.prod.msens.ms_ment_mng.utp.del,db.uat.msens.ms_ment_mng.utp.select,db.prod.msens.ms_ment_mng.utp.ins>
[2020-01-14 11:18:49:049] INFO  - <XCron-Server>Service <SVC_COM_019>
[2020-01-14 11:18:49:049] DEBUG - <XCron-Server>[ Name=from_date Length=8 DefaultValue= Type=STRING Direction=IN Validation= ]
[2020-01-14 11:18:49:049] DEBUG - <XCron-Server>RequestGroup <db.msens.ms_qc_work_stat.endtime.update, db.msens.ms_ins_timestamp.endtime.update>
[2020-01-14 11:18:49:049] DEBUG - <XCron-Server>RequestGroup <db.msens.ms_qc_work_stat.sum.select, db.msens.ms_qc_work_sum.sum.insert, db.msens.ms_qc_work_stat.delete>
[2020-01-14 11:18:49:049] DEBUG - <XCron-Server>RequestGroup <db.msens.ms_ins_timestamp.sum.select, db.msens.ms_ins_timestamp_sum.sum.insert, db.msens.ms_ins_timestamp.delete>
[2020-01-14 11:18:49:049] INFO  - <XCron-Server>Service <SVC_COM_020>
[2020-01-14 11:18:49:049] DEBUG - <XCron-Server>[ Name=from_date Length=14 DefaultValue= Type=STRING Direction=IN Validation= ]
[2020-01-14 11:18:49:049] DEBUG - <XCron-Server>RequestGroup <db.msens.ms_stt_result.delete.term>
[2020-01-14 11:18:49:049] DEBUG - <XCron-Server>RequestGroup <db.msens.ms_stt_meta.delete.term>
[2020-01-14 11:18:49:049] DEBUG - <XCron-Server>RequestGroup <db.msens.ms_script_result.delete.term>
[2020-01-14 11:18:49:049] DEBUG - <XCron-Server>RequestGroup <db.msens.ms_search_result.delete.term>
[2020-01-14 11:18:49:049] DEBUG - <XCron-Server>RequestGroup <db.msens.ms_grade_result.delete.term>
[2020-01-14 11:18:49:049] DEBUG - <XCron-Server>RequestGroup <db.msens.ms_bef_est_score.delete.term>
[2020-01-14 11:18:49:049] DEBUG - <XCron-Server>RequestGroup <db.msens.ms_bef_mrls.delete.term>
[2020-01-14 11:18:49:049] INFO  - <XCron-Server>Service <SVC_COM_021>
[2020-01-14 11:18:49:049] DEBUG - <XCron-Server>[ Name=from_date Length=8 DefaultValue= Type=STRING Direction=IN Validation= ]
[2020-01-14 11:18:49:049] DEBUG - <XCron-Server>[ Name=to_date Length=8 DefaultValue= Type=STRING Direction=IN Validation= ]
[2020-01-14 11:18:49:049] DEBUG - <XCron-Server>RequestGroup <db.msens.tb_reject_list.select,db.msens.ms_reject_list.insert>
[2020-01-14 11:18:49:049] INFO  - <XCron-Server>Service <SVC_COM_022>
[2020-01-14 11:18:49:049] DEBUG - <XCron-Server>[ Name=from_date Length=14 DefaultValue= Type=STRING Direction=IN Validation= ]
[2020-01-14 11:18:49:049] DEBUG - <XCron-Server>RequestGroup <db.msens.tb_sc_qst_mng.delete.term>
[2020-01-14 11:18:49:049] INFO  - <XCron-Server>Service <SVC_COM_023>
[2020-01-14 11:18:49:049] DEBUG - <XCron-Server>RequestGroup <msens.xcron.hansol.sttmetawebaction>
[2020-01-14 11:18:49:049] INFO  - <XCron-Server>Service <SVC_MS_001>
[2020-01-14 11:18:49:049] DEBUG - <XCron-Server>RequestGroup <msens.xcron.hansol.sttmetawebaction2>
[2020-01-14 11:18:49:049] INFO  - <XCron-Server>Service <SVC_MS_001_1>
[2020-01-14 11:18:49:049] DEBUG - <XCron-Server>RequestGroup <msens.xcron.hansol.scriptResultWebAction>
[2020-01-14 11:18:49:049] INFO  - <XCron-Server>Service <SVC_MS_002>
[2020-01-14 11:18:49:049] DEBUG - <XCron-Server>RequestGroup <msens.xcron.hansol.scriptResultWebAction2>
[2020-01-14 11:18:49:049] INFO  - <XCron-Server>Service <SVC_MS_002_1>
[2020-01-14 11:18:49:049] DEBUG - <XCron-Server>RequestGroup <msens.xcron.hansol.searchResultWebAction>
[2020-01-14 11:18:49:049] INFO  - <XCron-Server>Service <SVC_MS_003>
[2020-01-14 11:18:49:049] DEBUG - <XCron-Server>RequestGroup <msens.xcron.hansol.searchResultWebAction2>
[2020-01-14 11:18:49:049] INFO  - <XCron-Server>Service <SVC_MS_003_1>
[2020-01-14 11:18:49:049] DEBUG - <XCron-Server>RequestGroup <msens.xcron.hansol.graderesultwebaction>
[2020-01-14 11:18:49:049] INFO  - <XCron-Server>Service <SVC_MS_004>
[2020-01-14 11:18:49:049] DEBUG - <XCron-Server>RequestGroup <msens.xcron.hansol.graderesultwebaction2>
[2020-01-14 11:18:49:049] INFO  - <XCron-Server>Service <SVC_MS_004_1>
[2020-01-14 11:18:49:049] DEBUG - <XCron-Server>RequestGroup <msens.xcron.hansol.autoAssignwebaction>
[2020-01-14 11:18:49:049] INFO  - <XCron-Server>Service <SVC_MS_005>
[2020-01-14 11:18:49:049] DEBUG - <XCron-Server>RequestGroup <msens.xcron.hansol.autoAssignwebaction2>
[2020-01-14 11:18:49:049] INFO  - <XCron-Server>Service <SVC_MS_005_1>
[2020-01-14 11:18:49:049] DEBUG - <XCron-Server>RequestGroup <msens.xcron.hansol.systeminfocachecall>
[2020-01-14 11:18:49:049] INFO  - <XCron-Server>Service <SVC_MS_007>
[2020-01-14 11:18:49:049] DEBUG - <XCron-Server>RequestGroup <msens.xcron.hansol.getRealtimewebaction>
[2020-01-14 11:18:49:049] INFO  - <XCron-Server>Service <SVC_MS_008>
[2020-01-14 11:18:49:049] DEBUG - <XCron-Server>RequestGroup <msens.xcron.hansol.getRealtimewebaction2>
[2020-01-14 11:18:49:049] INFO  - <XCron-Server>Service <SVC_MS_008_1>
[2020-01-14 11:18:49:049] DEBUG - <XCron-Server>[ Name=from_date Length=8 DefaultValue= Type=STRING Direction=IN Validation= ]
[2020-01-14 11:18:49:049] DEBUG - <XCron-Server>[ Name=to_date Length=8 DefaultValue= Type=STRING Direction=IN Validation= ]
[2020-01-14 11:18:49:049] DEBUG - <XCron-Server>RequestGroup <db.msens.ms_stt_meta_flages.update>
[2020-01-14 11:18:49:049] INFO  - <XCron-Server>Service <SVC_MS_009>
[2020-01-14 11:18:49:049] DEBUG - <XCron-Server>RequestGroup <msens.xcron.hansol.sttContentSplitWebaction>
[2020-01-14 11:18:49:049] INFO  - <XCron-Server>Service <SVC_MS_012>
[2020-01-14 11:18:49:049] DEBUG - <XCron-Server>RequestGroup <msens.xcron.hansol.sttContentSplitWebaction2>
[2020-01-14 11:18:49:049] INFO  - <XCron-Server>Service <SVC_MS_012_1>
[2020-01-14 11:18:49:049] DEBUG - <XCron-Server>RequestGroup <db.tm.tb_pre_est_history.select, db.msens.tm.tb_pre_est_history.insert>
[2020-01-14 11:18:49:049] DEBUG - <XCron-Server>RequestGroup <db.tm.ms_bef_est_score.select,db.msens.ms_bef_est_score.insert>
[2020-01-14 11:18:49:049] INFO  - <XCron-Server>Service <SVC_MS_013>
[2020-01-14 11:18:49:049] DEBUG - <XCron-Server>RequestGroup <msens.xcron.hansol.codeutilWebaction>
[2020-01-14 11:18:49:049] INFO  - <XCron-Server>Service <SVC_MS_020>
[2020-01-14 11:18:49:049] DEBUG - <XCron-Server>[ Name=from_date Length=8 DefaultValue= Type=STRING Direction=IN Validation= ]
[2020-01-14 11:18:49:049] DEBUG - <XCron-Server>[ Name=to_date Length=8 DefaultValue= Type=STRING Direction=IN Validation= ]
[2020-01-14 11:18:49:049] DEBUG - <XCron-Server>RequestGroup <msens.xcron.hansol.sttBulkWebAction>
[2020-01-14 11:18:49:049] INFO  - <XCron-Server>Service <SVC_MS_014>
[2020-01-14 11:18:49:049] DEBUG - <XCron-Server>RequestGroup <msens.xcron.hansol.qstmngbulkWebaction>
[2020-01-14 11:18:49:049] INFO  - <XCron-Server>Service <SVC_BATCH_001>
[2020-01-14 11:18:49:049] DEBUG - <XCron-Server>RequestGroup <msens.xcron.hansol.autoDownload>
[2020-01-14 11:18:49:049] INFO  - <XCron-Server>Service <SVC_MS_015>
[2020-01-14 11:18:49:049] DEBUG - <XCron-Server>[ Name=from_date Length=8 DefaultValue= Type=STRING Direction=IN Validation= ]
[2020-01-14 11:18:49:049] DEBUG - <XCron-Server>[ Name=to_date Length=8 DefaultValue= Type=STRING Direction=IN Validation= ]
[2020-01-14 11:18:49:049] DEBUG - <XCron-Server>RequestGroup <db.tm.getBefMrLs,db.msens.ms_bef_mrls_list.insert>
[2020-01-14 11:18:49:049] INFO  - <XCron-Server>Service <SVC_MS_016>
[2020-01-14 11:18:49:049] DEBUG - <XCron-Server>RequestGroup <msens.xcron.hansol.mrLsListWebAction>
[2020-01-14 11:18:49:049] INFO  - <XCron-Server>Service <SVC_MS_017>
[2020-01-14 11:18:49:049] DEBUG - <XCron-Server>[ id = msens.xcron.hansol.codeutilWebaction
, resultName = 
, batchName = 
, dataSource = 
, parameter = 
, initialize = import java.io.BufferedReader;
						import java.io.InputStreamReader;
						import java.net.URL;
						import java.net.URLConnection;
						import com.inticube.xcron.logs.Logger;
						import java.net.InetAddress;
						
						try {
							String serverIp = InetAddress.getLocalHost().getHostAddress();
							//String sUrl = "http://10.48.241.41:8080/msens/cs.com.codeutil.refresh.do?cmd=refresh";
							
							String sUrl = "http://"+serverIp+":8080/msens/cs.com.codeutil.refresh.do?cmd=refresh";
							
							URL url = new URL(sUrl);
							URLConnection urlConnection = url.openConnection();
							            
							BufferedReader in = new BufferedReader(new InputStreamReader(urlConnection.getInputStream()));
							
							String inputLine = "";
										
							while ((inputLine = in.readLine()) != null) { 
								System.out.println(inputLine);
							}
							
							in.close();
						} catch(Exception e) {
							Logger.error(e.getMessage(), e);
						}
. finalize = 
. validationAction = Skip
]
[2020-01-14 11:18:49:049] DEBUG - <XCron-Server>[ id = msens.xcron.hansol.sttmetawebaction
, resultName = 
, batchName = 
, dataSource = 
, parameter = 
, initialize = import java.io.BufferedReader;
						import java.io.InputStreamReader;
						import java.net.URL;
						import java.net.URLConnection;
						import com.inticube.xcron.logs.Logger;
						import java.net.InetAddress;
						
						try {
							String serverIp = InetAddress.getLocalHost().getHostAddress();
							String sUrl = "http://"+serverIp+":8080/msens/msens.xcron.hansol.sttmetawebaction.do";
							
							//String sUrl = "http://10.48.241.41:8080/msens/msens.xcron.hansol.sttmetawebaction.do";
							URL url = new URL(sUrl);
							URLConnection urlConnection = url.openConnection();
							            
							BufferedReader in = new BufferedReader(new InputStreamReader(urlConnection.getInputStream()));
							
							String inputLine = "";
										
							while ((inputLine = in.readLine()) != null) { 
								System.out.println(inputLine);
							}
							
							in.close();
						} catch(Exception e) {
							Logger.error(e.getMessage(), e);
						}
. finalize = 
. validationAction = Skip
]
[2020-01-14 11:18:49:049] DEBUG - <XCron-Server>[ id = msens.xcron.hansol.sttmetawebaction2
, resultName = 
, batchName = 
, dataSource = 
, parameter = 
, initialize = import java.io.BufferedReader;
						import java.io.InputStreamReader;
						import java.net.URL;
						import java.net.URLConnection;
						import com.inticube.xcron.logs.Logger;
						import java.net.InetAddress;
						
						try {
							String serverIp = InetAddress.getLocalHost().getHostAddress();
							String sUrl = "http://"+serverIp+":8080/msens/msens.xcron.hansol.sttmetawebaction.do";
							//String sUrl = "http://10.48.241.41:8080/msens/msens.xcron.hansol.sttmetawebaction.do";
							URL url = new URL(sUrl);
							URLConnection urlConnection = url.openConnection();
							            
							BufferedReader in = new BufferedReader(new InputStreamReader(urlConnection.getInputStream()));
							
							String inputLine = "";
										
							while ((inputLine = in.readLine()) != null) { 
								System.out.println(inputLine);
							}
							
							in.close();
						} catch(Exception e) {
							Logger.error(e.getMessage(), e);
						}
. finalize = 
. validationAction = Skip
]
[2020-01-14 11:18:49:049] DEBUG - <XCron-Server>[ id = msens.xcron.hansol.scriptResultWebAction
, resultName = 
, batchName = 
, dataSource = 
, parameter = 
, initialize = import java.io.BufferedReader;
						import java.io.InputStreamReader;
						import java.net.URL;
						import java.net.URLConnection;
						import com.inticube.xcron.logs.Logger;
						import java.net.InetAddress;
						
						
						try {
							String serverIp = InetAddress.getLocalHost().getHostAddress();
							String sUrl = "http://"+serverIp+":8080/msens/msens.xcron.hansol.scriptresultwebaction.do";
							//String sUrl = "http://10.48.241.41:8080/msens/msens.xcron.hansol.scriptresultwebaction.do";
							URL url = new URL(sUrl);
							URLConnection urlConnection = url.openConnection();
							            
							BufferedReader in = new BufferedReader(new InputStreamReader(urlConnection.getInputStream()));
							
							String inputLine = "";
										
							while ((inputLine = in.readLine()) != null) { 
								System.out.println(inputLine);
							}
							
							in.close();
						} catch(Exception e) {
							Logger.error(e.getMessage(), e);
						}
. finalize = 
. validationAction = Skip
]
[2020-01-14 11:18:49:049] DEBUG - <XCron-Server>[ id = msens.xcron.hansol.scriptResultWebAction2
, resultName = 
, batchName = 
, dataSource = 
, parameter = 
, initialize = import java.io.BufferedReader;
						import java.io.InputStreamReader;
						import java.net.URL;
						import java.net.URLConnection;
						import com.inticube.xcron.logs.Logger;
						import java.net.InetAddress;
						
						try {
							String serverIp = InetAddress.getLocalHost().getHostAddress();
							String sUrl = "http://"+serverIp+":8080/msens/msens.xcron.hansol.scriptresultwebaction.do";
							//String sUrl = "http://10.48.241.41:8080/msens/msens.xcron.hansol.scriptresultwebaction.do";
							URL url = new URL(sUrl);
							URLConnection urlConnection = url.openConnection();
							            
							BufferedReader in = new BufferedReader(new InputStreamReader(urlConnection.getInputStream()));
							
							String inputLine = "";
										
							while ((inputLine = in.readLine()) != null) { 
								System.out.println(inputLine);
							}
							
							in.close();
						} catch(Exception e) {
							Logger.error(e.getMessage(), e);
						}
. finalize = 
. validationAction = Skip
]
[2020-01-14 11:18:49:049] DEBUG - <XCron-Server>[ id = msens.xcron.hansol.searchResultWebAction
, resultName = 
, batchName = 
, dataSource = 
, parameter = 
, initialize = import java.io.BufferedReader;
						import java.io.InputStreamReader;
						import java.net.URL;
						import java.net.URLConnection;
						import com.inticube.xcron.logs.Logger;
						import java.net.InetAddress;
						
						try {
							String serverIp = InetAddress.getLocalHost().getHostAddress();
							String sUrl = "http://"+serverIp+":8080/msens/msens.xcron.hansol.searchResultWebAction.do";
							//String sUrl = "http://10.48.241.41:8080/msens/msens.xcron.hansol.searchResultWebAction.do";
							URL url = new URL(sUrl);
							URLConnection urlConnection = url.openConnection();
							            
							BufferedReader in = new BufferedReader(new InputStreamReader(urlConnection.getInputStream()));
							
							String inputLine = "";
										
							while ((inputLine = in.readLine()) != null) { 
								System.out.println(inputLine);
							}
							
							in.close();
						} catch(Exception e) {
							Logger.error(e.getMessage(), e);
						}
. finalize = 
. validationAction = Skip
]
[2020-01-14 11:18:49:049] DEBUG - <XCron-Server>[ id = msens.xcron.hansol.searchResultWebAction2
, resultName = 
, batchName = 
, dataSource = 
, parameter = 
, initialize = import java.io.BufferedReader;
						import java.io.InputStreamReader;
						import java.net.URL;
						import java.net.URLConnection;
						import com.inticube.xcron.logs.Logger;
						import java.net.InetAddress;
						
						try {
							String serverIp = InetAddress.getLocalHost().getHostAddress();
							String sUrl = "http://"+serverIp+":8080/msens/msens.xcron.hansol.searchResultWebAction.do";
							//String sUrl = "http://10.48.241.41:8080/msens/msens.xcron.hansol.searchResultWebAction.do";
							URL url = new URL(sUrl);
							URLConnection urlConnection = url.openConnection();
							            
							BufferedReader in = new BufferedReader(new InputStreamReader(urlConnection.getInputStream()));
							
							String inputLine = "";
										
							while ((inputLine = in.readLine()) != null) { 
								System.out.println(inputLine);
							}
							
							in.close();
						} catch(Exception e) {
							Logger.error(e.getMessage(), e);
						}
. finalize = 
. validationAction = Skip
]
[2020-01-14 11:18:49:049] DEBUG - <XCron-Server>[ id = msens.xcron.hansol.graderesultwebaction
, resultName = 
, batchName = 
, dataSource = 
, parameter = 
, initialize = import java.io.BufferedReader;
						import java.io.InputStreamReader;
						import java.net.URL;
						import java.net.URLConnection;
						import com.inticube.xcron.logs.Logger;
						import java.net.InetAddress;
						
						try {
							String serverIp = InetAddress.getLocalHost().getHostAddress();
							String sUrl = "http://"+serverIp+":8080/msens/msens.xcron.hansol.graderesultwebaction.do";
							//String sUrl = "http://10.48.241.41:8080/msens/msens.xcron.hansol.graderesultwebaction.do";
							URL url = new URL(sUrl);
							URLConnection urlConnection = url.openConnection();
							            
							BufferedReader in = new BufferedReader(new InputStreamReader(urlConnection.getInputStream()));
							
							String inputLine = "";
										
							while ((inputLine = in.readLine()) != null) { 
								System.out.println(inputLine);
							}
							
							in.close();
						} catch(Exception e) {
							Logger.error(e.getMessage(), e);
						}
. finalize = 
. validationAction = Skip
]
[2020-01-14 11:18:49:049] DEBUG - <XCron-Server>[ id = msens.xcron.hansol.graderesultwebaction2
, resultName = 
, batchName = 
, dataSource = 
, parameter = 
, initialize = import java.io.BufferedReader;
						import java.io.InputStreamReader;
						import java.net.URL;
						import java.net.URLConnection;
						import com.inticube.xcron.logs.Logger;
						import java.net.InetAddress;
						
						try {
							String serverIp = InetAddress.getLocalHost().getHostAddress();
							String sUrl = "http://"+serverIp+":8080/msens/msens.xcron.hansol.graderesultwebaction.do";
							//String sUrl = "http://10.48.241.41:8080/msens/msens.xcron.hansol.graderesultwebaction.do";
							URL url = new URL(sUrl);
							URLConnection urlConnection = url.openConnection();
							            
							BufferedReader in = new BufferedReader(new InputStreamReader(urlConnection.getInputStream()));
							
							String inputLine = "";
										
							while ((inputLine = in.readLine()) != null) { 
								System.out.println(inputLine);
							}
							
							in.close();
						} catch(Exception e) {
							Logger.error(e.getMessage(), e);
						}
. finalize = 
. validationAction = Skip
]
[2020-01-14 11:18:49:049] DEBUG - <XCron-Server>[ id = msens.xcron.hansol.autoAssignwebaction
, resultName = 
, batchName = 
, dataSource = 
, parameter = 
, initialize = import java.io.BufferedReader;
						import java.io.InputStreamReader;
						import java.net.URL;
						import java.net.URLConnection;
						import com.inticube.xcron.logs.Logger;
						import java.net.InetAddress;
						
						try {
							String serverIp = InetAddress.getLocalHost().getHostAddress();
							String sUrl = "http://"+serverIp+":8080/msens/msens.xcron.hansol.autoAssignwebaction.do";
							//String sUrl = "http://10.48.241.41:8080/msens/msens.xcron.hansol.autoAssignwebaction.do";
							URL url = new URL(sUrl);
							URLConnection urlConnection = url.openConnection();
							            
							BufferedReader in = new BufferedReader(new InputStreamReader(urlConnection.getInputStream()));
							
							String inputLine = "";
										
							while ((inputLine = in.readLine()) != null) { 
								System.out.println(inputLine);
							}
							
							in.close();
						} catch(Exception e) {
							Logger.error(e.getMessage(), e);
						}
. finalize = 
. validationAction = Skip
]
[2020-01-14 11:18:49:049] DEBUG - <XCron-Server>[ id = msens.xcron.hansol.autoAssignwebaction2
, resultName = 
, batchName = 
, dataSource = 
, parameter = 
, initialize = import java.io.BufferedReader;
						import java.io.InputStreamReader;
						import java.net.URL;
						import java.net.URLConnection;
						import com.inticube.xcron.logs.Logger;
						import java.net.InetAddress;
						
						try {
							String serverIp = InetAddress.getLocalHost().getHostAddress();
							String sUrl = "http://"+serverIp+":8080/msens/msens.xcron.hansol.autoAssignwebaction.do";
							//String sUrl = "http://10.48.241.41:8080/msens/msens.xcron.hansol.autoAssignwebaction.do";
							URL url = new URL(sUrl);
							URLConnection urlConnection = url.openConnection();
							            
							BufferedReader in = new BufferedReader(new InputStreamReader(urlConnection.getInputStream()));
							
							String inputLine = "";
										
							while ((inputLine = in.readLine()) != null) { 
								System.out.println(inputLine);
							}
							
							in.close();
						} catch(Exception e) {
							Logger.error(e.getMessage(), e);
						}
. finalize = 
. validationAction = Skip
]
[2020-01-14 11:18:49:049] DEBUG - <XCron-Server>[ id = msens.xcron.hansol.dashboardcachecall
, resultName = 
, batchName = 
, dataSource = 
, parameter = 
, initialize = import java.io.BufferedReader;
						import java.io.InputStreamReader;
						import java.net.URL;
						import java.net.URLConnection;
						import com.inticube.xcron.logs.Logger;
						import java.net.InetAddress;
						
						try {
							String serverIp = InetAddress.getLocalHost().getHostAddress();
							String sUrl = "http://"+serverIp+":8080/msens/msens.xcron.hansol.dashboardcachecall.do";
							//String sUrl = "http://10.48.241.41:8080/msens/msens.xcron.hansol.dashboardcachecall.do";
							URL url = new URL(sUrl);
							URLConnection urlConnection = url.openConnection();
							            
							BufferedReader in = new BufferedReader(new InputStreamReader(urlConnection.getInputStream()));
							
							String inputLine = "";
										
							while ((inputLine = in.readLine()) != null) { 
								System.out.println(inputLine);
							}
							
							in.close();
						} catch(Exception e) {
							Logger.error(e.getMessage(), e);
						}
. finalize = 
. validationAction = Skip
]
[2020-01-14 11:18:49:049] DEBUG - <XCron-Server>[ id = msens.xcron.hansol.qstmngWebaction
, resultName = 
, batchName = 
, dataSource = 
, parameter = 
, initialize = import java.io.BufferedReader;
						import java.io.InputStreamReader;
						import java.net.URL;
						import java.net.URLConnection;
						import com.inticube.xcron.logs.Logger;
						import java.net.InetAddress;
						
						try {
							String serverIp = InetAddress.getLocalHost().getHostAddress();
							String sUrl = "http://"+serverIp+":8080/msens/msens.xcron.hansol.qstMngWebaction.do";
							//String sUrl = "http://10.48.241.41:8080/msens/msens.xcron.hansol.qstMngWebaction.do";
							
							String from_date = params.getValue("#PARAM").getString("from_date");
							String to_date = params.getValue("#PARAM").getString("to_date");
							//if(from_date.equals("")) from_date = "";
							//파라미터 안보내면 어제꺼 작업함.
							sUrl += "?from_date=" + from_date + "&to_date=" + to_date;
							
							URL url = new URL(sUrl);
							URLConnection urlConnection = url.openConnection();
							            
							BufferedReader in = new BufferedReader(new InputStreamReader(urlConnection.getInputStream()));
							
							String inputLine = "";
										
							while ((inputLine = in.readLine()) != null) { 
								System.out.println(inputLine);
							}
							
							in.close();
						} catch(Exception e) {
							Logger.error(e.getMessage(), e);
						}
. finalize = 
. validationAction = Skip
]
[2020-01-14 11:18:49:049] DEBUG - <XCron-Server>[ id = msens.xcron.hansol.VRSParserWebaction
, resultName = 
, batchName = 
, dataSource = 
, parameter = 
, initialize = import java.io.BufferedReader;
						import java.io.InputStreamReader;
						import java.net.URL;
						import java.net.URLConnection;
						import com.inticube.xcron.logs.Logger;
						import java.net.InetAddress;
						
						try {
							String serverIp = InetAddress.getLocalHost().getHostAddress();
							String sUrl = "http://"+serverIp+":8080/msens/msens.xcron.hansol.VRSParserWebAction.do";
							//String sUrl = "http://10.48.241.41:8080/msens/msens.xcron.hansol.VRSParserWebAction.do";
								
							String from_date = params.getValue("#PARAM").getString("from_date");
							String to_date = params.getValue("#PARAM").getString("to_date");
							sUrl += "?from_date=" + from_date + "&to_date=" + to_date;
	
							URL url = new URL(sUrl);
							URLConnection urlConnection = url.openConnection();
							            
							BufferedReader in = new BufferedReader(new InputStreamReader(urlConnection.getInputStream()));
							
							String inputLine = "";
										
							while ((inputLine = in.readLine()) != null) { 
								System.out.println(inputLine);
							}
							
							in.close();
						} catch(Exception e) {
							Logger.error(e.getMessage(), e);
						}
. finalize = 
. validationAction = Skip
]
[2020-01-14 11:18:49:049] DEBUG - <XCron-Server>[ id = msens.xcron.hansol.alarmmonitoringcachecall
, resultName = 
, batchName = 
, dataSource = 
, parameter = 
, initialize = import java.io.BufferedReader;
						import java.io.InputStreamReader;
						import java.net.URL;
						import java.net.URLConnection;
						import com.inticube.xcron.logs.Logger;
						import java.net.InetAddress;
						
						try {
							String serverIp = InetAddress.getLocalHost().getHostAddress();
							String sUrl = "http://"+serverIp+":8080/msens/msens.xcron.hansol.alarmmonitoringcachecall.do";
							//String sUrl = "http://10.48.241.41:8080/msens/msens.xcron.hansol.alarmmonitoringcachecall.do";
							URL url = new URL(sUrl);
							URLConnection urlConnection = url.openConnection();
							            
							BufferedReader in = new BufferedReader(new InputStreamReader(urlConnection.getInputStream()));
							
							String inputLine = "";
										
							while ((inputLine = in.readLine()) != null) { 
								System.out.println(inputLine);
							}
							
							in.close();
						} catch(Exception e) {
							Logger.error(e.getMessage(), e);
						}
. finalize = 
. validationAction = Skip
]
[2020-01-14 11:18:50:050] DEBUG - <XCron-Server>[ id = msens.xcron.hansol.systeminfocachecall
, resultName = 
, batchName = 
, dataSource = 
, parameter = 
, initialize = import java.io.BufferedReader;
						import java.io.InputStreamReader;
						import java.net.URL;
						import java.net.URLConnection;
						import com.inticube.xcron.logs.Logger;
						import java.net.InetAddress;
						
						try {
							String serverIp = InetAddress.getLocalHost().getHostAddress();
							String sUrl = "http://"+serverIp+":8080/msens/msens.xcron.hansol.systeminfocachecall.do";
							//String sUrl = "http://10.48.241.41:8080/msens/msens.xcron.hansol.systeminfocachecall.do";
							URL url = new URL(sUrl);
							URLConnection urlConnection = url.openConnection();
							            
							BufferedReader in = new BufferedReader(new InputStreamReader(urlConnection.getInputStream()));
							
							String inputLine = "";
										
							while ((inputLine = in.readLine()) != null) { 
								System.out.println(inputLine);
							}
							
							in.close();
						} catch(Exception e) {
							Logger.error(e.getMessage(), e);
						}
. finalize = 
. validationAction = Skip
]
[2020-01-14 11:18:50:050] DEBUG - <XCron-Server>[ id = msens.xcron.hansol.getRealtimewebaction
, resultName = 
, batchName = 
, dataSource = 
, parameter = 
, initialize = import java.io.BufferedReader;
						import java.io.InputStreamReader;
						import java.net.URL;
						import java.net.URLConnection;
						import com.inticube.xcron.logs.Logger;
						import java.net.InetAddress;
						
						try {
							String serverIp = InetAddress.getLocalHost().getHostAddress();
							String sUrl = "http://"+serverIp+":8080/msens/msens.xcron.hansol.getRealtimewebaction.do";
							//String sUrl = "http://10.48.241.41:8080/msens/msens.xcron.hansol.getRealtimewebaction.do";
							URL url = new URL(sUrl);
							URLConnection urlConnection = url.openConnection();
							            
							BufferedReader in = new BufferedReader(new InputStreamReader(urlConnection.getInputStream()));
							
							String inputLine = "";
										
							while ((inputLine = in.readLine()) != null) { 
								System.out.println(inputLine);
							}
							
							in.close();
						} catch(Exception e) {
							Logger.error(e.getMessage(), e);
						}
. finalize = 
. validationAction = Skip
]
[2020-01-14 11:18:50:050] DEBUG - <XCron-Server>[ id = msens.xcron.hansol.getRealtimewebaction2
, resultName = 
, batchName = 
, dataSource = 
, parameter = 
, initialize = import java.io.BufferedReader;
						import java.io.InputStreamReader;
						import java.net.URL;
						import java.net.URLConnection;
						import com.inticube.xcron.logs.Logger;
						import java.net.InetAddress;
						
						try {
							String serverIp = InetAddress.getLocalHost().getHostAddress();
							String sUrl = "http://"+serverIp+":8080/msens/msens.xcron.hansol.getRealtimewebaction.do";
							//String sUrl = "http://10.48.241.41:8080/msens/msens.xcron.hansol.getRealtimewebaction.do";
							URL url = new URL(sUrl);
							URLConnection urlConnection = url.openConnection();
							            
							BufferedReader in = new BufferedReader(new InputStreamReader(urlConnection.getInputStream()));
							
							String inputLine = "";
										
							while ((inputLine = in.readLine()) != null) { 
								System.out.println(inputLine);
							}
							
							in.close();
						} catch(Exception e) {
							Logger.error(e.getMessage(), e);
						}
. finalize = 
. validationAction = Skip
]
[2020-01-14 11:18:50:050] DEBUG - <XCron-Server>[ id = msens.xcron.hansol.sttEncryptWebaction
, resultName = 
, batchName = 
, dataSource = 
, parameter = 
, initialize = import java.io.BufferedReader;
						import java.io.InputStreamReader;
						import java.net.URL;
						import java.net.URLConnection;
						import com.inticube.xcron.logs.Logger;
						import java.net.InetAddress;
						
						try {
							String serverIp = InetAddress.getLocalHost().getHostAddress();
							String sUrl = "http://"+serverIp+":8080/msens/msens.xcron.hansol.sttEncryptWebaction.do";
							//String sUrl = "http://10.48.241.41:8080/msens/msens.xcron.hansol.sttEncryptWebaction.do";
							URL url = new URL(sUrl);
							URLConnection urlConnection = url.openConnection();
							            
							BufferedReader in = new BufferedReader(new InputStreamReader(urlConnection.getInputStream()));
							
							String inputLine = "";
										
							while ((inputLine = in.readLine()) != null) { 
								System.out.println(inputLine);
							}
							
							in.close();
						} catch(Exception e) {
							Logger.error(e.getMessage(), e);
						}
. finalize = 
. validationAction = Skip
]
[2020-01-14 11:18:50:050] DEBUG - <XCron-Server>[ id = msens.xcron.hansol.sttContentSplitWebaction
, resultName = 
, batchName = 
, dataSource = 
, parameter = 
, initialize = import java.io.BufferedReader;
						import java.io.InputStreamReader;
						import java.net.URL;
						import java.net.URLConnection;
						import com.inticube.xcron.logs.Logger;
						import java.net.InetAddress;
						
						try {
							String serverIp = InetAddress.getLocalHost().getHostAddress();
							String sUrl = "http://"+serverIp+":8080/msens/msens.xcron.hansol.sttContentSplitWebaction.do";
							//String sUrl = "http://10.48.241.41:8080/msens/msens.xcron.hansol.sttContentSplitWebaction.do";
							URL url = new URL(sUrl);
							URLConnection urlConnection = url.openConnection();
							            
							BufferedReader in = new BufferedReader(new InputStreamReader(urlConnection.getInputStream()));
							
							String inputLine = "";
										
							while ((inputLine = in.readLine()) != null) { 
								System.out.println(inputLine);
							}
							
							in.close();
						} catch(Exception e) {
							Logger.error(e.getMessage(), e);
						}
. finalize = 
. validationAction = Skip
]
[2020-01-14 11:18:50:050] DEBUG - <XCron-Server>[ id = msens.xcron.hansol.sttContentSplitWebaction2
, resultName = 
, batchName = 
, dataSource = 
, parameter = 
, initialize = import java.io.BufferedReader;
						import java.io.InputStreamReader;
						import java.net.URL;
						import java.net.URLConnection;
						import com.inticube.xcron.logs.Logger;
						import java.net.InetAddress;
						
						try {
							String serverIp = InetAddress.getLocalHost().getHostAddress();
							String sUrl = "http://"+serverIp+":8080/msens/msens.xcron.hansol.sttContentSplitWebaction.do";
							//String sUrl = "http://10.48.241.41:8080/msens/msens.xcron.hansol.sttContentSplitWebaction.do";
							URL url = new URL(sUrl);
							URLConnection urlConnection = url.openConnection();
							            
							BufferedReader in = new BufferedReader(new InputStreamReader(urlConnection.getInputStream()));
							
							String inputLine = "";
										
							while ((inputLine = in.readLine()) != null) { 
								System.out.println(inputLine);
							}
							
							in.close();
						} catch(Exception e) {
							Logger.error(e.getMessage(), e);
						}
. finalize = 
. validationAction = Skip
]
[2020-01-14 11:18:50:050] DEBUG - <XCron-Server>[ id = msens.xcron.hansol.sttBulkWebAction
, resultName = 
, batchName = 
, dataSource = 
, parameter = 
, initialize = import java.io.BufferedReader;
						import java.io.InputStreamReader;
						import java.net.URL;
						import java.net.URLConnection;
						import com.inticube.xcron.logs.Logger;
						import java.net.InetAddress;
						
						try {
							String serverIp = InetAddress.getLocalHost().getHostAddress();
							String sUrl = "http://"+serverIp+":8080/msens/msens.xcron.hansol.sttBulkWebAction.do";
							//String sUrl = "http://10.48.241.41:8080/msens/msens.xcron.hansol.sttBulkWebAction.do";
														
							String from_date = params.getValue("#PARAM").getString("from_date");
							String to_date = params.getValue("#PARAM").getString("to_date");
							
							sUrl += "?from_date=" + from_date + "&to_date=" + to_date;
	
							URL url = new URL(sUrl);
							URLConnection urlConnection = url.openConnection();
							            
							BufferedReader in = new BufferedReader(new InputStreamReader(urlConnection.getInputStream()));
							
							String inputLine = "";
										
							while ((inputLine = in.readLine()) != null) { 
								System.out.println(inputLine);
							}
							
							in.close();
						} catch(Exception e) {
							Logger.error(e.getMessage(), e);
						}
. finalize = 
. validationAction = Skip
]
[2020-01-14 11:18:50:050] DEBUG - <XCron-Server>[ id = msens.xcron.hansol.qstmngbulkWebaction
, resultName = 
, batchName = 
, dataSource = 
, parameter = 
, initialize = import java.io.BufferedReader;
						import java.io.InputStreamReader;
						import java.net.URL;
						import java.net.URLConnection;
						import com.inticube.xcron.logs.Logger;
						import java.net.InetAddress;
						
						try {
							String serverIp = InetAddress.getLocalHost().getHostAddress();
							String sUrl = "http://"+serverIp+":8080/msens/msens.xcron.hansol.autoDownload.do";
							//String sUrl = "http://10.48.241.41:8080/msens/"msens.xcron.hansol.autoDownload.do";
								
							URL url = new URL(sUrl);
							URLConnection urlConnection = url.openConnection();
							            
							BufferedReader in = new BufferedReader(new InputStreamReader(urlConnection.getInputStream()));
							
							String inputLine = "";
										
							while ((inputLine = in.readLine()) != null) { 
								System.out.println(inputLine);
							}
							
							in.close();
						} catch(Exception e) {
							Logger.error(e.getMessage(), e);
						}
. finalize = 
. validationAction = Skip
]
[2020-01-14 11:18:50:050] DEBUG - <XCron-Server>[ id = msens.xcron.hansol.autoDownload
, resultName = 
, batchName = 
, dataSource = 
, parameter = 
, initialize = import java.io.BufferedReader;
						import java.io.InputStreamReader;
						import java.net.URL;
						import java.net.URLConnection;
						import com.inticube.xcron.logs.Logger;
						import java.net.InetAddress;
						
						try {
							String serverIp = InetAddress.getLocalHost().getHostAddress();
							String sUrl = "http://"+serverIp+":8080/msens/msens.xcron.hansol.autoDownload.do";
							//String sUrl = "http://10.48.241.41:8080/msens/"msens.xcron.hansol.autoDownload.do";
														
							URL url = new URL(sUrl);
							URLConnection urlConnection = url.openConnection();
							            
							BufferedReader in = new BufferedReader(new InputStreamReader(urlConnection.getInputStream()));
							
							String inputLine = "";
										
							while ((inputLine = in.readLine()) != null) { 
								System.out.println(inputLine);
							}
							
							in.close();
						} catch(Exception e) {
							Logger.error(e.getMessage(), e);
						}
. finalize = 
. validationAction = Skip
]
[2020-01-14 11:18:50:050] DEBUG - <XCron-Server>[ id = msens.xcron.hansol.mrLsListWebAction
, resultName = 
, batchName = 
, dataSource = 
, parameter = 
, initialize = import java.io.BufferedReader;
						import java.io.InputStreamReader;
						import java.net.URL;
						import java.net.URLConnection;
						import com.inticube.xcron.logs.Logger;
						import java.net.InetAddress;
						
						try {
							String serverIp = InetAddress.getLocalHost().getHostAddress();
							String sUrl = "http://"+serverIp+":8080/msens/msens.xcron.hansol.mrLsListWebAction.do";
							//String sUrl = "http://10.48.241.41:8080/msens/"msens.xcron.hansol.mrLsListWebAction.do";
							URL url = new URL(sUrl);
							URLConnection urlConnection = url.openConnection();
							            
							BufferedReader in = new BufferedReader(new InputStreamReader(urlConnection.getInputStream()));
							
							String inputLine = "";
										
							while ((inputLine = in.readLine()) != null) { 
								System.out.println(inputLine);
							}
							
							in.close();
						} catch(Exception e) {
							Logger.error(e.getMessage(), e);
						}
. finalize = 
. validationAction = Skip
]
[2020-01-14 11:18:50:050] DEBUG - <XCron-Server>[ id = db.tm.tb_pre_est_history.select
, resultName = TB_PRE_EST_ALLOCATE_HISTORY
, batchName = 
, dataSource = tmdatasource
, parameter = 
, initialize = 
. finalize = 
. validationAction = Skip
]
[2020-01-14 11:18:50:050] DEBUG - <XCron-Server>[ id = db.msens.tm.tb_pre_est_history.insert
, resultName = 
, batchName = TB_PRE_EST_ALLOCATE_HISTORY
, dataSource = msensdatasource
, parameter = 
, initialize = 
. finalize = 
. validationAction = Skip
]
[2020-01-14 11:18:50:050] DEBUG - <XCron-Server>[ id = db.tm.ms_bef_est_score.select
, resultName = MS_BEF_EST_SCORE
, batchName = 
, dataSource = tmdatasource
, parameter = 
, initialize = 
. finalize = 
. validationAction = Skip
]
[2020-01-14 11:18:50:050] DEBUG - <XCron-Server>[ id = db.msens.ms_bef_est_score.insert
, resultName = 
, batchName = MS_BEF_EST_SCORE
, dataSource = msensdatasource
, parameter = 
, initialize = 
. finalize = 
. validationAction = Skip
]
[2020-01-14 11:18:50:050] DEBUG - <XCron-Server>[ id = log.insertservicelog
, resultName = 
, batchName = _Log
, dataSource = msensdatasource
, parameter = 
, initialize = 
. finalize = 
. validationAction = Skip
]
[2020-01-14 11:18:50:050] DEBUG - <XCron-Server>[ id = db.tm.tb_group_info.select
, resultName = TM_GROUP_INGO
, batchName = 
, dataSource = tmdatasource
, parameter = #param
, initialize = 
. finalize = 
. validationAction = Skip
]
[2020-01-14 11:18:50:050] DEBUG - <XCron-Server>[ id = db.msens.ms_dept.insert
, resultName = 
, batchName = TM_GROUP_INGO
, dataSource = msensdatasource
, parameter = 
, initialize = 
. finalize = 
. validationAction = Skip
]
[2020-01-14 11:18:50:050] DEBUG - <XCron-Server>[ id = db.tm.tb_codebook_SYS057.select
, resultName = TB_CODEBOOK
, batchName = 
, dataSource = tmdatasource
, parameter = 
, initialize = 
. finalize = 
. validationAction = Skip
]
[2020-01-14 11:18:50:050] DEBUG - <XCron-Server>[ id = db.msens.ms_codebook_SYS002.insert
, resultName = 
, batchName = TB_CODEBOOK
, dataSource = msensdatasource
, parameter = 
, initialize = 
. finalize = 
. validationAction = Skip
]
[2020-01-14 11:18:50:050] DEBUG - <XCron-Server>[ id = db.tm.tb_user.select
, resultName = TB_USER
, batchName = 
, dataSource = tmdatasource
, parameter = #param
, initialize = 
. finalize = 
. validationAction = Skip
]
[2020-01-14 11:18:50:050] DEBUG - <XCron-Server>[ id = db.msens.ms_usermaster_batch.insert
, resultName = 
, batchName = TB_USER
, dataSource = msensdatasource
, parameter = 
, initialize = 
. finalize = 
. validationAction = Skip
]
[2020-01-14 11:18:50:050] DEBUG - <XCron-Server>[ id = db.tm.tb_codebook_SYS999_SYS001.select
, resultName = TB_CODEBOOK
, batchName = 
, dataSource = tmdatasource
, parameter = 
, initialize = 
. finalize = 
. validationAction = Skip
]
[2020-01-14 11:18:50:050] DEBUG - <XCron-Server>[ id = db.msens.ms_codebook_SYS001_SYS011.insert
, resultName = 
, batchName = TB_CODEBOOK
, dataSource = msensdatasource
, parameter = 
, initialize = 
. finalize = 
. validationAction = Skip
]
[2020-01-14 11:18:50:050] DEBUG - <XCron-Server>[ id = db.tm.tb_user_workmonth.select
, resultName = TB_USER
, batchName = 
, dataSource = tmdatasource
, parameter = 
, initialize = 
. finalize = 
. validationAction = Skip
]
[2020-01-14 11:18:50:050] DEBUG - <XCron-Server>[ id = db.msens.ms_usermaster_workmonth.update
, resultName = 
, batchName = TB_USER
, dataSource = msensdatasource
, parameter = 
, initialize = 
. finalize = 
. validationAction = Skip
]
[2020-01-14 11:18:50:050] DEBUG - <XCron-Server>[ id = db.tm.tb_pre_est_allocate_mng.select
, resultName = TB_PRE_EST_ALLOCATE_MNG
, batchName = 
, dataSource = tmdatasource
, parameter = #param
, initialize = 
. finalize = 
. validationAction = Skip
]
[2020-01-14 11:18:50:050] DEBUG - <XCron-Server>[ id = db.msens.tb_pre_est_allocate_mng.insert
, resultName = 
, batchName = TB_PRE_EST_ALLOCATE_MNG
, dataSource = msensdatasource
, parameter = 
, initialize = 
. finalize = 
. validationAction = Skip
]
[2020-01-14 11:18:50:050] DEBUG - <XCron-Server>[ id = db.tm.tb_sc_code_mng.select
, resultName = TB_SC_CODE_MNG
, batchName = 
, dataSource = tmdatasource
, parameter = 
, initialize = 
. finalize = 
. validationAction = Skip
]
[2020-01-14 11:18:50:050] DEBUG - <XCron-Server>[ id = db.msens.tb_sc_code_mng.insert
, resultName = 
, batchName = TB_SC_CODE_MNG
, dataSource = msensdatasource
, parameter = 
, initialize = 
. finalize = 
. validationAction = Skip
]
[2020-01-14 11:18:50:050] DEBUG - <XCron-Server>[ id = db.tm.tb_sc_mng.select
, resultName = TB_SC_MNG
, batchName = 
, dataSource = tmdatasource
, parameter = 
, initialize = 
. finalize = 
. validationAction = Skip
]
[2020-01-14 11:18:50:050] DEBUG - <XCron-Server>[ id = db.msens.tb_sc_mng.insert
, resultName = 
, batchName = TB_SC_MNG
, dataSource = msensdatasource
, parameter = 
, initialize = 
. finalize = 
. validationAction = Skip
]
[2020-01-14 11:18:50:050] DEBUG - <XCron-Server>[ id = db.tm.tb_codebook_SYS119.select
, resultName = TB_CODEBOOK
, batchName = 
, dataSource = tmdatasource
, parameter = 
, initialize = 
. finalize = 
. validationAction = Skip
]
[2020-01-14 11:18:50:050] DEBUG - <XCron-Server>[ id = db.msens.ms_codebook_SYS105.insert
, resultName = 
, batchName = TB_CODEBOOK
, dataSource = msensdatasource
, parameter = 
, initialize = 
. finalize = 
. validationAction = Skip
]
[2020-01-14 11:18:50:050] DEBUG - <XCron-Server>[ id = db.msens.tb_qst_kind_mng.delete
, resultName = 
, batchName = 
, dataSource = msensdatasource
, parameter = 
, initialize = 
. finalize = 
. validationAction = Skip
]
[2020-01-14 11:18:50:050] DEBUG - <XCron-Server>[ id = db.tm.tb_qst_kind_mng.select
, resultName = TB_QST_KIND_MNG
, batchName = 
, dataSource = tmdatasource
, parameter = 
, initialize = 
. finalize = 
. validationAction = Skip
]
[2020-01-14 11:18:50:050] DEBUG - <XCron-Server>[ id = db.msens.tb_qst_kind_mng.insert
, resultName = 
, batchName = TB_QST_KIND_MNG
, dataSource = msensdatasource
, parameter = 
, initialize = 
. finalize = 
. validationAction = Skip
]
[2020-01-14 11:18:50:050] DEBUG - <XCron-Server>[ id = db.tm.tbia101.select
, resultName = TBIA101
, batchName = 
, dataSource = tmdatasource
, parameter = 
, initialize = 
. finalize = 
. validationAction = Skip
]
[2020-01-14 11:18:50:050] DEBUG - <XCron-Server>[ id = db.msens.ms_product.insert
, resultName = 
, batchName = TBIA101
, dataSource = msensdatasource
, parameter = 
, initialize = 
. finalize = 
. validationAction = Skip
]
[2020-01-14 11:18:50:050] DEBUG - <XCron-Server>[ id = db.tm.tbia102.select
, resultName = TAIA102
, batchName = 
, dataSource = tmdatasource
, parameter = 
, initialize = 
. finalize = 
. validationAction = Skip
]
[2020-01-14 11:18:50:050] DEBUG - <XCron-Server>[ id = db.msens.ms_dmbo.insert
, resultName = 
, batchName = TAIA102
, dataSource = msensdatasource
, parameter = 
, initialize = 
. finalize = 
. validationAction = Skip
]
[2020-01-14 11:18:50:050] DEBUG - <XCron-Server>[ id = db.tm.tb_sc_qst_mng.select
, resultName = TB_SC_QST_MNG
, batchName = 
, dataSource = tmdatasource
, parameter = 
, initialize = 
. finalize = 
. validationAction = Skip
]
[2020-01-14 11:18:50:050] DEBUG - <XCron-Server>[ id = db.msens.tb_sc_qst_mng.insert
, resultName = 
, batchName = TB_SC_QST_MNG
, dataSource = msensdatasource
, parameter = 
, initialize = 
. finalize = 
. validationAction = Skip
]
[2020-01-14 11:18:50:050] DEBUG - <XCron-Server>[ id = db.tm.tb_holiday.select
, resultName = TB_HOLIDAY
, batchName = 
, dataSource = tmdatasource
, parameter = #param
, initialize = 
. finalize = 
. validationAction = Skip
]
[2020-01-14 11:18:50:050] DEBUG - <XCron-Server>[ id = db.msens.ms_holiday_info.insert
, resultName = 
, batchName = TB_HOLIDAY
, dataSource = msensdatasource
, parameter = 
, initialize = 
. finalize = 
. validationAction = Skip
]
[2020-01-14 11:18:50:050] DEBUG - <XCron-Server>[ id = db.msens.ms_stt_meta_flages.update
, resultName = 
, batchName = 
, dataSource = msensdatasource
, parameter = #param
, initialize = 
. finalize = 
. validationAction = Skip
]
[2020-01-14 11:18:50:050] DEBUG - <XCron-Server>[ id = db.tm.tb_insu_plan_mast.ass_user.select
, resultName = TB_INSU_PLAN_MAST
, batchName = 
, dataSource = tmdatasource
, parameter = #param
, initialize = 
. finalize = 
. validationAction = Skip
]
[2020-01-14 11:18:50:050] DEBUG - <XCron-Server>[ id = db.msens.ms_stt_meta.ass_user.update
, resultName = 
, batchName = TB_INSU_PLAN_MAST
, dataSource = msensdatasource
, parameter = 
, initialize = 
. finalize = 
. validationAction = Skip
]
[2020-01-14 11:18:50:050] DEBUG - <XCron-Server>[ id = db.msens.ms_stt_meta.cur_con_ent_dgn_no.select
, resultName = MS_STT_META
, batchName = 
, dataSource = msensdatasource
, parameter = #param
, initialize = 
. finalize = 
. validationAction = Skip
]
[2020-01-14 11:18:50:050] DEBUG - <XCron-Server>[ id = db.tm.tb_pre_est_history.est_info.select
, resultName = TB_PRE_EST_HISTORY
, batchName = MS_STT_META
, dataSource = tmdatasource
, parameter = 
, initialize = 
. finalize = 
. validationAction = Skip
]
[2020-01-14 11:18:50:050] DEBUG - <XCron-Server>[ id = db.msens.ms_pre_est_info.est_info.insert
, resultName = 
, batchName = TB_PRE_EST_HISTORY
, dataSource = msensdatasource
, parameter = 
, initialize = 
. finalize = 
. validationAction = Skip
]
[2020-01-14 11:18:50:050] DEBUG - <XCron-Server>[ id = db.msens.ms_qc_work_stat.endtime.update
, resultName = 
, batchName = 
, dataSource = msensdatasource
, parameter = #param
, initialize = 
. finalize = 
. validationAction = Skip
]
[2020-01-14 11:18:50:050] DEBUG - <XCron-Server>[ id = db.msens.ms_ins_timestamp.endtime.update
, resultName = 
, batchName = 
, dataSource = msensdatasource
, parameter = #param
, initialize = 
. finalize = 
. validationAction = Skip
]
[2020-01-14 11:18:50:050] DEBUG - <XCron-Server>[ id = db.msens.ms_qc_work_stat.sum.select
, resultName = MS_QC_WORK_SUM
, batchName = 
, dataSource = msensdatasource
, parameter = #param
, initialize = 
. finalize = 
. validationAction = Skip
]
[2020-01-14 11:18:50:050] DEBUG - <XCron-Server>[ id = db.msens.ms_qc_work_sum.sum.insert
, resultName = 
, batchName = MS_QC_WORK_SUM
, dataSource = msensdatasource
, parameter = 
, initialize = 
. finalize = 
. validationAction = Skip
]
[2020-01-14 11:18:50:050] DEBUG - <XCron-Server>[ id = db.msens.ms_qc_work_stat.delete
, resultName = 
, batchName = 
, dataSource = msensdatasource
, parameter = #param
, initialize = 
. finalize = 
. validationAction = Skip
]
[2020-01-14 11:18:50:050] DEBUG - <XCron-Server>[ id = db.msens.ms_ins_timestamp.sum.select
, resultName = MS_INS_TIMESTAMP
, batchName = 
, dataSource = msensdatasource
, parameter = #param
, initialize = 
. finalize = 
. validationAction = Skip
]
[2020-01-14 11:18:50:050] DEBUG - <XCron-Server>[ id = db.msens.ms_ins_timestamp_sum.sum.insert
, resultName = 
, batchName = MS_INS_TIMESTAMP
, dataSource = msensdatasource
, parameter = 
, initialize = 
. finalize = 
. validationAction = Skip
]
[2020-01-14 11:18:50:050] DEBUG - <XCron-Server>[ id = db.msens.ms_ins_timestamp.delete
, resultName = 
, batchName = 
, dataSource = msensdatasource
, parameter = #param
, initialize = 
. finalize = 
. validationAction = Skip
]
[2020-01-14 11:18:50:050] DEBUG - <XCron-Server>[ id = db.msens.ms_xcron_file_log.delete.term
, resultName = 
, batchName = 
, dataSource = msensdatasource
, parameter = 
, initialize = 
. finalize = 
. validationAction = Skip
]
[2020-01-14 11:18:50:050] DEBUG - <XCron-Server>[ id = db.msens.ms_xcron_service_log.delete.term
, resultName = 
, batchName = 
, dataSource = msensdatasource
, parameter = 
, initialize = 
. finalize = 
. validationAction = Skip
]
[2020-01-14 11:18:50:050] DEBUG - <XCron-Server>[ id = db.msens.ms_login_log.delete.term
, resultName = 
, batchName = 
, dataSource = msensdatasource
, parameter = 
, initialize = 
. finalize = 
. validationAction = Skip
]
[2020-01-14 11:18:50:050] DEBUG - <XCron-Server>[ id = db.msens.ms_player_log.delete.term
, resultName = 
, batchName = 
, dataSource = msensdatasource
, parameter = 
, initialize = 
. finalize = 
. validationAction = Skip
]
[2020-01-14 11:18:50:050] DEBUG - <XCron-Server>[ id = db.msens.ms_stt_rslt.delete.term
, resultName = 
, batchName = 
, dataSource = msensdatasource
, parameter = 
, initialize = 
. finalize = 
. validationAction = Skip
]
[2020-01-14 11:18:50:050] DEBUG - <XCron-Server>[ id = msens.xcron.hansol.wavfile.delete.action
, resultName = 
, batchName = 
, dataSource = 
, parameter = 
, initialize = import com.inticube.xcron.logs.Logger;
						
						try {
						
							String command = "/sw/msens/MSENS_OB/webapps/temp/file_delete.sh";
							
							Runtime runtime = Runtime.getRuntime();
							Process process = runtime.exec(command);
							
						} catch(Exception e) {
							Logger.error(e.getMessage(), e);
						}
. finalize = 
. validationAction = Skip
]
[2020-01-14 11:18:51:051] DEBUG - <XCron-Server>[ id = msens.xcron.hansol.log.delete.action
, resultName = 
, batchName = 
, dataSource = 
, parameter = 
, initialize = import com.inticube.xcron.logs.Logger;
						
						try {
						
							String command = "/sw/msens/MSENS_OB/webapps/temp/log_delete.sh";
							
							Runtime runtime = Runtime.getRuntime();
							Process process = runtime.exec(command);
							
						} catch(Exception e) {
							Logger.error(e.getMessage(), e);
						}
. finalize = 
. validationAction = Skip
]
[2020-01-14 11:18:51:051] DEBUG - <XCron-Server>[ id = db.msens.ms_value.delete.term
, resultName = 
, batchName = 
, dataSource = snmpdatasource
, parameter = #param
, initialize = 
. finalize = 
. validationAction = Skip
]
[2020-01-14 11:18:51:051] DEBUG - <XCron-Server>[ id = db.msens.ms_value_min.delete.term
, resultName = 
, batchName = 
, dataSource = snmpdatasource
, parameter = #param
, initialize = 
. finalize = 
. validationAction = Skip
]
[2020-01-14 11:18:51:051] DEBUG - <XCron-Server>[ id = db.msens.ms_value_usage.delete.term
, resultName = 
, batchName = 
, dataSource = snmpdatasource
, parameter = #param
, initialize = 
. finalize = 
. validationAction = Skip
]
[2020-01-14 11:18:51:051] DEBUG - <XCron-Server>[ id = db.msens.ms_value_usage_et.delete.term
, resultName = 
, batchName = 
, dataSource = snmpdatasource
, parameter = #param
, initialize = 
. finalize = 
. validationAction = Skip
]
[2020-01-14 11:18:51:051] DEBUG - <XCron-Server>[ id = db.uat.msens.tb_sc_code_mng.utp.select
, resultName = TB_SC_CODE_MNG
, batchName = 
, dataSource = muatdatasource
, parameter = 
, initialize = 
. finalize = 
. validationAction = Skip
]
[2020-01-14 11:18:51:051] DEBUG - <XCron-Server>[ id = db.msens.tb_sc_code_mng.utp.insert
, resultName = 
, batchName = TB_SC_CODE_MNG
, dataSource = mproddatasource
, parameter = 
, initialize = 
. finalize = 
. validationAction = Skip
]
[2020-01-14 11:18:51:051] DEBUG - <XCron-Server>[ id = db.uat.msens.tb_sc_mng.utp.select
, resultName = TB_SC_MNG
, batchName = 
, dataSource = muatdatasource
, parameter = 
, initialize = 
. finalize = 
. validationAction = Skip
]
[2020-01-14 11:18:51:051] DEBUG - <XCron-Server>[ id = db.msens.tb_sc_mng.utp.insert
, resultName = 
, batchName = TB_SC_MNG
, dataSource = mproddatasource
, parameter = 
, initialize = 
. finalize = 
. validationAction = Skip
]
[2020-01-14 11:18:51:051] DEBUG - <XCron-Server>[ id = db.uat.msens.tb_codebook_SYS119.utp.select
, resultName = TB_CODEBOOK
, batchName = 
, dataSource = muatdatasource
, parameter = 
, initialize = 
. finalize = 
. validationAction = Skip
]
[2020-01-14 11:18:51:051] DEBUG - <XCron-Server>[ id = db.msens.ms_codebook_SYS105.utp.insert
, resultName = 
, batchName = TB_CODEBOOK
, dataSource = mproddatasource
, parameter = 
, initialize = 
. finalize = 
. validationAction = Skip
]
[2020-01-14 11:18:51:051] DEBUG - <XCron-Server>[ id = db.msens.tb_qst_kind_mng.utp.delete
, resultName = 
, batchName = 
, dataSource = mproddatasource
, parameter = 
, initialize = 
. finalize = 
. validationAction = Skip
]
[2020-01-14 11:18:51:051] DEBUG - <XCron-Server>[ id = db.uat.msens.tb_qst_kind_mng.utp.select
, resultName = TB_QST_KIND_MNG
, batchName = 
, dataSource = muatdatasource
, parameter = 
, initialize = 
. finalize = 
. validationAction = Skip
]
[2020-01-14 11:18:51:051] DEBUG - <XCron-Server>[ id = db.msens.tb_qst_kind_mng.utp.insert
, resultName = 
, batchName = TB_QST_KIND_MNG
, dataSource = mproddatasource
, parameter = 
, initialize = 
. finalize = 
. validationAction = Skip
]
[2020-01-14 11:18:51:051] DEBUG - <XCron-Server>[ id = db.msens.ms_stt_result.delete.term
, resultName = 
, batchName = 
, dataSource = msensdatasource
, parameter = #param
, initialize = 
. finalize = 
. validationAction = Skip
]
[2020-01-14 11:18:51:051] DEBUG - <XCron-Server>[ id = db.msens.ms_stt_meta.delete.term
, resultName = 
, batchName = 
, dataSource = msensdatasource
, parameter = #param
, initialize = 
. finalize = 
. validationAction = Skip
]
[2020-01-14 11:18:51:051] DEBUG - <XCron-Server>[ id = db.msens.ms_script_result.delete.term
, resultName = 
, batchName = 
, dataSource = msensdatasource
, parameter = #param
, initialize = 
. finalize = 
. validationAction = Skip
]
[2020-01-14 11:18:51:051] DEBUG - <XCron-Server>[ id = db.msens.ms_search_result.delete.term
, resultName = 
, batchName = 
, dataSource = msensdatasource
, parameter = #param
, initialize = 
. finalize = 
. validationAction = Skip
]
[2020-01-14 11:18:51:051] DEBUG - <XCron-Server>[ id = db.msens.ms_grade_result.delete.term
, resultName = 
, batchName = 
, dataSource = msensdatasource
, parameter = #param
, initialize = 
. finalize = 
. validationAction = Skip
]
[2020-01-14 11:18:51:051] DEBUG - <XCron-Server>[ id = db.msens.ms_bef_est_score.delete.term
, resultName = 
, batchName = 
, dataSource = msensdatasource
, parameter = #param
, initialize = 
. finalize = 
. validationAction = Skip
]
[2020-01-14 11:18:51:051] DEBUG - <XCron-Server>[ id = db.msens.ms_bef_mrls.delete.term
, resultName = 
, batchName = 
, dataSource = msensdatasource
, parameter = #param
, initialize = 
. finalize = 
. validationAction = Skip
]
[2020-01-14 11:18:51:051] DEBUG - <XCron-Server>[ id = db.msens.tb_sc_qst_mng.delete.term
, resultName = 
, batchName = 
, dataSource = msensdatasource
, parameter = #param
, initialize = 
. finalize = 
. validationAction = Skip
]
[2020-01-14 11:18:51:051] DEBUG - <XCron-Server>[ id = db.prod.msens.ms_ment_mng.utp.del
, resultName = 
, batchName = 
, dataSource = mproddatasource
, parameter = 
, initialize = 
. finalize = 
. validationAction = Skip
]
[2020-01-14 11:18:51:051] DEBUG - <XCron-Server>[ id = db.uat.msens.ms_ment_mng.utp.select
, resultName = MS_MENT_MNG
, batchName = 
, dataSource = muatdatasource
, parameter = 
, initialize = 
. finalize = 
. validationAction = Skip
]
[2020-01-14 11:18:51:051] DEBUG - <XCron-Server>[ id = db.prod.msens.ms_ment_mng.utp.ins
, resultName = 
, batchName = MS_MENT_MNG
, dataSource = mproddatasource
, parameter = 
, initialize = 
. finalize = 
. validationAction = Skip
]
[2020-01-14 11:18:51:051] DEBUG - <XCron-Server>[ id = msens.xcron.hansol.autoDownload.flag.update
, resultName = 
, batchName = 
, dataSource = msensdatasource
, parameter = 
, initialize = 
. finalize = 
. validationAction = Skip
]
[2020-01-14 11:18:51:051] DEBUG - <XCron-Server>[ id = db.msens.tb_reject_list.select
, resultName = TB_REJECT
, batchName = 
, dataSource = tmdatasource
, parameter = #param
, initialize = 
. finalize = 
. validationAction = Skip
]
[2020-01-14 11:18:51:051] DEBUG - <XCron-Server>[ id = db.msens.ms_reject_list.insert
, resultName = 
, batchName = TB_REJECT
, dataSource = msensdatasource
, parameter = 
, initialize = 
. finalize = 
. validationAction = Skip
]
[2020-01-14 11:18:51:051] DEBUG - <XCron-Server>[ id = db.tm.getBefMrLs
, resultName = TB_LIST
, batchName = 
, dataSource = tmdatasource
, parameter = #param
, initialize = 
. finalize = 
. validationAction = Skip
]
[2020-01-14 11:18:51:051] DEBUG - <XCron-Server>[ id = db.msens.ms_bef_mrls_list.insert
, resultName = 
, batchName = TB_LIST
, dataSource = msensdatasource
, parameter = 
, initialize = 
. finalize = 
. validationAction = Skip
]
[2020-01-14 11:18:51:051] INFO  - <XCron-Server>XCron Schedule Service Started
[2020-01-14 11:18:51:051] INFO  - <XCron-Server>Programmed = Youn TaeHee, @Seoul Korea
[2020-01-14 11:18:51:051] INFO  - <XCron-Server>E-mail = taehee.youn@gmail.com
[2020-01-14 11:18:51:051] INFO  - <XCron-Server>Initializing end
[2020-01-14 11:18:51:051] INFO  - <XCron-Server>==============================================================================
[2020-01-14 11:18:51:051] DEBUG - <pool-1-thread-1><?xml version='1.0' encoding='euc-kr'?><ControlConfig><Cmd Name="getinfo" Type="Service" Service=""/></ControlConfig>
[2020-01-14 11:18:51:051] DEBUG - <pool-1-thread-1>
	[column:ID,RUNNABLE,DESCRIPTION,LASTRUNTIME,RUNNING,
	[0:SVC_BATCH_001,true,[UAT용]스크립트 질의관리 수집(TB_SC_QST_MNG) : 전체 일자 가져옴,1970/01/01 09:00:00,false]
	[1:SVC_MS_003_1,true,설계번호별 금칙어/필수멘트 결과 데이터 저장,1970/01/01 09:00:00,false]
	[2:SVC_COM_009,true,connection pool 재생성,1970/01/01 09:00:00,false]
	[3:SVC_COM_008,true,테이블(login_log, player_log, rslt, Xcron) 삭제(매일 기간별테이블삭제),1970/01/01 09:00:00,false]
	[4:SVC_COM_007,true,문단으로 넘어온 스크립트 문장단위로 SPLIT 작업(PARAM: MS_QST_MNG CHGDATE),1970/01/01 09:00:00,false]
	[5:SVC_COM_006,true,근속년수 업데이트,1970/01/01 09:00:00,false]
	[6:SVC_COM_005,true,스크립트 질의관리 수집(TB_SC_QST_MNG) : NO PARAM=> 전 일꺼 가져옴,1970/01/01 09:00:00,false]
	[7:SVC_COM_004,true,질의유형관리(TB_QST_KIND_MNG),1970/01/01 09:00:00,false]
	[8:SVC_COM_003,true,스크립트 코드 관리 변경내역 수집(TB_SC_CODE_MNG, TB_SC_MNG),1970/01/01 09:00:00,false]
	[9:SVC_MS_002_1,true,설계번호별 스크립트 결과 데이터 저장,1970/01/01 09:00:00,false]
	[10:SVC_COM_002,true,조직정보배치,1970/01/01 09:00:00,false]
	[11:SVC_COM_001,true,사용자정보,1970/01/01 09:00:00,false]
	[12:SVC_MS_017,true,MrLs콜 분석,1970/01/01 09:00:00,false]
	[13:SVC_MS_016,true,MrLs콜 TM으로부터 수집(반드시 한달 치(MM/01~MM/31) 수집할것),1970/01/01 09:00:00,false]
	[14:SVC_MS_015,true,콜재생속도 개선 위해 STT 분석 콜 자동 다운로드,1970/01/01 09:00:00,false]
	[15:SVC_MS_014,true,STT 일괄 암호화 작업 수행,1970/01/01 09:00:00,false]
	[16:SVC_MS_013,true,전월평가점수 배치 및 상담사별 전월평가점수 계산,1970/01/01 09:00:00,false]
	[17:SVC_MS_012,true,STT CONTENT SPLIT 작업,1970/01/01 09:00:00,false]
	[18:SVC_MS_001_1,true,RealTime DB + AiGEN 정보 연동,1970/01/01 09:00:00,false]
	[19:SVC_MS_008_1,true,RealTime 분석 현황 수집,1970/01/01 09:00:00,false]
	[20:SVC_MS_009,true,분석 flag 업데이트,1970/01/01 09:00:00,false]
	[21:SVC_COM_023,true,테이블 기간별 삭제(기간:1년전 데이터 삭제/매일),1970/01/01 09:00:00,false]
	[22:SVC_COM_022,true,청약거절콜 Aigen으로부터 가져옴,1970/01/01 09:00:00,false]
	[23:SVC_MS_008,true,RealTime 분석 현황 수집,1970/01/01 09:00:00,false]
	[24:SVC_COM_021,true,테이블 기간별 삭제(기간:1년전 데이터 삭제/매월 1일),1970/01/01 09:00:00,false]
	[25:SVC_MS_007,true,시스템정보수집,1970/01/01 09:00:00,false]
	[26:SVC_COM_020,true,QC 근무 모니터링 summary,1970/01/01 09:00:00,false]
	[27:SVC_MS_005,true,자동배분작업,1970/01/01 09:00:00,false]
	[28:SVC_MS_004,true,설계번호별 Grade 결과 데이터 저장,1970/01/01 09:00:00,false]
	[29:SVC_MS_012_1,true,STT CONTENT SPLIT 작업,1970/01/01 09:00:00,false]
	[30:SVC_MS_003,true,설계번호별 금칙어/필수멘트 결과 데이터 저장,1970/01/01 09:00:00,false]
	[31:SVC_MS_002,true,설계번호별 스크립트 결과 데이터 저장,1970/01/01 09:00:00,false]
	[32:SVC_MS_001,true,RealTime DB + AiGEN 정보 연동,1970/01/01 09:00:00,false]
	[33:SVC_COM_019,true,[UAT -> PROD] 담보별필수멘트 운영이관,1970/01/01 09:00:00,false]
	[34:SVC_COM_018,true,[UAT -> PROD] 계피유형코드관리,1970/01/01 09:00:00,false]
	[35:SVC_COM_017,true,[UAT -> PROD] 질의유형관리(TB_QST_KIND_MNG),1970/01/01 09:00:00,false]
	[36:SVC_COM_016,true,[UAT -> PROD] 스크립트 코드 관리 변경내역 수집(TB_SC_CODE_MNG, TB_SC_MNG),1970/01/01 09:00:00,false]
	[37:SVC_COM_015,true,배분정보 동기화,1970/01/01 09:00:00,false]
	[38:SVC_MS_005_1,true,자동배분작업,1970/01/01 09:00:00,false]
	[39:SVC_COM_014,true,휴일정보배치,1970/01/01 09:00:00,false]
	[40:SVC_COM_013,true,QC 리스트 배치,1970/01/01 09:00:00,false]
	[41:SVC_COM_012,true,상품코드, 담보코드 수집 배치,1970/01/01 09:00:00,false]
	[42:SVC_COM_011,true,시스템모니터링-SNMP 관련 테이블 삭제(기간별테이블삭제) YYYYMMDDHH,1970/01/01 09:00:00,false]
	[43:SVC_COM_010,true,녹취청취파일삭제,1970/01/01 09:00:00,false]
	[44:SVC_MS_004_1,true,설계번호별 Grade 결과 데이터 저장,1970/01/01 09:00:00,false]
	[45:SVC_MS_020,true,코드북 코드 초기화,1970/01/01 09:00:00,false]
]
[2020-01-14 11:18:51:051] DEBUG - <pool-1-thread-1><?xml version='1.0' encoding='UTF-8'?><ControlConfig><ListParam><Param><Field Name="DESCRIPTION"><![CDATA[[UAT용]스크립트 질의관리 수집(TB_SC_QST_MNG) : 전체 일자 가져옴]]></Field><Field Name="RUNNING"><![CDATA[false]]></Field><Field Name="ID"><![CDATA[SVC_BATCH_001]]></Field><Field Name="LASTRUNTIME"><![CDATA[1970/01/01 09:00:00]]></Field><Field Name="RUNNABLE"><![CDATA[true]]></Field></Param><Param><Field Name="DESCRIPTION"><![CDATA[설계번호별 금칙어/필수멘트 결과 데이터 저장]]></Field><Field Name="RUNNING"><![CDATA[false]]></Field><Field Name="ID"><![CDATA[SVC_MS_003_1]]></Field><Field Name="LASTRUNTIME"><![CDATA[1970/01/01 09:00:00]]></Field><Field Name="RUNNABLE"><![CDATA[true]]></Field></Param><Param><Field Name="DESCRIPTION"><![CDATA[connection pool 재생성]]></Field><Field Name="RUNNING"><![CDATA[false]]></Field><Field Name="ID"><![CDATA[SVC_COM_009]]></Field><Field Name="LASTRUNTIME"><![CDATA[1970/01/01 09:00:00]]></Field><Field Name="RUNNABLE"><![CDATA[true]]></Field></Param><Param><Field Name="DESCRIPTION"><![CDATA[테이블(login_log, player_log, rslt, Xcron) 삭제(매일 기간별테이블삭제)]]></Field><Field Name="RUNNING"><![CDATA[false]]></Field><Field Name="ID"><![CDATA[SVC_COM_008]]></Field><Field Name="LASTRUNTIME"><![CDATA[1970/01/01 09:00:00]]></Field><Field Name="RUNNABLE"><![CDATA[true]]></Field></Param><Param><Field Name="DESCRIPTION"><![CDATA[문단으로 넘어온 스크립트 문장단위로 SPLIT 작업(PARAM: MS_QST_MNG CHGDATE)]]></Field><Field Name="RUNNING"><![CDATA[false]]></Field><Field Name="ID"><![CDATA[SVC_COM_007]]></Field><Field Name="LASTRUNTIME"><![CDATA[1970/01/01 09:00:00]]></Field><Field Name="RUNNABLE"><![CDATA[true]]></Field></Param><Param><Field Name="DESCRIPTION"><![CDATA[근속년수 업데이트]]></Field><Field Name="RUNNING"><![CDATA[false]]></Field><Field Name="ID"><![CDATA[SVC_COM_006]]></Field><Field Name="LASTRUNTIME"><![CDATA[1970/01/01 09:00:00]]></Field><Field Name="RUNNABLE"><![CDATA[true]]></Field></Param><Param><Field Name="DESCRIPTION"><![CDATA[스크립트 질의관리 수집(TB_SC_QST_MNG) : NO PARAM=> 전 일꺼 가져옴]]></Field><Field Name="RUNNING"><![CDATA[false]]></Field><Field Name="ID"><![CDATA[SVC_COM_005]]></Field><Field Name="LASTRUNTIME"><![CDATA[1970/01/01 09:00:00]]></Field><Field Name="RUNNABLE"><![CDATA[true]]></Field></Param><Param><Field Name="DESCRIPTION"><![CDATA[질의유형관리(TB_QST_KIND_MNG)]]></Field><Field Name="RUNNING"><![CDATA[false]]></Field><Field Name="ID"><![CDATA[SVC_COM_004]]></Field><Field Name="LASTRUNTIME"><![CDATA[1970/01/01 09:00:00]]></Field><Field Name="RUNNABLE"><![CDATA[true]]></Field></Param><Param><Field Name="DESCRIPTION"><![CDATA[스크립트 코드 관리 변경내역 수집(TB_SC_CODE_MNG, TB_SC_MNG)]]></Field><Field Name="RUNNING"><![CDATA[false]]></Field><Field Name="ID"><![CDATA[SVC_COM_003]]></Field><Field Name="LASTRUNTIME"><![CDATA[1970/01/01 09:00:00]]></Field><Field Name="RUNNABLE"><![CDATA[true]]></Field></Param><Param><Field Name="DESCRIPTION"><![CDATA[설계번호별 스크립트 결과 데이터 저장]]></Field><Field Name="RUNNING"><![CDATA[false]]></Field><Field Name="ID"><![CDATA[SVC_MS_002_1]]></Field><Field Name="LASTRUNTIME"><![CDATA[1970/01/01 09:00:00]]></Field><Field Name="RUNNABLE"><![CDATA[true]]></Field></Param><Param><Field Name="DESCRIPTION"><![CDATA[조직정보배치]]></Field><Field Name="RUNNING"><![CDATA[false]]></Field><Field Name="ID"><![CDATA[SVC_COM_002]]></Field><Field Name="LASTRUNTIME"><![CDATA[1970/01/01 09:00:00]]></Field><Field Name="RUNNABLE"><![CDATA[true]]></Field></Param><Param><Field Name="DESCRIPTION"><![CDATA[사용자정보]]></Field><Field Name="RUNNING"><![CDATA[false]]></Field><Field Name="ID"><![CDATA[SVC_COM_001]]></Field><Field Name="LASTRUNTIME"><![CDATA[1970/01/01 09:00:00]]></Field><Field Name="RUNNABLE"><![CDATA[true]]></Field></Param><Param><Field Name="DESCRIPTION"><![CDATA[MrLs콜 분석]]></Field><Field Name="RUNNING"><![CDATA[false]]></Field><Field Name="ID"><![CDATA[SVC_MS_017]]></Field><Field Name="LASTRUNTIME"><![CDATA[1970/01/01 09:00:00]]></Field><Field Name="RUNNABLE"><![CDATA[true]]></Field></Param><Param><Field Name="DESCRIPTION"><![CDATA[MrLs콜 TM으로부터 수집(반드시 한달 치(MM/01~MM/31) 수집할것)]]></Field><Field Name="RUNNING"><![CDATA[false]]></Field><Field Name="ID"><![CDATA[SVC_MS_016]]></Field><Field Name="LASTRUNTIME"><![CDATA[1970/01/01 09:00:00]]></Field><Field Name="RUNNABLE"><![CDATA[true]]></Field></Param><Param><Field Name="DESCRIPTION"><![CDATA[콜재생속도 개선 위해 STT 분석 콜 자동 다운로드]]></Field><Field Name="RUNNING"><![CDATA[false]]></Field><Field Name="ID"><![CDATA[SVC_MS_015]]></Field><Field Name="LASTRUNTIME"><![CDATA[1970/01/01 09:00:00]]></Field><Field Name="RUNNABLE"><![CDATA[true]]></Field></Param><Param><Field Name="DESCRIPTION"><![CDATA[STT 일괄 암호화 작업 수행]]></Field><Field Name="RUNNING"><![CDATA[false]]></Field><Field Name="ID"><![CDATA[SVC_MS_014]]></Field><Field Name="LASTRUNTIME"><![CDATA[1970/01/01 09:00:00]]></Field><Field Name="RUNNABLE"><![CDATA[true]]></Field></Param><Param><Field Name="DESCRIPTION"><![CDATA[전월평가점수 배치 및 상담사별 전월평가점수 계산]]></Field><Field Name="RUNNING"><![CDATA[false]]></Field><Field Name="ID"><![CDATA[SVC_MS_013]]></Field><Field Name="LASTRUNTIME"><![CDATA[1970/01/01 09:00:00]]></Field><Field Name="RUNNABLE"><![CDATA[true]]></Field></Param><Param><Field Name="DESCRIPTION"><![CDATA[STT CONTENT SPLIT 작업]]></Field><Field Name="RUNNING"><![CDATA[false]]></Field><Field Name="ID"><![CDATA[SVC_MS_012]]></Field><Field Name="LASTRUNTIME"><![CDATA[1970/01/01 09:00:00]]></Field><Field Name="RUNNABLE"><![CDATA[true]]></Field></Param><Param><Field Name="DESCRIPTION"><![CDATA[RealTime DB + AiGEN 정보 연동]]></Field><Field Name="RUNNING"><![CDATA[false]]></Field><Field Name="ID"><![CDATA[SVC_MS_001_1]]></Field><Field Name="LASTRUNTIME"><![CDATA[1970/01/01 09:00:00]]></Field><Field Name="RUNNABLE"><![CDATA[true]]></Field></Param><Param><Field Name="DESCRIPTION"><![CDATA[RealTime 분석 현황 수집]]></Field><Field Name="RUNNING"><![CDATA[false]]></Field><Field Name="ID"><![CDATA[SVC_MS_008_1]]></Field><Field Name="LASTRUNTIME"><![CDATA[1970/01/01 09:00:00]]></Field><Field Name="RUNNABLE"><![CDATA[true]]></Field></Param><Param><Field Name="DESCRIPTION"><![CDATA[분석 flag 업데이트]]></Field><Field Name="RUNNING"><![CDATA[false]]></Field><Field Name="ID"><![CDATA[SVC_MS_009]]></Field><Field Name="LASTRUNTIME"><![CDATA[1970/01/01 09:00:00]]></Field><Field Name="RUNNABLE"><![CDATA[true]]></Field></Param><Param><Field Name="DESCRIPTION"><![CDATA[테이블 기간별 삭제(기간:1년전 데이터 삭제/매일)]]></Field><Field Name="RUNNING"><![CDATA[false]]></Field><Field Name="ID"><![CDATA[SVC_COM_023]]></Field><Field Name="LASTRUNTIME"><![CDATA[1970/01/01 09:00:00]]></Field><Field Name="RUNNABLE"><![CDATA[true]]></Field></Param><Param><Field Name="DESCRIPTION"><![CDATA[청약거절콜 Aigen으로부터 가져옴]]></Field><Field Name="RUNNING"><![CDATA[false]]></Field><Field Name="ID"><![CDATA[SVC_COM_022]]></Field><Field Name="LASTRUNTIME"><![CDATA[1970/01/01 09:00:00]]></Field><Field Name="RUNNABLE"><![CDATA[true]]></Field></Param><Param><Field Name="DESCRIPTION"><![CDATA[RealTime 분석 현황 수집]]></Field><Field Name="RUNNING"><![CDATA[false]]></Field><Field Name="ID"><![CDATA[SVC_MS_008]]></Field><Field Name="LASTRUNTIME"><![CDATA[1970/01/01 09:00:00]]></Field><Field Name="RUNNABLE"><![CDATA[true]]></Field></Param><Param><Field Name="DESCRIPTION"><![CDATA[테이블 기간별 삭제(기간:1년전 데이터 삭제/매월 1일)]]></Field><Field Name="RUNNING"><![CDATA[false]]></Field><Field Name="ID"><![CDATA[SVC_COM_021]]></Field><Field Name="LASTRUNTIME"><![CDATA[1970/01/01 09:00:00]]></Field><Field Name="RUNNABLE"><![CDATA[true]]></Field></Param><Param><Field Name="DESCRIPTION"><![CDATA[시스템정보수집]]></Field><Field Name="RUNNING"><![CDATA[false]]></Field><Field Name="ID"><![CDATA[SVC_MS_007]]></Field><Field Name="LASTRUNTIME"><![CDATA[1970/01/01 09:00:00]]></Field><Field Name="RUNNABLE"><![CDATA[true]]></Field></Param><Param><Field Name="DESCRIPTION"><![CDATA[QC 근무 모니터링 summary]]></Field><Field Name="RUNNING"><![CDATA[false]]></Field><Field Name="ID"><![CDATA[SVC_COM_020]]></Field><Field Name="LASTRUNTIME"><![CDATA[1970/01/01 09:00:00]]></Field><Field Name="RUNNABLE"><![CDATA[true]]></Field></Param><Param><Field Name="DESCRIPTION"><![CDATA[자동배분작업]]></Field><Field Name="RUNNING"><![CDATA[false]]></Field><Field Name="ID"><![CDATA[SVC_MS_005]]></Field><Field Name="LASTRUNTIME"><![CDATA[1970/01/01 09:00:00]]></Field><Field Name="RUNNABLE"><![CDATA[true]]></Field></Param><Param><Field Name="DESCRIPTION"><![CDATA[설계번호별 Grade 결과 데이터 저장]]></Field><Field Name="RUNNING"><![CDATA[false]]></Field><Field Name="ID"><![CDATA[SVC_MS_004]]></Field><Field Name="LASTRUNTIME"><![CDATA[1970/01/01 09:00:00]]></Field><Field Name="RUNNABLE"><![CDATA[true]]></Field></Param><Param><Field Name="DESCRIPTION"><![CDATA[STT CONTENT SPLIT 작업]]></Field><Field Name="RUNNING"><![CDATA[false]]></Field><Field Name="ID"><![CDATA[SVC_MS_012_1]]></Field><Field Name="LASTRUNTIME"><![CDATA[1970/01/01 09:00:00]]></Field><Field Name="RUNNABLE"><![CDATA[true]]></Field></Param><Param><Field Name="DESCRIPTION"><![CDATA[설계번호별 금칙어/필수멘트 결과 데이터 저장]]></Field><Field Name="RUNNING"><![CDATA[false]]></Field><Field Name="ID"><![CDATA[SVC_MS_003]]></Field><Field Name="LASTRUNTIME"><![CDATA[1970/01/01 09:00:00]]></Field><Field Name="RUNNABLE"><![CDATA[true]]></Field></Param><Param><Field Name="DESCRIPTION"><![CDATA[설계번호별 스크립트 결과 데이터 저장]]></Field><Field Name="RUNNING"><![CDATA[false]]></Field><Field Name="ID"><![CDATA[SVC_MS_002]]></Field><Field Name="LASTRUNTIME"><![CDATA[1970/01/01 09:00:00]]></Field><Field Name="RUNNABLE"><![CDATA[true]]></Field></Param><Param><Field Name="DESCRIPTION"><![CDATA[RealTime DB + AiGEN 정보 연동]]></Field><Field Name="RUNNING"><![CDATA[false]]></Field><Field Name="ID"><![CDATA[SVC_MS_001]]></Field><Field Name="LASTRUNTIME"><![CDATA[1970/01/01 09:00:00]]></Field><Field Name="RUNNABLE"><![CDATA[true]]></Field></Param><Param><Field Name="DESCRIPTION"><![CDATA[[UAT -> PROD] 담보별필수멘트 운영이관]]></Field><Field Name="RUNNING"><![CDATA[false]]></Field><Field Name="ID"><![CDATA[SVC_COM_019]]></Field><Field Name="LASTRUNTIME"><![CDATA[1970/01/01 09:00:00]]></Field><Field Name="RUNNABLE"><![CDATA[true]]></Field></Param><Param><Field Name="DESCRIPTION"><![CDATA[[UAT -> PROD] 계피유형코드관리]]></Field><Field Name="RUNNING"><![CDATA[false]]></Field><Field Name="ID"><![CDATA[SVC_COM_018]]></Field><Field Name="LASTRUNTIME"><![CDATA[1970/01/01 09:00:00]]></Field><Field Name="RUNNABLE"><![CDATA[true]]></Field></Param><Param><Field Name="DESCRIPTION"><![CDATA[[UAT -> PROD] 질의유형관리(TB_QST_KIND_MNG)]]></Field><Field Name="RUNNING"><![CDATA[false]]></Field><Field Name="ID"><![CDATA[SVC_COM_017]]></Field><Field Name="LASTRUNTIME"><![CDATA[1970/01/01 09:00:00]]></Field><Field Name="RUNNABLE"><![CDATA[true]]></Field></Param><Param><Field Name="DESCRIPTION"><![CDATA[[UAT -> PROD] 스크립트 코드 관리 변경내역 수집(TB_SC_CODE_MNG, TB_SC_MNG)]]></Field><Field Name="RUNNING"><![CDATA[false]]></Field><Field Name="ID"><![CDATA[SVC_COM_016]]></Field><Field Name="LASTRUNTIME"><![CDATA[1970/01/01 09:00:00]]></Field><Field Name="RUNNABLE"><![CDATA[true]]></Field></Param><Param><Field Name="DESCRIPTION"><![CDATA[배분정보 동기화]]></Field><Field Name="RUNNING"><![CDATA[false]]></Field><Field Name="ID"><![CDATA[SVC_COM_015]]></Field><Field Name="LASTRUNTIME"><![CDATA[1970/01/01 09:00:00]]></Field><Field Name="RUNNABLE"><![CDATA[true]]></Field></Param><Param><Field Name="DESCRIPTION"><![CDATA[자동배분작업]]></Field><Field Name="RUNNING"><![CDATA[false]]></Field><Field Name="ID"><![CDATA[SVC_MS_005_1]]></Field><Field Name="LASTRUNTIME"><![CDATA[1970/01/01 09:00:00]]></Field><Field Name="RUNNABLE"><![CDATA[true]]></Field></Param><Param><Field Name="DESCRIPTION"><![CDATA[휴일정보배치]]></Field><Field Name="RUNNING"><![CDATA[false]]></Field><Field Name="ID"><![CDATA[SVC_COM_014]]></Field><Field Name="LASTRUNTIME"><![CDATA[1970/01/01 09:00:00]]></Field><Field Name="RUNNABLE"><![CDATA[true]]></Field></Param><Param><Field Name="DESCRIPTION"><![CDATA[QC 리스트 배치]]></Field><Field Name="RUNNING"><![CDATA[false]]></Field><Field Name="ID"><![CDATA[SVC_COM_013]]></Field><Field Name="LASTRUNTIME"><![CDATA[1970/01/01 09:00:00]]></Field><Field Name="RUNNABLE"><![CDATA[true]]></Field></Param><Param><Field Name="DESCRIPTION"><![CDATA[상품코드, 담보코드 수집 배치]]></Field><Field Name="RUNNING"><![CDATA[false]]></Field><Field Name="ID"><![CDATA[SVC_COM_012]]></Field><Field Name="LASTRUNTIME"><![CDATA[1970/01/01 09:00:00]]></Field><Field Name="RUNNABLE"><![CDATA[true]]></Field></Param><Param><Field Name="DESCRIPTION"><![CDATA[시스템모니터링-SNMP 관련 테이블 삭제(기간별테이블삭제) YYYYMMDDHH]]></Field><Field Name="RUNNING"><![CDATA[false]]></Field><Field Name="ID"><![CDATA[SVC_COM_011]]></Field><Field Name="LASTRUNTIME"><![CDATA[1970/01/01 09:00:00]]></Field><Field Name="RUNNABLE"><![CDATA[true]]></Field></Param><Param><Field Name="DESCRIPTION"><![CDATA[녹취청취파일삭제]]></Field><Field Name="RUNNING"><![CDATA[false]]></Field><Field Name="ID"><![CDATA[SVC_COM_010]]></Field><Field Name="LASTRUNTIME"><![CDATA[1970/01/01 09:00:00]]></Field><Field Name="RUNNABLE"><![CDATA[true]]></Field></Param><Param><Field Name="DESCRIPTION"><![CDATA[설계번호별 Grade 결과 데이터 저장]]></Field><Field Name="RUNNING"><![CDATA[false]]></Field><Field Name="ID"><![CDATA[SVC_MS_004_1]]></Field><Field Name="LASTRUNTIME"><![CDATA[1970/01/01 09:00:00]]></Field><Field Name="RUNNABLE"><![CDATA[true]]></Field></Param><Param><Field Name="DESCRIPTION"><![CDATA[코드북 코드 초기화]]></Field><Field Name="RUNNING"><![CDATA[false]]></Field><Field Name="ID"><![CDATA[SVC_MS_020]]></Field><Field Name="LASTRUNTIME"><![CDATA[1970/01/01 09:00:00]]></Field><Field Name="RUNNABLE"><![CDATA[true]]></Field></Param></ListParam><ResultCode>0</ResultCode><ResultMessage></ResultMessage></ControlConfig>
[2020-01-14 11:18:55:055] DEBUG - <pool-1-thread-1><?xml version='1.0' encoding='euc-kr'?><ControlConfig><Cmd Name="getinfo" Type="Parameter" Service="SVC_MS_002"/></ControlConfig>
[2020-01-14 11:18:55:055] DEBUG - <pool-1-thread-1>
	[column:NAME,LENGTH,VALUE,
]
[2020-01-14 11:18:55:055] DEBUG - <pool-1-thread-1><?xml version='1.0' encoding='UTF-8'?><ControlConfig><ListParam></ListParam><ResultCode>0</ResultCode><ResultMessage></ResultMessage></ControlConfig>
[2020-01-14 11:18:56:056] DEBUG - <pool-1-thread-1><?xml version='1.0' encoding='euc-kr'?><ControlConfig><Cmd Name="exec" Service="SVC_MS_002"/></ControlConfig>
[2020-01-14 11:18:56:056] INFO  - <pool-1-thread-1>Service <SVC_MS_002> is requested from </127.0.0.1>
[2020-01-14 11:18:56:056] DEBUG - <pool-1-thread-1>Transaction [ pool-1-thread-1 ] begins(Current Transaction Group Size Is 0)
[2020-01-14 11:18:56:056] DEBUG - <pool-1-thread-1>RequestServiceManager.execute begin ...
[2020-01-14 11:18:58:058] DEBUG - <pool-1-thread-1>RequestServiceManager.execute end ...
[2020-01-14 11:18:58:058] DEBUG - <pool-1-thread-1>Transaction [ pool-1-thread-1 ] commit ...
[2020-01-14 11:18:58:058] DEBUG - <pool-1-thread-1>RequestServiceManager.execute begin ...
[2020-01-14 11:18:58:058] DEBUG - <pool-1-thread-1>Non Trasaction & DataSource msensdatasource is Created
[2020-01-14 11:20:43:043] ERROR - <pool-1-thread-1>[Microsoft][SQLServer 2000 Driver for JDBC]Error establishing socket.
com.inticube.xcron.exception.XCronAppException: [Microsoft][SQLServer 2000 Driver for JDBC]Error establishing socket.
	at com.inticube.xcron.resource.TransactionManager.getConnection(TransactionManager.java:95)
	at com.inticube.xcron.resource.JDBCDataSource.executePreparedUpdate(JDBCDataSource.java:483)
	at com.inticube.xcron.resource.JDBCDataSource.execute(JDBCDataSource.java:826)
	at com.inticube.xcron.config.RequestServiceManager.execute(RequestServiceManager.java:181)
	at com.inticube.xcron.core.XCronServiceHandler.executeLogService(XCronServiceHandler.java:218)
	at com.inticube.xcron.core.XCronServiceHandler.executeLogService(XCronServiceHandler.java:185)
	at com.inticube.xcron.core.XCronServiceHandler.execute(XCronServiceHandler.java:130)
	at com.inticube.xcron.core.XCronServerProcessor.execute(XCronServerProcessor.java:215)
	at com.inticube.xcron.core.XCronServerProcessor.run(XCronServerProcessor.java:124)
	at java.util.concurrent.ThreadPoolExecutor.runWorker(Unknown Source)
	at java.util.concurrent.ThreadPoolExecutor$Worker.run(Unknown Source)
	at java.lang.Thread.run(Unknown Source)
[2020-01-14 11:20:43:043] INFO  - <pool-1-thread-1>Running : 0 / Pending : 0
[2020-01-14 11:20:43:043] INFO  - <pool-1-thread-1>Service <SVC_MS_002> is completed  <w:0 e:2705 m/s>
[2020-01-14 11:20:43:043] DEBUG - <pool-1-thread-1><?xml version='1.0' encoding='UTF-8'?><ControlConfig><ResultCode>0</ResultCode><ResultMessage></ResultMessage></ControlConfig>
[2020-01-14 11:20:57:057] DEBUG - <pool-1-thread-1><?xml version='1.0' encoding='euc-kr'?><ControlConfig><Cmd Name="getinfo" Type="Service" Service=""/></ControlConfig>
[2020-01-14 11:20:57:057] DEBUG - <pool-1-thread-1>
	[column:ID,RUNNABLE,DESCRIPTION,LASTRUNTIME,RUNNING,
	[0:SVC_BATCH_001,true,[UAT용]스크립트 질의관리 수집(TB_SC_QST_MNG) : 전체 일자 가져옴,1970/01/01 09:00:00,false]
	[1:SVC_MS_003_1,true,설계번호별 금칙어/필수멘트 결과 데이터 저장,1970/01/01 09:00:00,false]
	[2:SVC_COM_009,true,connection pool 재생성,1970/01/01 09:00:00,false]
	[3:SVC_COM_008,true,테이블(login_log, player_log, rslt, Xcron) 삭제(매일 기간별테이블삭제),1970/01/01 09:00:00,false]
	[4:SVC_COM_007,true,문단으로 넘어온 스크립트 문장단위로 SPLIT 작업(PARAM: MS_QST_MNG CHGDATE),1970/01/01 09:00:00,false]
	[5:SVC_COM_006,true,근속년수 업데이트,1970/01/01 09:00:00,false]
	[6:SVC_COM_005,true,스크립트 질의관리 수집(TB_SC_QST_MNG) : NO PARAM=> 전 일꺼 가져옴,1970/01/01 09:00:00,false]
	[7:SVC_COM_004,true,질의유형관리(TB_QST_KIND_MNG),1970/01/01 09:00:00,false]
	[8:SVC_COM_003,true,스크립트 코드 관리 변경내역 수집(TB_SC_CODE_MNG, TB_SC_MNG),1970/01/01 09:00:00,false]
	[9:SVC_MS_002_1,true,설계번호별 스크립트 결과 데이터 저장,1970/01/01 09:00:00,false]
	[10:SVC_COM_002,true,조직정보배치,1970/01/01 09:00:00,false]
	[11:SVC_COM_001,true,사용자정보,1970/01/01 09:00:00,false]
	[12:SVC_MS_017,true,MrLs콜 분석,1970/01/01 09:00:00,false]
	[13:SVC_MS_016,true,MrLs콜 TM으로부터 수집(반드시 한달 치(MM/01~MM/31) 수집할것),1970/01/01 09:00:00,false]
	[14:SVC_MS_015,true,콜재생속도 개선 위해 STT 분석 콜 자동 다운로드,1970/01/01 09:00:00,false]
	[15:SVC_MS_014,true,STT 일괄 암호화 작업 수행,1970/01/01 09:00:00,false]
	[16:SVC_MS_013,true,전월평가점수 배치 및 상담사별 전월평가점수 계산,1970/01/01 09:00:00,false]
	[17:SVC_MS_012,true,STT CONTENT SPLIT 작업,1970/01/01 09:00:00,false]
	[18:SVC_MS_001_1,true,RealTime DB + AiGEN 정보 연동,1970/01/01 09:00:00,false]
	[19:SVC_MS_008_1,true,RealTime 분석 현황 수집,1970/01/01 09:00:00,false]
	[20:SVC_MS_009,true,분석 flag 업데이트,1970/01/01 09:00:00,false]
	[21:SVC_COM_023,true,테이블 기간별 삭제(기간:1년전 데이터 삭제/매일),1970/01/01 09:00:00,false]
	[22:SVC_COM_022,true,청약거절콜 Aigen으로부터 가져옴,1970/01/01 09:00:00,false]
	[23:SVC_MS_008,true,RealTime 분석 현황 수집,1970/01/01 09:00:00,false]
	[24:SVC_COM_021,true,테이블 기간별 삭제(기간:1년전 데이터 삭제/매월 1일),1970/01/01 09:00:00,false]
	[25:SVC_MS_007,true,시스템정보수집,1970/01/01 09:00:00,false]
	[26:SVC_COM_020,true,QC 근무 모니터링 summary,1970/01/01 09:00:00,false]
	[27:SVC_MS_005,true,자동배분작업,1970/01/01 09:00:00,false]
	[28:SVC_MS_004,true,설계번호별 Grade 결과 데이터 저장,1970/01/01 09:00:00,false]
	[29:SVC_MS_012_1,true,STT CONTENT SPLIT 작업,1970/01/01 09:00:00,false]
	[30:SVC_MS_003,true,설계번호별 금칙어/필수멘트 결과 데이터 저장,1970/01/01 09:00:00,false]
	[31:SVC_MS_002,true,설계번호별 스크립트 결과 데이터 저장,2020/01/14 11:18:58,false]
	[32:SVC_MS_001,true,RealTime DB + AiGEN 정보 연동,1970/01/01 09:00:00,false]
	[33:SVC_COM_019,true,[UAT -> PROD] 담보별필수멘트 운영이관,1970/01/01 09:00:00,false]
	[34:SVC_COM_018,true,[UAT -> PROD] 계피유형코드관리,1970/01/01 09:00:00,false]
	[35:SVC_COM_017,true,[UAT -> PROD] 질의유형관리(TB_QST_KIND_MNG),1970/01/01 09:00:00,false]
	[36:SVC_COM_016,true,[UAT -> PROD] 스크립트 코드 관리 변경내역 수집(TB_SC_CODE_MNG, TB_SC_MNG),1970/01/01 09:00:00,false]
	[37:SVC_COM_015,true,배분정보 동기화,1970/01/01 09:00:00,false]
	[38:SVC_MS_005_1,true,자동배분작업,1970/01/01 09:00:00,false]
	[39:SVC_COM_014,true,휴일정보배치,1970/01/01 09:00:00,false]
	[40:SVC_COM_013,true,QC 리스트 배치,1970/01/01 09:00:00,false]
	[41:SVC_COM_012,true,상품코드, 담보코드 수집 배치,1970/01/01 09:00:00,false]
	[42:SVC_COM_011,true,시스템모니터링-SNMP 관련 테이블 삭제(기간별테이블삭제) YYYYMMDDHH,1970/01/01 09:00:00,false]
	[43:SVC_COM_010,true,녹취청취파일삭제,1970/01/01 09:00:00,false]
	[44:SVC_MS_004_1,true,설계번호별 Grade 결과 데이터 저장,1970/01/01 09:00:00,false]
	[45:SVC_MS_020,true,코드북 코드 초기화,1970/01/01 09:00:00,false]
]
[2020-01-14 11:20:57:057] DEBUG - <pool-1-thread-1><?xml version='1.0' encoding='UTF-8'?><ControlConfig><ListParam><Param><Field Name="DESCRIPTION"><![CDATA[[UAT용]스크립트 질의관리 수집(TB_SC_QST_MNG) : 전체 일자 가져옴]]></Field><Field Name="RUNNING"><![CDATA[false]]></Field><Field Name="ID"><![CDATA[SVC_BATCH_001]]></Field><Field Name="LASTRUNTIME"><![CDATA[1970/01/01 09:00:00]]></Field><Field Name="RUNNABLE"><![CDATA[true]]></Field></Param><Param><Field Name="DESCRIPTION"><![CDATA[설계번호별 금칙어/필수멘트 결과 데이터 저장]]></Field><Field Name="RUNNING"><![CDATA[false]]></Field><Field Name="ID"><![CDATA[SVC_MS_003_1]]></Field><Field Name="LASTRUNTIME"><![CDATA[1970/01/01 09:00:00]]></Field><Field Name="RUNNABLE"><![CDATA[true]]></Field></Param><Param><Field Name="DESCRIPTION"><![CDATA[connection pool 재생성]]></Field><Field Name="RUNNING"><![CDATA[false]]></Field><Field Name="ID"><![CDATA[SVC_COM_009]]></Field><Field Name="LASTRUNTIME"><![CDATA[1970/01/01 09:00:00]]></Field><Field Name="RUNNABLE"><![CDATA[true]]></Field></Param><Param><Field Name="DESCRIPTION"><![CDATA[테이블(login_log, player_log, rslt, Xcron) 삭제(매일 기간별테이블삭제)]]></Field><Field Name="RUNNING"><![CDATA[false]]></Field><Field Name="ID"><![CDATA[SVC_COM_008]]></Field><Field Name="LASTRUNTIME"><![CDATA[1970/01/01 09:00:00]]></Field><Field Name="RUNNABLE"><![CDATA[true]]></Field></Param><Param><Field Name="DESCRIPTION"><![CDATA[문단으로 넘어온 스크립트 문장단위로 SPLIT 작업(PARAM: MS_QST_MNG CHGDATE)]]></Field><Field Name="RUNNING"><![CDATA[false]]></Field><Field Name="ID"><![CDATA[SVC_COM_007]]></Field><Field Name="LASTRUNTIME"><![CDATA[1970/01/01 09:00:00]]></Field><Field Name="RUNNABLE"><![CDATA[true]]></Field></Param><Param><Field Name="DESCRIPTION"><![CDATA[근속년수 업데이트]]></Field><Field Name="RUNNING"><![CDATA[false]]></Field><Field Name="ID"><![CDATA[SVC_COM_006]]></Field><Field Name="LASTRUNTIME"><![CDATA[1970/01/01 09:00:00]]></Field><Field Name="RUNNABLE"><![CDATA[true]]></Field></Param><Param><Field Name="DESCRIPTION"><![CDATA[스크립트 질의관리 수집(TB_SC_QST_MNG) : NO PARAM=> 전 일꺼 가져옴]]></Field><Field Name="RUNNING"><![CDATA[false]]></Field><Field Name="ID"><![CDATA[SVC_COM_005]]></Field><Field Name="LASTRUNTIME"><![CDATA[1970/01/01 09:00:00]]></Field><Field Name="RUNNABLE"><![CDATA[true]]></Field></Param><Param><Field Name="DESCRIPTION"><![CDATA[질의유형관리(TB_QST_KIND_MNG)]]></Field><Field Name="RUNNING"><![CDATA[false]]></Field><Field Name="ID"><![CDATA[SVC_COM_004]]></Field><Field Name="LASTRUNTIME"><![CDATA[1970/01/01 09:00:00]]></Field><Field Name="RUNNABLE"><![CDATA[true]]></Field></Param><Param><Field Name="DESCRIPTION"><![CDATA[스크립트 코드 관리 변경내역 수집(TB_SC_CODE_MNG, TB_SC_MNG)]]></Field><Field Name="RUNNING"><![CDATA[false]]></Field><Field Name="ID"><![CDATA[SVC_COM_003]]></Field><Field Name="LASTRUNTIME"><![CDATA[1970/01/01 09:00:00]]></Field><Field Name="RUNNABLE"><![CDATA[true]]></Field></Param><Param><Field Name="DESCRIPTION"><![CDATA[설계번호별 스크립트 결과 데이터 저장]]></Field><Field Name="RUNNING"><![CDATA[false]]></Field><Field Name="ID"><![CDATA[SVC_MS_002_1]]></Field><Field Name="LASTRUNTIME"><![CDATA[1970/01/01 09:00:00]]></Field><Field Name="RUNNABLE"><![CDATA[true]]></Field></Param><Param><Field Name="DESCRIPTION"><![CDATA[조직정보배치]]></Field><Field Name="RUNNING"><![CDATA[false]]></Field><Field Name="ID"><![CDATA[SVC_COM_002]]></Field><Field Name="LASTRUNTIME"><![CDATA[1970/01/01 09:00:00]]></Field><Field Name="RUNNABLE"><![CDATA[true]]></Field></Param><Param><Field Name="DESCRIPTION"><![CDATA[사용자정보]]></Field><Field Name="RUNNING"><![CDATA[false]]></Field><Field Name="ID"><![CDATA[SVC_COM_001]]></Field><Field Name="LASTRUNTIME"><![CDATA[1970/01/01 09:00:00]]></Field><Field Name="RUNNABLE"><![CDATA[true]]></Field></Param><Param><Field Name="DESCRIPTION"><![CDATA[MrLs콜 분석]]></Field><Field Name="RUNNING"><![CDATA[false]]></Field><Field Name="ID"><![CDATA[SVC_MS_017]]></Field><Field Name="LASTRUNTIME"><![CDATA[1970/01/01 09:00:00]]></Field><Field Name="RUNNABLE"><![CDATA[true]]></Field></Param><Param><Field Name="DESCRIPTION"><![CDATA[MrLs콜 TM으로부터 수집(반드시 한달 치(MM/01~MM/31) 수집할것)]]></Field><Field Name="RUNNING"><![CDATA[false]]></Field><Field Name="ID"><![CDATA[SVC_MS_016]]></Field><Field Name="LASTRUNTIME"><![CDATA[1970/01/01 09:00:00]]></Field><Field Name="RUNNABLE"><![CDATA[true]]></Field></Param><Param><Field Name="DESCRIPTION"><![CDATA[콜재생속도 개선 위해 STT 분석 콜 자동 다운로드]]></Field><Field Name="RUNNING"><![CDATA[false]]></Field><Field Name="ID"><![CDATA[SVC_MS_015]]></Field><Field Name="LASTRUNTIME"><![CDATA[1970/01/01 09:00:00]]></Field><Field Name="RUNNABLE"><![CDATA[true]]></Field></Param><Param><Field Name="DESCRIPTION"><![CDATA[STT 일괄 암호화 작업 수행]]></Field><Field Name="RUNNING"><![CDATA[false]]></Field><Field Name="ID"><![CDATA[SVC_MS_014]]></Field><Field Name="LASTRUNTIME"><![CDATA[1970/01/01 09:00:00]]></Field><Field Name="RUNNABLE"><![CDATA[true]]></Field></Param><Param><Field Name="DESCRIPTION"><![CDATA[전월평가점수 배치 및 상담사별 전월평가점수 계산]]></Field><Field Name="RUNNING"><![CDATA[false]]></Field><Field Name="ID"><![CDATA[SVC_MS_013]]></Field><Field Name="LASTRUNTIME"><![CDATA[1970/01/01 09:00:00]]></Field><Field Name="RUNNABLE"><![CDATA[true]]></Field></Param><Param><Field Name="DESCRIPTION"><![CDATA[STT CONTENT SPLIT 작업]]></Field><Field Name="RUNNING"><![CDATA[false]]></Field><Field Name="ID"><![CDATA[SVC_MS_012]]></Field><Field Name="LASTRUNTIME"><![CDATA[1970/01/01 09:00:00]]></Field><Field Name="RUNNABLE"><![CDATA[true]]></Field></Param><Param><Field Name="DESCRIPTION"><![CDATA[RealTime DB + AiGEN 정보 연동]]></Field><Field Name="RUNNING"><![CDATA[false]]></Field><Field Name="ID"><![CDATA[SVC_MS_001_1]]></Field><Field Name="LASTRUNTIME"><![CDATA[1970/01/01 09:00:00]]></Field><Field Name="RUNNABLE"><![CDATA[true]]></Field></Param><Param><Field Name="DESCRIPTION"><![CDATA[RealTime 분석 현황 수집]]></Field><Field Name="RUNNING"><![CDATA[false]]></Field><Field Name="ID"><![CDATA[SVC_MS_008_1]]></Field><Field Name="LASTRUNTIME"><![CDATA[1970/01/01 09:00:00]]></Field><Field Name="RUNNABLE"><![CDATA[true]]></Field></Param><Param><Field Name="DESCRIPTION"><![CDATA[분석 flag 업데이트]]></Field><Field Name="RUNNING"><![CDATA[false]]></Field><Field Name="ID"><![CDATA[SVC_MS_009]]></Field><Field Name="LASTRUNTIME"><![CDATA[1970/01/01 09:00:00]]></Field><Field Name="RUNNABLE"><![CDATA[true]]></Field></Param><Param><Field Name="DESCRIPTION"><![CDATA[테이블 기간별 삭제(기간:1년전 데이터 삭제/매일)]]></Field><Field Name="RUNNING"><![CDATA[false]]></Field><Field Name="ID"><![CDATA[SVC_COM_023]]></Field><Field Name="LASTRUNTIME"><![CDATA[1970/01/01 09:00:00]]></Field><Field Name="RUNNABLE"><![CDATA[true]]></Field></Param><Param><Field Name="DESCRIPTION"><![CDATA[청약거절콜 Aigen으로부터 가져옴]]></Field><Field Name="RUNNING"><![CDATA[false]]></Field><Field Name="ID"><![CDATA[SVC_COM_022]]></Field><Field Name="LASTRUNTIME"><![CDATA[1970/01/01 09:00:00]]></Field><Field Name="RUNNABLE"><![CDATA[true]]></Field></Param><Param><Field Name="DESCRIPTION"><![CDATA[RealTime 분석 현황 수집]]></Field><Field Name="RUNNING"><![CDATA[false]]></Field><Field Name="ID"><![CDATA[SVC_MS_008]]></Field><Field Name="LASTRUNTIME"><![CDATA[1970/01/01 09:00:00]]></Field><Field Name="RUNNABLE"><![CDATA[true]]></Field></Param><Param><Field Name="DESCRIPTION"><![CDATA[테이블 기간별 삭제(기간:1년전 데이터 삭제/매월 1일)]]></Field><Field Name="RUNNING"><![CDATA[false]]></Field><Field Name="ID"><![CDATA[SVC_COM_021]]></Field><Field Name="LASTRUNTIME"><![CDATA[1970/01/01 09:00:00]]></Field><Field Name="RUNNABLE"><![CDATA[true]]></Field></Param><Param><Field Name="DESCRIPTION"><![CDATA[시스템정보수집]]></Field><Field Name="RUNNING"><![CDATA[false]]></Field><Field Name="ID"><![CDATA[SVC_MS_007]]></Field><Field Name="LASTRUNTIME"><![CDATA[1970/01/01 09:00:00]]></Field><Field Name="RUNNABLE"><![CDATA[true]]></Field></Param><Param><Field Name="DESCRIPTION"><![CDATA[QC 근무 모니터링 summary]]></Field><Field Name="RUNNING"><![CDATA[false]]></Field><Field Name="ID"><![CDATA[SVC_COM_020]]></Field><Field Name="LASTRUNTIME"><![CDATA[1970/01/01 09:00:00]]></Field><Field Name="RUNNABLE"><![CDATA[true]]></Field></Param><Param><Field Name="DESCRIPTION"><![CDATA[자동배분작업]]></Field><Field Name="RUNNING"><![CDATA[false]]></Field><Field Name="ID"><![CDATA[SVC_MS_005]]></Field><Field Name="LASTRUNTIME"><![CDATA[1970/01/01 09:00:00]]></Field><Field Name="RUNNABLE"><![CDATA[true]]></Field></Param><Param><Field Name="DESCRIPTION"><![CDATA[설계번호별 Grade 결과 데이터 저장]]></Field><Field Name="RUNNING"><![CDATA[false]]></Field><Field Name="ID"><![CDATA[SVC_MS_004]]></Field><Field Name="LASTRUNTIME"><![CDATA[1970/01/01 09:00:00]]></Field><Field Name="RUNNABLE"><![CDATA[true]]></Field></Param><Param><Field Name="DESCRIPTION"><![CDATA[STT CONTENT SPLIT 작업]]></Field><Field Name="RUNNING"><![CDATA[false]]></Field><Field Name="ID"><![CDATA[SVC_MS_012_1]]></Field><Field Name="LASTRUNTIME"><![CDATA[1970/01/01 09:00:00]]></Field><Field Name="RUNNABLE"><![CDATA[true]]></Field></Param><Param><Field Name="DESCRIPTION"><![CDATA[설계번호별 금칙어/필수멘트 결과 데이터 저장]]></Field><Field Name="RUNNING"><![CDATA[false]]></Field><Field Name="ID"><![CDATA[SVC_MS_003]]></Field><Field Name="LASTRUNTIME"><![CDATA[1970/01/01 09:00:00]]></Field><Field Name="RUNNABLE"><![CDATA[true]]></Field></Param><Param><Field Name="DESCRIPTION"><![CDATA[설계번호별 스크립트 결과 데이터 저장]]></Field><Field Name="RUNNING"><![CDATA[false]]></Field><Field Name="ID"><![CDATA[SVC_MS_002]]></Field><Field Name="LASTRUNTIME"><![CDATA[2020/01/14 11:18:58]]></Field><Field Name="RUNNABLE"><![CDATA[true]]></Field></Param><Param><Field Name="DESCRIPTION"><![CDATA[RealTime DB + AiGEN 정보 연동]]></Field><Field Name="RUNNING"><![CDATA[false]]></Field><Field Name="ID"><![CDATA[SVC_MS_001]]></Field><Field Name="LASTRUNTIME"><![CDATA[1970/01/01 09:00:00]]></Field><Field Name="RUNNABLE"><![CDATA[true]]></Field></Param><Param><Field Name="DESCRIPTION"><![CDATA[[UAT -> PROD] 담보별필수멘트 운영이관]]></Field><Field Name="RUNNING"><![CDATA[false]]></Field><Field Name="ID"><![CDATA[SVC_COM_019]]></Field><Field Name="LASTRUNTIME"><![CDATA[1970/01/01 09:00:00]]></Field><Field Name="RUNNABLE"><![CDATA[true]]></Field></Param><Param><Field Name="DESCRIPTION"><![CDATA[[UAT -> PROD] 계피유형코드관리]]></Field><Field Name="RUNNING"><![CDATA[false]]></Field><Field Name="ID"><![CDATA[SVC_COM_018]]></Field><Field Name="LASTRUNTIME"><![CDATA[1970/01/01 09:00:00]]></Field><Field Name="RUNNABLE"><![CDATA[true]]></Field></Param><Param><Field Name="DESCRIPTION"><![CDATA[[UAT -> PROD] 질의유형관리(TB_QST_KIND_MNG)]]></Field><Field Name="RUNNING"><![CDATA[false]]></Field><Field Name="ID"><![CDATA[SVC_COM_017]]></Field><Field Name="LASTRUNTIME"><![CDATA[1970/01/01 09:00:00]]></Field><Field Name="RUNNABLE"><![CDATA[true]]></Field></Param><Param><Field Name="DESCRIPTION"><![CDATA[[UAT -> PROD] 스크립트 코드 관리 변경내역 수집(TB_SC_CODE_MNG, TB_SC_MNG)]]></Field><Field Name="RUNNING"><![CDATA[false]]></Field><Field Name="ID"><![CDATA[SVC_COM_016]]></Field><Field Name="LASTRUNTIME"><![CDATA[1970/01/01 09:00:00]]></Field><Field Name="RUNNABLE"><![CDATA[true]]></Field></Param><Param><Field Name="DESCRIPTION"><![CDATA[배분정보 동기화]]></Field><Field Name="RUNNING"><![CDATA[false]]></Field><Field Name="ID"><![CDATA[SVC_COM_015]]></Field><Field Name="LASTRUNTIME"><![CDATA[1970/01/01 09:00:00]]></Field><Field Name="RUNNABLE"><![CDATA[true]]></Field></Param><Param><Field Name="DESCRIPTION"><![CDATA[자동배분작업]]></Field><Field Name="RUNNING"><![CDATA[false]]></Field><Field Name="ID"><![CDATA[SVC_MS_005_1]]></Field><Field Name="LASTRUNTIME"><![CDATA[1970/01/01 09:00:00]]></Field><Field Name="RUNNABLE"><![CDATA[true]]></Field></Param><Param><Field Name="DESCRIPTION"><![CDATA[휴일정보배치]]></Field><Field Name="RUNNING"><![CDATA[false]]></Field><Field Name="ID"><![CDATA[SVC_COM_014]]></Field><Field Name="LASTRUNTIME"><![CDATA[1970/01/01 09:00:00]]></Field><Field Name="RUNNABLE"><![CDATA[true]]></Field></Param><Param><Field Name="DESCRIPTION"><![CDATA[QC 리스트 배치]]></Field><Field Name="RUNNING"><![CDATA[false]]></Field><Field Name="ID"><![CDATA[SVC_COM_013]]></Field><Field Name="LASTRUNTIME"><![CDATA[1970/01/01 09:00:00]]></Field><Field Name="RUNNABLE"><![CDATA[true]]></Field></Param><Param><Field Name="DESCRIPTION"><![CDATA[상품코드, 담보코드 수집 배치]]></Field><Field Name="RUNNING"><![CDATA[false]]></Field><Field Name="ID"><![CDATA[SVC_COM_012]]></Field><Field Name="LASTRUNTIME"><![CDATA[1970/01/01 09:00:00]]></Field><Field Name="RUNNABLE"><![CDATA[true]]></Field></Param><Param><Field Name="DESCRIPTION"><![CDATA[시스템모니터링-SNMP 관련 테이블 삭제(기간별테이블삭제) YYYYMMDDHH]]></Field><Field Name="RUNNING"><![CDATA[false]]></Field><Field Name="ID"><![CDATA[SVC_COM_011]]></Field><Field Name="LASTRUNTIME"><![CDATA[1970/01/01 09:00:00]]></Field><Field Name="RUNNABLE"><![CDATA[true]]></Field></Param><Param><Field Name="DESCRIPTION"><![CDATA[녹취청취파일삭제]]></Field><Field Name="RUNNING"><![CDATA[false]]></Field><Field Name="ID"><![CDATA[SVC_COM_010]]></Field><Field Name="LASTRUNTIME"><![CDATA[1970/01/01 09:00:00]]></Field><Field Name="RUNNABLE"><![CDATA[true]]></Field></Param><Param><Field Name="DESCRIPTION"><![CDATA[설계번호별 Grade 결과 데이터 저장]]></Field><Field Name="RUNNING"><![CDATA[false]]></Field><Field Name="ID"><![CDATA[SVC_MS_004_1]]></Field><Field Name="LASTRUNTIME"><![CDATA[1970/01/01 09:00:00]]></Field><Field Name="RUNNABLE"><![CDATA[true]]></Field></Param><Param><Field Name="DESCRIPTION"><![CDATA[코드북 코드 초기화]]></Field><Field Name="RUNNING"><![CDATA[false]]></Field><Field Name="ID"><![CDATA[SVC_MS_020]]></Field><Field Name="LASTRUNTIME"><![CDATA[1970/01/01 09:00:00]]></Field><Field Name="RUNNABLE"><![CDATA[true]]></Field></Param></ListParam><ResultCode>0</ResultCode><ResultMessage></ResultMessage></ControlConfig>
[2020-01-14 11:21:01:001] DEBUG - <pool-1-thread-1><?xml version='1.0' encoding='euc-kr'?><ControlConfig><Cmd Name="getinfo" Type="Parameter" Service="SVC_MS_002"/></ControlConfig>
[2020-01-14 11:21:01:001] DEBUG - <pool-1-thread-1>
	[column:NAME,LENGTH,VALUE,
]
[2020-01-14 11:21:01:001] DEBUG - <pool-1-thread-1><?xml version='1.0' encoding='UTF-8'?><ControlConfig><ListParam></ListParam><ResultCode>0</ResultCode><ResultMessage></ResultMessage></ControlConfig>
[2020-01-14 11:21:02:002] DEBUG - <pool-1-thread-1><?xml version='1.0' encoding='euc-kr'?><ControlConfig><Cmd Name="exec" Service="SVC_MS_002"/></ControlConfig>
[2020-01-14 11:21:02:002] INFO  - <pool-1-thread-1>Service <SVC_MS_002> is requested from </127.0.0.1>
[2020-01-14 11:21:02:002] DEBUG - <pool-1-thread-1>Transaction [ pool-1-thread-1 ] begins(Current Transaction Group Size Is 0)
[2020-01-14 11:21:02:002] DEBUG - <pool-1-thread-1>RequestServiceManager.execute begin ...
[2020-01-14 11:21:02:002] DEBUG - <pool-1-thread-1>RequestServiceManager.execute end ...
[2020-01-14 11:21:02:002] DEBUG - <pool-1-thread-1>Transaction [ pool-1-thread-1 ] commit ...
[2020-01-14 11:21:02:002] DEBUG - <pool-1-thread-1>RequestServiceManager.execute begin ...
[2020-01-14 11:21:02:002] DEBUG - <pool-1-thread-1>Non Trasaction & DataSource msensdatasource is Created
[2020-01-14 11:21:29:029] INFO  - <Thread-3>Cluster Shutting down ...
[2020-01-14 11:21:29:029] INFO  - <Thread-3>Cluster Stoped
[2020-01-14 11:21:29:029] INFO  - <Thread-4>Scheduler Shutting down ...
[2020-01-14 11:21:29:029] INFO  - <Thread-4>Scheduler Stoped
[2020-01-14 11:21:33:033] INFO  - <XCron-Server>==============================================================================
[2020-01-14 11:21:33:033] INFO  - <XCron-Server>Starting XCron Version 3.1.2 initializing
[2020-01-14 11:21:34:034] INFO  - <XCron-Server>XCronServer IP Address = 10.1.8.234
[2020-01-14 11:21:34:034] INFO  - <XCron-Server>XCronServer Port = 5292
[2020-01-14 11:21:34:034] INFO  - <XCron-Server>CLASSPATH = {D:/MSENS_AIG_NEW/AIG_QSENS_FINAL/XCron/lib/xml-apis.jar;D:/MSENS_AIG_NEW/AIG_QSENS_FINAL/XCron/lib/xercesImpl.jar;D:/MSENS_AIG_NEW/AIG_QSENS_FINAL/XCron/lib/ojdbc14.jar;D:/MSENS_AIG_NEW/AIG_QSENS_FINAL/XCron/lib/log4j-1.2.15.jar;D:/MSENS_AIG_NEW/AIG_QSENS_FINAL/XCron/lib/commons-pool-1.6.jar;D:/MSENS_AIG_NEW/AIG_QSENS_FINAL/XCron/lib/commons-net-3.0.jar;D:/MSENS_AIG_NEW/AIG_QSENS_FINAL/XCron/lib/commons-dbcp-1.3.jar;D:/MSENS_AIG_NEW/AIG_QSENS_FINAL/XCron/lib/commons-collections-3.2.1.jar;D:/MSENS_AIG_NEW/AIG_QSENS_FINAL/XCron/lib/commons-daemon.jar;D:/MSENS_AIG_NEW/AIG_QSENS_FINAL/XCron/lib/commons-codec-1.4.jar;D:/MSENS_AIG_NEW/AIG_QSENS_FINAL/XCron/lib/jakarta-oro.jar;D:/MSENS_AIG_NEW/AIG_QSENS_FINAL/XCron/lib/megathin2.jar;D:/MSENS_AIG_NEW/AIG_QSENS_FINAL/XCron/lib/opljdbc2.jar;D:/MSENS_AIG_NEW/AIG_QSENS_FINAL/XCron/lib/jcrontab.jar;D:/MSENS_AIG_NEW/AIG_QSENS_FINAL/XCron/lib/bsh.jar;D:/MSENS_AIG_NEW/AIG_QSENS_FINAL/XCron/lib/mssqlserver.jar;D:/MSENS_AIG_NEW/AIG_QSENS_FINAL/XCron/lib/msbase.jar;D:/MSENS_AIG_NEW/AIG_QSENS_FINAL/XCron/lib/msutil.jar;D:/MSENS_AIG_NEW/AIG_QSENS_FINAL/XCron/lib/mysql-connector-5.1.8.jar;D:/MSENS_AIG_NEW/AIG_QSENS_FINAL/XCron/lib/jconn3.jar;D:/MSENS_AIG_NEW/AIG_QSENS_FINAL/XCron/lib/junit.jar;D:/MSENS_AIG_NEW/AIG_QSENS_FINAL/XCron/lib/sigar/sigar.jar;D:/MSENS_AIG_NEW/AIG_QSENS_FINAL/XCron/lib/mail.jar;D:/MSENS_AIG_NEW/AIG_QSENS_FINAL/XCron/lib/activation.jar;D:/MSENS_AIG_NEW/AIG_QSENS_FINAL/XCron/lib/ejb.jar;D:/MSENS_AIG_NEW/AIG_QSENS_FINAL/XCron/lib/jgroups.jar;D:/MSENS_AIG_NEW/AIG_QSENS_FINAL/XCron/lib/db2jcc.jar;D:/MSENS_AIG_NEW/AIG_QSENS_FINAL/XCron/lib/jsch-0.1.52.jar;D:/MSENS_AIG_NEW/AIG_QSENS_FINAL/XCron/lib/XCron-1.1.1.jar;D:/MSENS_AIG_NEW/AIG_QSENS_FINAL/XCron/common;;}
[2020-01-14 11:21:34:034] INFO  - <XCron-Server>==============================================================================
[2020-01-14 11:21:35:035] INFO  - <XCron-Server>DataSource <msensdatasource>
[2020-01-14 11:21:35:035] DEBUG - <XCron-Server>[ id = msensdatasource
, driverName = com.microsoft.jdbc.sqlserver.SQLServerDriver
, url = jdbc:Microsoft:sqlserver://10.48.241.43:1433;databaseName=msens_ob;integratedSecurity=false;failoverPartner=10.48.241.44
, user = {AES}tkUoArFZgt9kpayQiIMCtA==
, password = {AES}guUufQeMdvWVCVIfz8iiGQ==
, maxCapacity(maxActive) = 80
, exhaustedAction(whenExhaustedAction) = 1
, maxWait = 60000
, testQuery = select 1
, maxIdle = 20
, idleTimeOut(timeBetweenEvictionRunsMillis) = 300000
, lifo = true
, minEvictableIdleTimeMillis = 600000
, minIdle = 5
, numTestsPerEvictionRun = 3
, softMinEvictableIdleTimeMillis = -1
, testOnBorrow = false
, testOnReturn = false
, testWhileIdle = true
, maxBatchSize = 10000
, queryTimeout = -1
, productName = null
]
[2020-01-14 11:21:35:035] INFO  - <XCron-Server>DataSource <snmpdatasource>
[2020-01-14 11:21:35:035] DEBUG - <XCron-Server>[ id = snmpdatasource
, driverName = com.microsoft.jdbc.sqlserver.SQLServerDriver
, url = jdbc:Microsoft:sqlserver://10.48.241.57:1433;databaseName=snmp_db;
, user = {AES}tkUoArFZgt9kpayQiIMCtA==
, password = {AES}guUufQeMdvWVCVIfz8iiGQ==
, maxCapacity(maxActive) = 80
, exhaustedAction(whenExhaustedAction) = 1
, maxWait = 60000
, testQuery = select 1
, maxIdle = 20
, idleTimeOut(timeBetweenEvictionRunsMillis) = 300000
, lifo = true
, minEvictableIdleTimeMillis = 600000
, minIdle = 5
, numTestsPerEvictionRun = 3
, softMinEvictableIdleTimeMillis = -1
, testOnBorrow = false
, testOnReturn = false
, testWhileIdle = true
, maxBatchSize = 10000
, queryTimeout = -1
, productName = null
]
[2020-01-14 11:21:35:035] INFO  - <XCron-Server>DataSource <tmdatasource>
[2020-01-14 11:21:35:035] DEBUG - <XCron-Server>[ id = tmdatasource
, driverName = oracle.jdbc.driver.OracleDriver
, url = jdbc:oracle:thin:@10.51.192.49:1521/PCHA
, user = {AES}lIYDNAsmhnOtBF7ZLAyxKQ==
, password = {AES}UMo/LIzvP1xNpPIHWQd/LQ==
, maxCapacity(maxActive) = 80
, exhaustedAction(whenExhaustedAction) = 1
, maxWait = 60000
, testQuery = select 1 from dual
, maxIdle = 20
, idleTimeOut(timeBetweenEvictionRunsMillis) = 300000
, lifo = true
, minEvictableIdleTimeMillis = 600000
, minIdle = 5
, numTestsPerEvictionRun = 3
, softMinEvictableIdleTimeMillis = -1
, testOnBorrow = false
, testOnReturn = false
, testWhileIdle = true
, maxBatchSize = 10000
, queryTimeout = -1
, productName = null
]
[2020-01-14 11:21:35:035] INFO  - <XCron-Server>DataSource <muatdatasource>
[2020-01-14 11:21:35:035] DEBUG - <XCron-Server>[ id = muatdatasource
, driverName = com.microsoft.jdbc.sqlserver.SQLServerDriver
, url = jdbc:Microsoft:sqlserver://10.48.247.186:1433;databaseName=msens_ob;
, user = {AES}LG4WDPTajFxCgzi2rXxR5Q==
, password = {AES}guUufQeMdvWVCVIfz8iiGQ==
, maxCapacity(maxActive) = 80
, exhaustedAction(whenExhaustedAction) = 1
, maxWait = 60000
, testQuery = select 1
, maxIdle = 20
, idleTimeOut(timeBetweenEvictionRunsMillis) = 300000
, lifo = true
, minEvictableIdleTimeMillis = 600000
, minIdle = 5
, numTestsPerEvictionRun = 3
, softMinEvictableIdleTimeMillis = -1
, testOnBorrow = false
, testOnReturn = false
, testWhileIdle = true
, maxBatchSize = 10000
, queryTimeout = -1
, productName = null
]
[2020-01-14 11:21:35:035] INFO  - <XCron-Server>DataSource <mproddatasource>
[2020-01-14 11:21:35:035] DEBUG - <XCron-Server>[ id = mproddatasource
, driverName = com.microsoft.jdbc.sqlserver.SQLServerDriver
, url = jdbc:Microsoft:sqlserver://10.48.241.43:1433;databaseName=msens_ob;integratedSecurity=false;failoverPartner=10.48.241.44
, user = {AES}tkUoArFZgt9kpayQiIMCtA==
, password = {AES}guUufQeMdvWVCVIfz8iiGQ==
, maxCapacity(maxActive) = 80
, exhaustedAction(whenExhaustedAction) = 1
, maxWait = 60000
, testQuery = select 1
, maxIdle = 20
, idleTimeOut(timeBetweenEvictionRunsMillis) = 300000
, lifo = true
, minEvictableIdleTimeMillis = 600000
, minIdle = 5
, numTestsPerEvictionRun = 3
, softMinEvictableIdleTimeMillis = -1
, testOnBorrow = false
, testOnReturn = false
, testWhileIdle = true
, maxBatchSize = 10000
, queryTimeout = -1
, productName = null
]
[2020-01-14 11:21:35:035] DEBUG - <XCron-Server>[ Name=from_date Length=8 DefaultValue= Type=STRING Direction=IN Validation= ]
[2020-01-14 11:21:35:035] DEBUG - <XCron-Server>[ Name=to_date Length=8 DefaultValue= Type=STRING Direction=IN Validation= ]
[2020-01-14 11:21:35:035] DEBUG - <XCron-Server>RequestGroup <db.tm.tb_user.select,db.msens.ms_usermaster_batch.insert,db.tm.tb_codebook_SYS999_SYS001.select,db.msens.ms_codebook_SYS001_SYS011.insert>
[2020-01-14 11:21:35:035] INFO  - <XCron-Server>Service <SVC_COM_001>
[2020-01-14 11:21:35:035] DEBUG - <XCron-Server>[ Name=from_date Length=8 DefaultValue= Type=STRING Direction=IN Validation= ]
[2020-01-14 11:21:35:035] DEBUG - <XCron-Server>[ Name=to_date Length=8 DefaultValue= Type=STRING Direction=IN Validation= ]
[2020-01-14 11:21:35:035] DEBUG - <XCron-Server>RequestGroup <db.tm.tb_group_info.select,db.msens.ms_dept.insert>
[2020-01-14 11:21:35:035] DEBUG - <XCron-Server>RequestGroup <db.tm.tb_codebook_SYS057.select,db.msens.ms_codebook_SYS002.insert>
[2020-01-14 11:21:35:035] INFO  - <XCron-Server>Service <SVC_COM_002>
[2020-01-14 11:21:35:035] DEBUG - <XCron-Server>RequestGroup <db.tm.tb_sc_code_mng.select,db.msens.tb_sc_code_mng.insert>
[2020-01-14 11:21:35:035] DEBUG - <XCron-Server>RequestGroup <db.tm.tb_sc_mng.select,db.msens.tb_sc_mng.insert>
[2020-01-14 11:21:35:035] DEBUG - <XCron-Server>RequestGroup <db.tm.tb_codebook_SYS119.select,db.msens.ms_codebook_SYS105.insert>
[2020-01-14 11:21:35:035] INFO  - <XCron-Server>Service <SVC_COM_003>
[2020-01-14 11:21:35:035] DEBUG - <XCron-Server>RequestGroup <db.msens.tb_qst_kind_mng.delete,db.tm.tb_qst_kind_mng.select,db.msens.tb_qst_kind_mng.insert>
[2020-01-14 11:21:35:035] INFO  - <XCron-Server>Service <SVC_COM_004>
[2020-01-14 11:21:35:035] DEBUG - <XCron-Server>[ Name=from_date Length=14 DefaultValue= Type=STRING Direction=IN Validation= ]
[2020-01-14 11:21:35:035] DEBUG - <XCron-Server>[ Name=to_date Length=14 DefaultValue= Type=STRING Direction=IN Validation= ]
[2020-01-14 11:21:35:035] DEBUG - <XCron-Server>RequestGroup <msens.xcron.hansol.qstmngWebaction>
[2020-01-14 11:21:35:035] INFO  - <XCron-Server>Service <SVC_COM_005>
[2020-01-14 11:21:35:035] DEBUG - <XCron-Server>RequestGroup <db.tm.tb_user_workmonth.select,db.msens.ms_usermaster_workmonth.update>
[2020-01-14 11:21:35:035] INFO  - <XCron-Server>Service <SVC_COM_006>
[2020-01-14 11:21:35:035] DEBUG - <XCron-Server>[ Name=from_date Length=14 DefaultValue= Type=STRING Direction=IN Validation= ]
[2020-01-14 11:21:35:035] DEBUG - <XCron-Server>[ Name=to_date Length=14 DefaultValue= Type=STRING Direction=IN Validation= ]
[2020-01-14 11:21:35:035] DEBUG - <XCron-Server>RequestGroup <msens.xcron.hansol.VRSParserWebaction>
[2020-01-14 11:21:35:035] INFO  - <XCron-Server>Service <SVC_COM_007>
[2020-01-14 11:21:35:035] DEBUG - <XCron-Server>RequestGroup <db.msens.ms_xcron_file_log.delete.term,db.msens.ms_xcron_service_log.delete.term>
[2020-01-14 11:21:35:035] DEBUG - <XCron-Server>RequestGroup <db.msens.ms_login_log.delete.term>
[2020-01-14 11:21:35:035] DEBUG - <XCron-Server>RequestGroup <db.msens.ms_player_log.delete.term>
[2020-01-14 11:21:35:035] DEBUG - <XCron-Server>RequestGroup <db.msens.ms_stt_rslt.delete.term>
[2020-01-14 11:21:35:035] INFO  - <XCron-Server>Service <SVC_COM_008>
[2020-01-14 11:21:35:035] INFO  - <XCron-Server>Service <SVC_COM_009>
[2020-01-14 11:21:35:035] DEBUG - <XCron-Server>RequestGroup <msens.xcron.hansol.wavfile.delete.action>
[2020-01-14 11:21:35:035] DEBUG - <XCron-Server>RequestGroup <msens.xcron.hansol.autoDownload.flag.update>
[2020-01-14 11:21:35:035] INFO  - <XCron-Server>Service <SVC_COM_010>
[2020-01-14 11:21:35:035] DEBUG - <XCron-Server>[ Name=from_date Length=10 DefaultValue= Type=STRING Direction=IN Validation= ]
[2020-01-14 11:21:35:035] DEBUG - <XCron-Server>RequestGroup <db.msens.ms_value_min.delete.term,db.msens.ms_value_usage.delete.term,db.msens.ms_value_usage_et.delete.term,db.msens.ms_value.delete.term>
[2020-01-14 11:21:35:035] INFO  - <XCron-Server>Service <SVC_COM_011>
[2020-01-14 11:21:35:035] DEBUG - <XCron-Server>RequestGroup <db.tm.tbia101.select,db.msens.ms_product.insert>
[2020-01-14 11:21:35:035] DEBUG - <XCron-Server>RequestGroup <db.tm.tbia102.select,db.msens.ms_dmbo.insert>
[2020-01-14 11:21:35:035] INFO  - <XCron-Server>Service <SVC_COM_012>
[2020-01-14 11:21:35:035] DEBUG - <XCron-Server>[ Name=from_date Length=8 DefaultValue= Type=STRING Direction=IN Validation= ]
[2020-01-14 11:21:35:035] DEBUG - <XCron-Server>[ Name=to_date Length=8 DefaultValue= Type=STRING Direction=IN Validation= ]
[2020-01-14 11:21:35:035] DEBUG - <XCron-Server>RequestGroup <db.tm.tb_pre_est_allocate_mng.select,db.msens.tb_pre_est_allocate_mng.insert>
[2020-01-14 11:21:35:035] INFO  - <XCron-Server>Service <SVC_COM_013>
[2020-01-14 11:21:35:035] DEBUG - <XCron-Server>[ Name=from_date Length=8 DefaultValue= Type=STRING Direction=IN Validation= ]
[2020-01-14 11:21:35:035] DEBUG - <XCron-Server>[ Name=to_date Length=8 DefaultValue= Type=STRING Direction=IN Validation= ]
[2020-01-14 11:21:35:035] DEBUG - <XCron-Server>RequestGroup <db.tm.tb_holiday.select,db.msens.ms_holiday_info.insert>
[2020-01-14 11:21:35:035] INFO  - <XCron-Server>Service <SVC_COM_014>
[2020-01-14 11:21:35:035] DEBUG - <XCron-Server>[ Name=from_date Length=8 DefaultValue= Type=STRING Direction=IN Validation= ]
[2020-01-14 11:21:35:035] DEBUG - <XCron-Server>[ Name=to_date Length=8 DefaultValue= Type=STRING Direction=IN Validation= ]
[2020-01-14 11:21:35:035] DEBUG - <XCron-Server>RequestGroup <db.tm.tb_insu_plan_mast.ass_user.select,db.msens.ms_stt_meta.ass_user.update>
[2020-01-14 11:21:35:035] DEBUG - <XCron-Server>RequestGroup <db.msens.ms_stt_meta.cur_con_ent_dgn_no.select,db.tm.tb_pre_est_history.est_info.select,db.msens.ms_pre_est_info.est_info.insert>
[2020-01-14 11:21:35:035] INFO  - <XCron-Server>Service <SVC_COM_015>
[2020-01-14 11:21:35:035] DEBUG - <XCron-Server>RequestGroup <db.uat.msens.tb_sc_code_mng.utp.select,db.msens.tb_sc_code_mng.utp.insert>
[2020-01-14 11:21:35:035] DEBUG - <XCron-Server>RequestGroup <db.uat.msens.tb_sc_mng.utp.select,db.msens.tb_sc_mng.utp.insert>
[2020-01-14 11:21:35:035] INFO  - <XCron-Server>Service <SVC_COM_016>
[2020-01-14 11:21:35:035] DEBUG - <XCron-Server>RequestGroup <db.msens.tb_qst_kind_mng.utp.delete,db.uat.msens.tb_qst_kind_mng.utp.select,db.msens.tb_qst_kind_mng.utp.insert>
[2020-01-14 11:21:35:035] INFO  - <XCron-Server>Service <SVC_COM_017>
[2020-01-14 11:21:35:035] DEBUG - <XCron-Server>RequestGroup <db.uat.msens.tb_codebook_SYS119.utp.select,db.msens.ms_codebook_SYS105.utp.insert>
[2020-01-14 11:21:35:035] INFO  - <XCron-Server>Service <SVC_COM_018>
[2020-01-14 11:21:35:035] DEBUG - <XCron-Server>RequestGroup <db.prod.msens.ms_ment_mng.utp.del,db.uat.msens.ms_ment_mng.utp.select,db.prod.msens.ms_ment_mng.utp.ins>
[2020-01-14 11:21:35:035] INFO  - <XCron-Server>Service <SVC_COM_019>
[2020-01-14 11:21:35:035] DEBUG - <XCron-Server>[ Name=from_date Length=8 DefaultValue= Type=STRING Direction=IN Validation= ]
[2020-01-14 11:21:35:035] DEBUG - <XCron-Server>RequestGroup <db.msens.ms_qc_work_stat.endtime.update, db.msens.ms_ins_timestamp.endtime.update>
[2020-01-14 11:21:35:035] DEBUG - <XCron-Server>RequestGroup <db.msens.ms_qc_work_stat.sum.select, db.msens.ms_qc_work_sum.sum.insert, db.msens.ms_qc_work_stat.delete>
[2020-01-14 11:21:35:035] DEBUG - <XCron-Server>RequestGroup <db.msens.ms_ins_timestamp.sum.select, db.msens.ms_ins_timestamp_sum.sum.insert, db.msens.ms_ins_timestamp.delete>
[2020-01-14 11:21:35:035] INFO  - <XCron-Server>Service <SVC_COM_020>
[2020-01-14 11:21:35:035] DEBUG - <XCron-Server>[ Name=from_date Length=14 DefaultValue= Type=STRING Direction=IN Validation= ]
[2020-01-14 11:21:35:035] DEBUG - <XCron-Server>RequestGroup <db.msens.ms_stt_result.delete.term>
[2020-01-14 11:21:35:035] DEBUG - <XCron-Server>RequestGroup <db.msens.ms_stt_meta.delete.term>
[2020-01-14 11:21:35:035] DEBUG - <XCron-Server>RequestGroup <db.msens.ms_script_result.delete.term>
[2020-01-14 11:21:35:035] DEBUG - <XCron-Server>RequestGroup <db.msens.ms_search_result.delete.term>
[2020-01-14 11:21:35:035] DEBUG - <XCron-Server>RequestGroup <db.msens.ms_grade_result.delete.term>
[2020-01-14 11:21:35:035] DEBUG - <XCron-Server>RequestGroup <db.msens.ms_bef_est_score.delete.term>
[2020-01-14 11:21:35:035] DEBUG - <XCron-Server>RequestGroup <db.msens.ms_bef_mrls.delete.term>
[2020-01-14 11:21:35:035] INFO  - <XCron-Server>Service <SVC_COM_021>
[2020-01-14 11:21:35:035] DEBUG - <XCron-Server>[ Name=from_date Length=8 DefaultValue= Type=STRING Direction=IN Validation= ]
[2020-01-14 11:21:35:035] DEBUG - <XCron-Server>[ Name=to_date Length=8 DefaultValue= Type=STRING Direction=IN Validation= ]
[2020-01-14 11:21:35:035] DEBUG - <XCron-Server>RequestGroup <db.msens.tb_reject_list.select,db.msens.ms_reject_list.insert>
[2020-01-14 11:21:35:035] INFO  - <XCron-Server>Service <SVC_COM_022>
[2020-01-14 11:21:35:035] DEBUG - <XCron-Server>[ Name=from_date Length=14 DefaultValue= Type=STRING Direction=IN Validation= ]
[2020-01-14 11:21:35:035] DEBUG - <XCron-Server>RequestGroup <db.msens.tb_sc_qst_mng.delete.term>
[2020-01-14 11:21:35:035] INFO  - <XCron-Server>Service <SVC_COM_023>
[2020-01-14 11:21:35:035] DEBUG - <XCron-Server>RequestGroup <msens.xcron.hansol.sttmetawebaction>
[2020-01-14 11:21:35:035] INFO  - <XCron-Server>Service <SVC_MS_001>
[2020-01-14 11:21:35:035] DEBUG - <XCron-Server>RequestGroup <msens.xcron.hansol.sttmetawebaction2>
[2020-01-14 11:21:35:035] INFO  - <XCron-Server>Service <SVC_MS_001_1>
[2020-01-14 11:21:35:035] DEBUG - <XCron-Server>RequestGroup <msens.xcron.hansol.scriptResultWebAction>
[2020-01-14 11:21:35:035] INFO  - <XCron-Server>Service <SVC_MS_002>
[2020-01-14 11:21:35:035] DEBUG - <XCron-Server>RequestGroup <msens.xcron.hansol.scriptResultWebAction2>
[2020-01-14 11:21:35:035] INFO  - <XCron-Server>Service <SVC_MS_002_1>
[2020-01-14 11:21:35:035] DEBUG - <XCron-Server>RequestGroup <msens.xcron.hansol.searchResultWebAction>
[2020-01-14 11:21:35:035] INFO  - <XCron-Server>Service <SVC_MS_003>
[2020-01-14 11:21:35:035] DEBUG - <XCron-Server>RequestGroup <msens.xcron.hansol.searchResultWebAction2>
[2020-01-14 11:21:35:035] INFO  - <XCron-Server>Service <SVC_MS_003_1>
[2020-01-14 11:21:35:035] DEBUG - <XCron-Server>RequestGroup <msens.xcron.hansol.graderesultwebaction>
[2020-01-14 11:21:35:035] INFO  - <XCron-Server>Service <SVC_MS_004>
[2020-01-14 11:21:35:035] DEBUG - <XCron-Server>RequestGroup <msens.xcron.hansol.graderesultwebaction2>
[2020-01-14 11:21:35:035] INFO  - <XCron-Server>Service <SVC_MS_004_1>
[2020-01-14 11:21:35:035] DEBUG - <XCron-Server>RequestGroup <msens.xcron.hansol.autoAssignwebaction>
[2020-01-14 11:21:35:035] INFO  - <XCron-Server>Service <SVC_MS_005>
[2020-01-14 11:21:35:035] DEBUG - <XCron-Server>RequestGroup <msens.xcron.hansol.autoAssignwebaction2>
[2020-01-14 11:21:35:035] INFO  - <XCron-Server>Service <SVC_MS_005_1>
[2020-01-14 11:21:35:035] DEBUG - <XCron-Server>RequestGroup <msens.xcron.hansol.systeminfocachecall>
[2020-01-14 11:21:35:035] INFO  - <XCron-Server>Service <SVC_MS_007>
[2020-01-14 11:21:35:035] DEBUG - <XCron-Server>RequestGroup <msens.xcron.hansol.getRealtimewebaction>
[2020-01-14 11:21:35:035] INFO  - <XCron-Server>Service <SVC_MS_008>
[2020-01-14 11:21:35:035] DEBUG - <XCron-Server>RequestGroup <msens.xcron.hansol.getRealtimewebaction2>
[2020-01-14 11:21:35:035] INFO  - <XCron-Server>Service <SVC_MS_008_1>
[2020-01-14 11:21:35:035] DEBUG - <XCron-Server>[ Name=from_date Length=8 DefaultValue= Type=STRING Direction=IN Validation= ]
[2020-01-14 11:21:35:035] DEBUG - <XCron-Server>[ Name=to_date Length=8 DefaultValue= Type=STRING Direction=IN Validation= ]
[2020-01-14 11:21:35:035] DEBUG - <XCron-Server>RequestGroup <db.msens.ms_stt_meta_flages.update>
[2020-01-14 11:21:35:035] INFO  - <XCron-Server>Service <SVC_MS_009>
[2020-01-14 11:21:35:035] DEBUG - <XCron-Server>RequestGroup <msens.xcron.hansol.sttContentSplitWebaction>
[2020-01-14 11:21:35:035] INFO  - <XCron-Server>Service <SVC_MS_012>
[2020-01-14 11:21:35:035] DEBUG - <XCron-Server>RequestGroup <msens.xcron.hansol.sttContentSplitWebaction2>
[2020-01-14 11:21:35:035] INFO  - <XCron-Server>Service <SVC_MS_012_1>
[2020-01-14 11:21:35:035] DEBUG - <XCron-Server>RequestGroup <db.tm.tb_pre_est_history.select, db.msens.tm.tb_pre_est_history.insert>
[2020-01-14 11:21:35:035] DEBUG - <XCron-Server>RequestGroup <db.tm.ms_bef_est_score.select,db.msens.ms_bef_est_score.insert>
[2020-01-14 11:21:35:035] INFO  - <XCron-Server>Service <SVC_MS_013>
[2020-01-14 11:21:35:035] DEBUG - <XCron-Server>RequestGroup <msens.xcron.hansol.codeutilWebaction>
[2020-01-14 11:21:35:035] INFO  - <XCron-Server>Service <SVC_MS_020>
[2020-01-14 11:21:35:035] DEBUG - <XCron-Server>[ Name=from_date Length=8 DefaultValue= Type=STRING Direction=IN Validation= ]
[2020-01-14 11:21:35:035] DEBUG - <XCron-Server>[ Name=to_date Length=8 DefaultValue= Type=STRING Direction=IN Validation= ]
[2020-01-14 11:21:35:035] DEBUG - <XCron-Server>RequestGroup <msens.xcron.hansol.sttBulkWebAction>
[2020-01-14 11:21:35:035] INFO  - <XCron-Server>Service <SVC_MS_014>
[2020-01-14 11:21:35:035] DEBUG - <XCron-Server>RequestGroup <msens.xcron.hansol.qstmngbulkWebaction>
[2020-01-14 11:21:35:035] INFO  - <XCron-Server>Service <SVC_BATCH_001>
[2020-01-14 11:21:35:035] DEBUG - <XCron-Server>RequestGroup <msens.xcron.hansol.autoDownload>
[2020-01-14 11:21:35:035] INFO  - <XCron-Server>Service <SVC_MS_015>
[2020-01-14 11:21:35:035] DEBUG - <XCron-Server>[ Name=from_date Length=8 DefaultValue= Type=STRING Direction=IN Validation= ]
[2020-01-14 11:21:35:035] DEBUG - <XCron-Server>[ Name=to_date Length=8 DefaultValue= Type=STRING Direction=IN Validation= ]
[2020-01-14 11:21:35:035] DEBUG - <XCron-Server>RequestGroup <db.tm.getBefMrLs,db.msens.ms_bef_mrls_list.insert>
[2020-01-14 11:21:35:035] INFO  - <XCron-Server>Service <SVC_MS_016>
[2020-01-14 11:21:35:035] DEBUG - <XCron-Server>RequestGroup <msens.xcron.hansol.mrLsListWebAction>
[2020-01-14 11:21:35:035] INFO  - <XCron-Server>Service <SVC_MS_017>
[2020-01-14 11:21:35:035] DEBUG - <XCron-Server>[ id = msens.xcron.hansol.codeutilWebaction
, resultName = 
, batchName = 
, dataSource = 
, parameter = 
, initialize = import java.io.BufferedReader;
						import java.io.InputStreamReader;
						import java.net.URL;
						import java.net.URLConnection;
						import com.inticube.xcron.logs.Logger;
						import java.net.InetAddress;
						
						try {
							String serverIp = InetAddress.getLocalHost().getHostAddress();
							//String sUrl = "http://10.48.241.41:8080/msens/cs.com.codeutil.refresh.do?cmd=refresh";
							
							String sUrl = "http://"+serverIp+":8080/msens/cs.com.codeutil.refresh.do?cmd=refresh";
							
							URL url = new URL(sUrl);
							URLConnection urlConnection = url.openConnection();
							            
							BufferedReader in = new BufferedReader(new InputStreamReader(urlConnection.getInputStream()));
							
							String inputLine = "";
										
							while ((inputLine = in.readLine()) != null) { 
								System.out.println(inputLine);
							}
							
							in.close();
						} catch(Exception e) {
							Logger.error(e.getMessage(), e);
						}
. finalize = 
. validationAction = Skip
]
[2020-01-14 11:21:35:035] DEBUG - <XCron-Server>[ id = msens.xcron.hansol.sttmetawebaction
, resultName = 
, batchName = 
, dataSource = 
, parameter = 
, initialize = import java.io.BufferedReader;
						import java.io.InputStreamReader;
						import java.net.URL;
						import java.net.URLConnection;
						import com.inticube.xcron.logs.Logger;
						import java.net.InetAddress;
						
						try {
							String serverIp = InetAddress.getLocalHost().getHostAddress();
							String sUrl = "http://"+serverIp+":8080/msens/msens.xcron.hansol.sttmetawebaction.do";
							
							//String sUrl = "http://10.48.241.41:8080/msens/msens.xcron.hansol.sttmetawebaction.do";
							URL url = new URL(sUrl);
							URLConnection urlConnection = url.openConnection();
							            
							BufferedReader in = new BufferedReader(new InputStreamReader(urlConnection.getInputStream()));
							
							String inputLine = "";
										
							while ((inputLine = in.readLine()) != null) { 
								System.out.println(inputLine);
							}
							
							in.close();
						} catch(Exception e) {
							Logger.error(e.getMessage(), e);
						}
. finalize = 
. validationAction = Skip
]
[2020-01-14 11:21:35:035] DEBUG - <XCron-Server>[ id = msens.xcron.hansol.sttmetawebaction2
, resultName = 
, batchName = 
, dataSource = 
, parameter = 
, initialize = import java.io.BufferedReader;
						import java.io.InputStreamReader;
						import java.net.URL;
						import java.net.URLConnection;
						import com.inticube.xcron.logs.Logger;
						import java.net.InetAddress;
						
						try {
							String serverIp = InetAddress.getLocalHost().getHostAddress();
							String sUrl = "http://"+serverIp+":8080/msens/msens.xcron.hansol.sttmetawebaction.do";
							//String sUrl = "http://10.48.241.41:8080/msens/msens.xcron.hansol.sttmetawebaction.do";
							URL url = new URL(sUrl);
							URLConnection urlConnection = url.openConnection();
							            
							BufferedReader in = new BufferedReader(new InputStreamReader(urlConnection.getInputStream()));
							
							String inputLine = "";
										
							while ((inputLine = in.readLine()) != null) { 
								System.out.println(inputLine);
							}
							
							in.close();
						} catch(Exception e) {
							Logger.error(e.getMessage(), e);
						}
. finalize = 
. validationAction = Skip
]
[2020-01-14 11:21:35:035] DEBUG - <XCron-Server>[ id = msens.xcron.hansol.scriptResultWebAction
, resultName = 
, batchName = 
, dataSource = 
, parameter = 
, initialize = import java.io.BufferedReader;
						import java.io.InputStreamReader;
						import java.net.URL;
						import java.net.URLConnection;
						import com.inticube.xcron.logs.Logger;
						import java.net.InetAddress;
						
						
						try {
							String serverIp = InetAddress.getLocalHost().getHostAddress();
							String sUrl = "http://"+serverIp+":8080/msens/msens.xcron.hansol.scriptresultwebaction.do";
							//String sUrl = "http://10.48.241.41:8080/msens/msens.xcron.hansol.scriptresultwebaction.do";
							URL url = new URL(sUrl);
							URLConnection urlConnection = url.openConnection();
							            
							BufferedReader in = new BufferedReader(new InputStreamReader(urlConnection.getInputStream()));
							
							String inputLine = "";
										
							while ((inputLine = in.readLine()) != null) { 
								System.out.println(inputLine);
							}
							
							in.close();
						} catch(Exception e) {
							Logger.error(e.getMessage(), e);
						}
. finalize = 
. validationAction = Skip
]
[2020-01-14 11:21:35:035] DEBUG - <XCron-Server>[ id = msens.xcron.hansol.scriptResultWebAction2
, resultName = 
, batchName = 
, dataSource = 
, parameter = 
, initialize = import java.io.BufferedReader;
						import java.io.InputStreamReader;
						import java.net.URL;
						import java.net.URLConnection;
						import com.inticube.xcron.logs.Logger;
						import java.net.InetAddress;
						
						try {
							String serverIp = InetAddress.getLocalHost().getHostAddress();
							String sUrl = "http://"+serverIp+":8080/msens/msens.xcron.hansol.scriptresultwebaction.do";
							//String sUrl = "http://10.48.241.41:8080/msens/msens.xcron.hansol.scriptresultwebaction.do";
							URL url = new URL(sUrl);
							URLConnection urlConnection = url.openConnection();
							            
							BufferedReader in = new BufferedReader(new InputStreamReader(urlConnection.getInputStream()));
							
							String inputLine = "";
										
							while ((inputLine = in.readLine()) != null) { 
								System.out.println(inputLine);
							}
							
							in.close();
						} catch(Exception e) {
							Logger.error(e.getMessage(), e);
						}
. finalize = 
. validationAction = Skip
]
[2020-01-14 11:21:35:035] DEBUG - <XCron-Server>[ id = msens.xcron.hansol.searchResultWebAction
, resultName = 
, batchName = 
, dataSource = 
, parameter = 
, initialize = import java.io.BufferedReader;
						import java.io.InputStreamReader;
						import java.net.URL;
						import java.net.URLConnection;
						import com.inticube.xcron.logs.Logger;
						import java.net.InetAddress;
						
						try {
							String serverIp = InetAddress.getLocalHost().getHostAddress();
							String sUrl = "http://"+serverIp+":8080/msens/msens.xcron.hansol.searchResultWebAction.do";
							//String sUrl = "http://10.48.241.41:8080/msens/msens.xcron.hansol.searchResultWebAction.do";
							URL url = new URL(sUrl);
							URLConnection urlConnection = url.openConnection();
							            
							BufferedReader in = new BufferedReader(new InputStreamReader(urlConnection.getInputStream()));
							
							String inputLine = "";
										
							while ((inputLine = in.readLine()) != null) { 
								System.out.println(inputLine);
							}
							
							in.close();
						} catch(Exception e) {
							Logger.error(e.getMessage(), e);
						}
. finalize = 
. validationAction = Skip
]
[2020-01-14 11:21:35:035] DEBUG - <XCron-Server>[ id = msens.xcron.hansol.searchResultWebAction2
, resultName = 
, batchName = 
, dataSource = 
, parameter = 
, initialize = import java.io.BufferedReader;
						import java.io.InputStreamReader;
						import java.net.URL;
						import java.net.URLConnection;
						import com.inticube.xcron.logs.Logger;
						import java.net.InetAddress;
						
						try {
							String serverIp = InetAddress.getLocalHost().getHostAddress();
							String sUrl = "http://"+serverIp+":8080/msens/msens.xcron.hansol.searchResultWebAction.do";
							//String sUrl = "http://10.48.241.41:8080/msens/msens.xcron.hansol.searchResultWebAction.do";
							URL url = new URL(sUrl);
							URLConnection urlConnection = url.openConnection();
							            
							BufferedReader in = new BufferedReader(new InputStreamReader(urlConnection.getInputStream()));
							
							String inputLine = "";
										
							while ((inputLine = in.readLine()) != null) { 
								System.out.println(inputLine);
							}
							
							in.close();
						} catch(Exception e) {
							Logger.error(e.getMessage(), e);
						}
. finalize = 
. validationAction = Skip
]
[2020-01-14 11:21:35:035] DEBUG - <XCron-Server>[ id = msens.xcron.hansol.graderesultwebaction
, resultName = 
, batchName = 
, dataSource = 
, parameter = 
, initialize = import java.io.BufferedReader;
						import java.io.InputStreamReader;
						import java.net.URL;
						import java.net.URLConnection;
						import com.inticube.xcron.logs.Logger;
						import java.net.InetAddress;
						
						try {
							String serverIp = InetAddress.getLocalHost().getHostAddress();
							String sUrl = "http://"+serverIp+":8080/msens/msens.xcron.hansol.graderesultwebaction.do";
							//String sUrl = "http://10.48.241.41:8080/msens/msens.xcron.hansol.graderesultwebaction.do";
							URL url = new URL(sUrl);
							URLConnection urlConnection = url.openConnection();
							            
							BufferedReader in = new BufferedReader(new InputStreamReader(urlConnection.getInputStream()));
							
							String inputLine = "";
										
							while ((inputLine = in.readLine()) != null) { 
								System.out.println(inputLine);
							}
							
							in.close();
						} catch(Exception e) {
							Logger.error(e.getMessage(), e);
						}
. finalize = 
. validationAction = Skip
]
[2020-01-14 11:21:35:035] DEBUG - <XCron-Server>[ id = msens.xcron.hansol.graderesultwebaction2
, resultName = 
, batchName = 
, dataSource = 
, parameter = 
, initialize = import java.io.BufferedReader;
						import java.io.InputStreamReader;
						import java.net.URL;
						import java.net.URLConnection;
						import com.inticube.xcron.logs.Logger;
						import java.net.InetAddress;
						
						try {
							String serverIp = InetAddress.getLocalHost().getHostAddress();
							String sUrl = "http://"+serverIp+":8080/msens/msens.xcron.hansol.graderesultwebaction.do";
							//String sUrl = "http://10.48.241.41:8080/msens/msens.xcron.hansol.graderesultwebaction.do";
							URL url = new URL(sUrl);
							URLConnection urlConnection = url.openConnection();
							            
							BufferedReader in = new BufferedReader(new InputStreamReader(urlConnection.getInputStream()));
							
							String inputLine = "";
										
							while ((inputLine = in.readLine()) != null) { 
								System.out.println(inputLine);
							}
							
							in.close();
						} catch(Exception e) {
							Logger.error(e.getMessage(), e);
						}
. finalize = 
. validationAction = Skip
]
[2020-01-14 11:21:35:035] DEBUG - <XCron-Server>[ id = msens.xcron.hansol.autoAssignwebaction
, resultName = 
, batchName = 
, dataSource = 
, parameter = 
, initialize = import java.io.BufferedReader;
						import java.io.InputStreamReader;
						import java.net.URL;
						import java.net.URLConnection;
						import com.inticube.xcron.logs.Logger;
						import java.net.InetAddress;
						
						try {
							String serverIp = InetAddress.getLocalHost().getHostAddress();
							String sUrl = "http://"+serverIp+":8080/msens/msens.xcron.hansol.autoAssignwebaction.do";
							//String sUrl = "http://10.48.241.41:8080/msens/msens.xcron.hansol.autoAssignwebaction.do";
							URL url = new URL(sUrl);
							URLConnection urlConnection = url.openConnection();
							            
							BufferedReader in = new BufferedReader(new InputStreamReader(urlConnection.getInputStream()));
							
							String inputLine = "";
										
							while ((inputLine = in.readLine()) != null) { 
								System.out.println(inputLine);
							}
							
							in.close();
						} catch(Exception e) {
							Logger.error(e.getMessage(), e);
						}
. finalize = 
. validationAction = Skip
]
[2020-01-14 11:21:35:035] DEBUG - <XCron-Server>[ id = msens.xcron.hansol.autoAssignwebaction2
, resultName = 
, batchName = 
, dataSource = 
, parameter = 
, initialize = import java.io.BufferedReader;
						import java.io.InputStreamReader;
						import java.net.URL;
						import java.net.URLConnection;
						import com.inticube.xcron.logs.Logger;
						import java.net.InetAddress;
						
						try {
							String serverIp = InetAddress.getLocalHost().getHostAddress();
							String sUrl = "http://"+serverIp+":8080/msens/msens.xcron.hansol.autoAssignwebaction.do";
							//String sUrl = "http://10.48.241.41:8080/msens/msens.xcron.hansol.autoAssignwebaction.do";
							URL url = new URL(sUrl);
							URLConnection urlConnection = url.openConnection();
							            
							BufferedReader in = new BufferedReader(new InputStreamReader(urlConnection.getInputStream()));
							
							String inputLine = "";
										
							while ((inputLine = in.readLine()) != null) { 
								System.out.println(inputLine);
							}
							
							in.close();
						} catch(Exception e) {
							Logger.error(e.getMessage(), e);
						}
. finalize = 
. validationAction = Skip
]
[2020-01-14 11:21:35:035] DEBUG - <XCron-Server>[ id = msens.xcron.hansol.dashboardcachecall
, resultName = 
, batchName = 
, dataSource = 
, parameter = 
, initialize = import java.io.BufferedReader;
						import java.io.InputStreamReader;
						import java.net.URL;
						import java.net.URLConnection;
						import com.inticube.xcron.logs.Logger;
						import java.net.InetAddress;
						
						try {
							String serverIp = InetAddress.getLocalHost().getHostAddress();
							String sUrl = "http://"+serverIp+":8080/msens/msens.xcron.hansol.dashboardcachecall.do";
							//String sUrl = "http://10.48.241.41:8080/msens/msens.xcron.hansol.dashboardcachecall.do";
							URL url = new URL(sUrl);
							URLConnection urlConnection = url.openConnection();
							            
							BufferedReader in = new BufferedReader(new InputStreamReader(urlConnection.getInputStream()));
							
							String inputLine = "";
										
							while ((inputLine = in.readLine()) != null) { 
								System.out.println(inputLine);
							}
							
							in.close();
						} catch(Exception e) {
							Logger.error(e.getMessage(), e);
						}
. finalize = 
. validationAction = Skip
]
[2020-01-14 11:21:35:035] DEBUG - <XCron-Server>[ id = msens.xcron.hansol.qstmngWebaction
, resultName = 
, batchName = 
, dataSource = 
, parameter = 
, initialize = import java.io.BufferedReader;
						import java.io.InputStreamReader;
						import java.net.URL;
						import java.net.URLConnection;
						import com.inticube.xcron.logs.Logger;
						import java.net.InetAddress;
						
						try {
							String serverIp = InetAddress.getLocalHost().getHostAddress();
							String sUrl = "http://"+serverIp+":8080/msens/msens.xcron.hansol.qstMngWebaction.do";
							//String sUrl = "http://10.48.241.41:8080/msens/msens.xcron.hansol.qstMngWebaction.do";
							
							String from_date = params.getValue("#PARAM").getString("from_date");
							String to_date = params.getValue("#PARAM").getString("to_date");
							//if(from_date.equals("")) from_date = "";
							//파라미터 안보내면 어제꺼 작업함.
							sUrl += "?from_date=" + from_date + "&to_date=" + to_date;
							
							URL url = new URL(sUrl);
							URLConnection urlConnection = url.openConnection();
							            
							BufferedReader in = new BufferedReader(new InputStreamReader(urlConnection.getInputStream()));
							
							String inputLine = "";
										
							while ((inputLine = in.readLine()) != null) { 
								System.out.println(inputLine);
							}
							
							in.close();
						} catch(Exception e) {
							Logger.error(e.getMessage(), e);
						}
. finalize = 
. validationAction = Skip
]
[2020-01-14 11:21:35:035] DEBUG - <XCron-Server>[ id = msens.xcron.hansol.VRSParserWebaction
, resultName = 
, batchName = 
, dataSource = 
, parameter = 
, initialize = import java.io.BufferedReader;
						import java.io.InputStreamReader;
						import java.net.URL;
						import java.net.URLConnection;
						import com.inticube.xcron.logs.Logger;
						import java.net.InetAddress;
						
						try {
							String serverIp = InetAddress.getLocalHost().getHostAddress();
							String sUrl = "http://"+serverIp+":8080/msens/msens.xcron.hansol.VRSParserWebAction.do";
							//String sUrl = "http://10.48.241.41:8080/msens/msens.xcron.hansol.VRSParserWebAction.do";
								
							String from_date = params.getValue("#PARAM").getString("from_date");
							String to_date = params.getValue("#PARAM").getString("to_date");
							sUrl += "?from_date=" + from_date + "&to_date=" + to_date;
	
							URL url = new URL(sUrl);
							URLConnection urlConnection = url.openConnection();
							            
							BufferedReader in = new BufferedReader(new InputStreamReader(urlConnection.getInputStream()));
							
							String inputLine = "";
										
							while ((inputLine = in.readLine()) != null) { 
								System.out.println(inputLine);
							}
							
							in.close();
						} catch(Exception e) {
							Logger.error(e.getMessage(), e);
						}
. finalize = 
. validationAction = Skip
]
[2020-01-14 11:21:35:035] DEBUG - <XCron-Server>[ id = msens.xcron.hansol.alarmmonitoringcachecall
, resultName = 
, batchName = 
, dataSource = 
, parameter = 
, initialize = import java.io.BufferedReader;
						import java.io.InputStreamReader;
						import java.net.URL;
						import java.net.URLConnection;
						import com.inticube.xcron.logs.Logger;
						import java.net.InetAddress;
						
						try {
							String serverIp = InetAddress.getLocalHost().getHostAddress();
							String sUrl = "http://"+serverIp+":8080/msens/msens.xcron.hansol.alarmmonitoringcachecall.do";
							//String sUrl = "http://10.48.241.41:8080/msens/msens.xcron.hansol.alarmmonitoringcachecall.do";
							URL url = new URL(sUrl);
							URLConnection urlConnection = url.openConnection();
							            
							BufferedReader in = new BufferedReader(new InputStreamReader(urlConnection.getInputStream()));
							
							String inputLine = "";
										
							while ((inputLine = in.readLine()) != null) { 
								System.out.println(inputLine);
							}
							
							in.close();
						} catch(Exception e) {
							Logger.error(e.getMessage(), e);
						}
. finalize = 
. validationAction = Skip
]
[2020-01-14 11:21:35:035] DEBUG - <XCron-Server>[ id = msens.xcron.hansol.systeminfocachecall
, resultName = 
, batchName = 
, dataSource = 
, parameter = 
, initialize = import java.io.BufferedReader;
						import java.io.InputStreamReader;
						import java.net.URL;
						import java.net.URLConnection;
						import com.inticube.xcron.logs.Logger;
						import java.net.InetAddress;
						
						try {
							String serverIp = InetAddress.getLocalHost().getHostAddress();
							String sUrl = "http://"+serverIp+":8080/msens/msens.xcron.hansol.systeminfocachecall.do";
							//String sUrl = "http://10.48.241.41:8080/msens/msens.xcron.hansol.systeminfocachecall.do";
							URL url = new URL(sUrl);
							URLConnection urlConnection = url.openConnection();
							            
							BufferedReader in = new BufferedReader(new InputStreamReader(urlConnection.getInputStream()));
							
							String inputLine = "";
										
							while ((inputLine = in.readLine()) != null) { 
								System.out.println(inputLine);
							}
							
							in.close();
						} catch(Exception e) {
							Logger.error(e.getMessage(), e);
						}
. finalize = 
. validationAction = Skip
]
[2020-01-14 11:21:35:035] DEBUG - <XCron-Server>[ id = msens.xcron.hansol.getRealtimewebaction
, resultName = 
, batchName = 
, dataSource = 
, parameter = 
, initialize = import java.io.BufferedReader;
						import java.io.InputStreamReader;
						import java.net.URL;
						import java.net.URLConnection;
						import com.inticube.xcron.logs.Logger;
						import java.net.InetAddress;
						
						try {
							String serverIp = InetAddress.getLocalHost().getHostAddress();
							String sUrl = "http://"+serverIp+":8080/msens/msens.xcron.hansol.getRealtimewebaction.do";
							//String sUrl = "http://10.48.241.41:8080/msens/msens.xcron.hansol.getRealtimewebaction.do";
							URL url = new URL(sUrl);
							URLConnection urlConnection = url.openConnection();
							            
							BufferedReader in = new BufferedReader(new InputStreamReader(urlConnection.getInputStream()));
							
							String inputLine = "";
										
							while ((inputLine = in.readLine()) != null) { 
								System.out.println(inputLine);
							}
							
							in.close();
						} catch(Exception e) {
							Logger.error(e.getMessage(), e);
						}
. finalize = 
. validationAction = Skip
]
[2020-01-14 11:21:35:035] DEBUG - <XCron-Server>[ id = msens.xcron.hansol.getRealtimewebaction2
, resultName = 
, batchName = 
, dataSource = 
, parameter = 
, initialize = import java.io.BufferedReader;
						import java.io.InputStreamReader;
						import java.net.URL;
						import java.net.URLConnection;
						import com.inticube.xcron.logs.Logger;
						import java.net.InetAddress;
						
						try {
							String serverIp = InetAddress.getLocalHost().getHostAddress();
							String sUrl = "http://"+serverIp+":8080/msens/msens.xcron.hansol.getRealtimewebaction.do";
							//String sUrl = "http://10.48.241.41:8080/msens/msens.xcron.hansol.getRealtimewebaction.do";
							URL url = new URL(sUrl);
							URLConnection urlConnection = url.openConnection();
							            
							BufferedReader in = new BufferedReader(new InputStreamReader(urlConnection.getInputStream()));
							
							String inputLine = "";
										
							while ((inputLine = in.readLine()) != null) { 
								System.out.println(inputLine);
							}
							
							in.close();
						} catch(Exception e) {
							Logger.error(e.getMessage(), e);
						}
. finalize = 
. validationAction = Skip
]
[2020-01-14 11:21:35:035] DEBUG - <XCron-Server>[ id = msens.xcron.hansol.sttEncryptWebaction
, resultName = 
, batchName = 
, dataSource = 
, parameter = 
, initialize = import java.io.BufferedReader;
						import java.io.InputStreamReader;
						import java.net.URL;
						import java.net.URLConnection;
						import com.inticube.xcron.logs.Logger;
						import java.net.InetAddress;
						
						try {
							String serverIp = InetAddress.getLocalHost().getHostAddress();
							String sUrl = "http://"+serverIp+":8080/msens/msens.xcron.hansol.sttEncryptWebaction.do";
							//String sUrl = "http://10.48.241.41:8080/msens/msens.xcron.hansol.sttEncryptWebaction.do";
							URL url = new URL(sUrl);
							URLConnection urlConnection = url.openConnection();
							            
							BufferedReader in = new BufferedReader(new InputStreamReader(urlConnection.getInputStream()));
							
							String inputLine = "";
										
							while ((inputLine = in.readLine()) != null) { 
								System.out.println(inputLine);
							}
							
							in.close();
						} catch(Exception e) {
							Logger.error(e.getMessage(), e);
						}
. finalize = 
. validationAction = Skip
]
[2020-01-14 11:21:35:035] DEBUG - <XCron-Server>[ id = msens.xcron.hansol.sttContentSplitWebaction
, resultName = 
, batchName = 
, dataSource = 
, parameter = 
, initialize = import java.io.BufferedReader;
						import java.io.InputStreamReader;
						import java.net.URL;
						import java.net.URLConnection;
						import com.inticube.xcron.logs.Logger;
						import java.net.InetAddress;
						
						try {
							String serverIp = InetAddress.getLocalHost().getHostAddress();
							String sUrl = "http://"+serverIp+":8080/msens/msens.xcron.hansol.sttContentSplitWebaction.do";
							//String sUrl = "http://10.48.241.41:8080/msens/msens.xcron.hansol.sttContentSplitWebaction.do";
							URL url = new URL(sUrl);
							URLConnection urlConnection = url.openConnection();
							            
							BufferedReader in = new BufferedReader(new InputStreamReader(urlConnection.getInputStream()));
							
							String inputLine = "";
										
							while ((inputLine = in.readLine()) != null) { 
								System.out.println(inputLine);
							}
							
							in.close();
						} catch(Exception e) {
							Logger.error(e.getMessage(), e);
						}
. finalize = 
. validationAction = Skip
]
[2020-01-14 11:21:35:035] DEBUG - <XCron-Server>[ id = msens.xcron.hansol.sttContentSplitWebaction2
, resultName = 
, batchName = 
, dataSource = 
, parameter = 
, initialize = import java.io.BufferedReader;
						import java.io.InputStreamReader;
						import java.net.URL;
						import java.net.URLConnection;
						import com.inticube.xcron.logs.Logger;
						import java.net.InetAddress;
						
						try {
							String serverIp = InetAddress.getLocalHost().getHostAddress();
							String sUrl = "http://"+serverIp+":8080/msens/msens.xcron.hansol.sttContentSplitWebaction.do";
							//String sUrl = "http://10.48.241.41:8080/msens/msens.xcron.hansol.sttContentSplitWebaction.do";
							URL url = new URL(sUrl);
							URLConnection urlConnection = url.openConnection();
							            
							BufferedReader in = new BufferedReader(new InputStreamReader(urlConnection.getInputStream()));
							
							String inputLine = "";
										
							while ((inputLine = in.readLine()) != null) { 
								System.out.println(inputLine);
							}
							
							in.close();
						} catch(Exception e) {
							Logger.error(e.getMessage(), e);
						}
. finalize = 
. validationAction = Skip
]
[2020-01-14 11:21:35:035] DEBUG - <XCron-Server>[ id = msens.xcron.hansol.sttBulkWebAction
, resultName = 
, batchName = 
, dataSource = 
, parameter = 
, initialize = import java.io.BufferedReader;
						import java.io.InputStreamReader;
						import java.net.URL;
						import java.net.URLConnection;
						import com.inticube.xcron.logs.Logger;
						import java.net.InetAddress;
						
						try {
							String serverIp = InetAddress.getLocalHost().getHostAddress();
							String sUrl = "http://"+serverIp+":8080/msens/msens.xcron.hansol.sttBulkWebAction.do";
							//String sUrl = "http://10.48.241.41:8080/msens/msens.xcron.hansol.sttBulkWebAction.do";
														
							String from_date = params.getValue("#PARAM").getString("from_date");
							String to_date = params.getValue("#PARAM").getString("to_date");
							
							sUrl += "?from_date=" + from_date + "&to_date=" + to_date;
	
							URL url = new URL(sUrl);
							URLConnection urlConnection = url.openConnection();
							            
							BufferedReader in = new BufferedReader(new InputStreamReader(urlConnection.getInputStream()));
							
							String inputLine = "";
										
							while ((inputLine = in.readLine()) != null) { 
								System.out.println(inputLine);
							}
							
							in.close();
						} catch(Exception e) {
							Logger.error(e.getMessage(), e);
						}
. finalize = 
. validationAction = Skip
]
[2020-01-14 11:21:35:035] DEBUG - <XCron-Server>[ id = msens.xcron.hansol.qstmngbulkWebaction
, resultName = 
, batchName = 
, dataSource = 
, parameter = 
, initialize = import java.io.BufferedReader;
						import java.io.InputStreamReader;
						import java.net.URL;
						import java.net.URLConnection;
						import com.inticube.xcron.logs.Logger;
						import java.net.InetAddress;
						
						try {
							String serverIp = InetAddress.getLocalHost().getHostAddress();
							String sUrl = "http://"+serverIp+":8080/msens/msens.xcron.hansol.autoDownload.do";
							//String sUrl = "http://10.48.241.41:8080/msens/"msens.xcron.hansol.autoDownload.do";
								
							URL url = new URL(sUrl);
							URLConnection urlConnection = url.openConnection();
							            
							BufferedReader in = new BufferedReader(new InputStreamReader(urlConnection.getInputStream()));
							
							String inputLine = "";
										
							while ((inputLine = in.readLine()) != null) { 
								System.out.println(inputLine);
							}
							
							in.close();
						} catch(Exception e) {
							Logger.error(e.getMessage(), e);
						}
. finalize = 
. validationAction = Skip
]
[2020-01-14 11:21:35:035] DEBUG - <XCron-Server>[ id = msens.xcron.hansol.autoDownload
, resultName = 
, batchName = 
, dataSource = 
, parameter = 
, initialize = import java.io.BufferedReader;
						import java.io.InputStreamReader;
						import java.net.URL;
						import java.net.URLConnection;
						import com.inticube.xcron.logs.Logger;
						import java.net.InetAddress;
						
						try {
							String serverIp = InetAddress.getLocalHost().getHostAddress();
							String sUrl = "http://"+serverIp+":8080/msens/msens.xcron.hansol.autoDownload.do";
							//String sUrl = "http://10.48.241.41:8080/msens/"msens.xcron.hansol.autoDownload.do";
														
							URL url = new URL(sUrl);
							URLConnection urlConnection = url.openConnection();
							            
							BufferedReader in = new BufferedReader(new InputStreamReader(urlConnection.getInputStream()));
							
							String inputLine = "";
										
							while ((inputLine = in.readLine()) != null) { 
								System.out.println(inputLine);
							}
							
							in.close();
						} catch(Exception e) {
							Logger.error(e.getMessage(), e);
						}
. finalize = 
. validationAction = Skip
]
[2020-01-14 11:21:35:035] DEBUG - <XCron-Server>[ id = msens.xcron.hansol.mrLsListWebAction
, resultName = 
, batchName = 
, dataSource = 
, parameter = 
, initialize = import java.io.BufferedReader;
						import java.io.InputStreamReader;
						import java.net.URL;
						import java.net.URLConnection;
						import com.inticube.xcron.logs.Logger;
						import java.net.InetAddress;
						
						try {
							String serverIp = InetAddress.getLocalHost().getHostAddress();
							String sUrl = "http://"+serverIp+":8080/msens/msens.xcron.hansol.mrLsListWebAction.do";
							//String sUrl = "http://10.48.241.41:8080/msens/"msens.xcron.hansol.mrLsListWebAction.do";
							URL url = new URL(sUrl);
							URLConnection urlConnection = url.openConnection();
							            
							BufferedReader in = new BufferedReader(new InputStreamReader(urlConnection.getInputStream()));
							
							String inputLine = "";
										
							while ((inputLine = in.readLine()) != null) { 
								System.out.println(inputLine);
							}
							
							in.close();
						} catch(Exception e) {
							Logger.error(e.getMessage(), e);
						}
. finalize = 
. validationAction = Skip
]
[2020-01-14 11:21:35:035] DEBUG - <XCron-Server>[ id = db.tm.tb_pre_est_history.select
, resultName = TB_PRE_EST_ALLOCATE_HISTORY
, batchName = 
, dataSource = tmdatasource
, parameter = 
, initialize = 
. finalize = 
. validationAction = Skip
]
[2020-01-14 11:21:35:035] DEBUG - <XCron-Server>[ id = db.msens.tm.tb_pre_est_history.insert
, resultName = 
, batchName = TB_PRE_EST_ALLOCATE_HISTORY
, dataSource = msensdatasource
, parameter = 
, initialize = 
. finalize = 
. validationAction = Skip
]
[2020-01-14 11:21:35:035] DEBUG - <XCron-Server>[ id = db.tm.ms_bef_est_score.select
, resultName = MS_BEF_EST_SCORE
, batchName = 
, dataSource = tmdatasource
, parameter = 
, initialize = 
. finalize = 
. validationAction = Skip
]
[2020-01-14 11:21:36:036] DEBUG - <XCron-Server>[ id = db.msens.ms_bef_est_score.insert
, resultName = 
, batchName = MS_BEF_EST_SCORE
, dataSource = msensdatasource
, parameter = 
, initialize = 
. finalize = 
. validationAction = Skip
]
[2020-01-14 11:21:36:036] DEBUG - <XCron-Server>[ id = log.insertservicelog
, resultName = 
, batchName = _Log
, dataSource = msensdatasource
, parameter = 
, initialize = 
. finalize = 
. validationAction = Skip
]
[2020-01-14 11:21:36:036] DEBUG - <XCron-Server>[ id = db.tm.tb_group_info.select
, resultName = TM_GROUP_INGO
, batchName = 
, dataSource = tmdatasource
, parameter = #param
, initialize = 
. finalize = 
. validationAction = Skip
]
[2020-01-14 11:21:36:036] DEBUG - <XCron-Server>[ id = db.msens.ms_dept.insert
, resultName = 
, batchName = TM_GROUP_INGO
, dataSource = msensdatasource
, parameter = 
, initialize = 
. finalize = 
. validationAction = Skip
]
[2020-01-14 11:21:36:036] DEBUG - <XCron-Server>[ id = db.tm.tb_codebook_SYS057.select
, resultName = TB_CODEBOOK
, batchName = 
, dataSource = tmdatasource
, parameter = 
, initialize = 
. finalize = 
. validationAction = Skip
]
[2020-01-14 11:21:36:036] DEBUG - <XCron-Server>[ id = db.msens.ms_codebook_SYS002.insert
, resultName = 
, batchName = TB_CODEBOOK
, dataSource = msensdatasource
, parameter = 
, initialize = 
. finalize = 
. validationAction = Skip
]
[2020-01-14 11:21:36:036] DEBUG - <XCron-Server>[ id = db.tm.tb_user.select
, resultName = TB_USER
, batchName = 
, dataSource = tmdatasource
, parameter = #param
, initialize = 
. finalize = 
. validationAction = Skip
]
[2020-01-14 11:21:36:036] DEBUG - <XCron-Server>[ id = db.msens.ms_usermaster_batch.insert
, resultName = 
, batchName = TB_USER
, dataSource = msensdatasource
, parameter = 
, initialize = 
. finalize = 
. validationAction = Skip
]
[2020-01-14 11:21:36:036] DEBUG - <XCron-Server>[ id = db.tm.tb_codebook_SYS999_SYS001.select
, resultName = TB_CODEBOOK
, batchName = 
, dataSource = tmdatasource
, parameter = 
, initialize = 
. finalize = 
. validationAction = Skip
]
[2020-01-14 11:21:36:036] DEBUG - <XCron-Server>[ id = db.msens.ms_codebook_SYS001_SYS011.insert
, resultName = 
, batchName = TB_CODEBOOK
, dataSource = msensdatasource
, parameter = 
, initialize = 
. finalize = 
. validationAction = Skip
]
[2020-01-14 11:21:36:036] DEBUG - <XCron-Server>[ id = db.tm.tb_user_workmonth.select
, resultName = TB_USER
, batchName = 
, dataSource = tmdatasource
, parameter = 
, initialize = 
. finalize = 
. validationAction = Skip
]
[2020-01-14 11:21:36:036] DEBUG - <XCron-Server>[ id = db.msens.ms_usermaster_workmonth.update
, resultName = 
, batchName = TB_USER
, dataSource = msensdatasource
, parameter = 
, initialize = 
. finalize = 
. validationAction = Skip
]
[2020-01-14 11:21:36:036] DEBUG - <XCron-Server>[ id = db.tm.tb_pre_est_allocate_mng.select
, resultName = TB_PRE_EST_ALLOCATE_MNG
, batchName = 
, dataSource = tmdatasource
, parameter = #param
, initialize = 
. finalize = 
. validationAction = Skip
]
[2020-01-14 11:21:36:036] DEBUG - <XCron-Server>[ id = db.msens.tb_pre_est_allocate_mng.insert
, resultName = 
, batchName = TB_PRE_EST_ALLOCATE_MNG
, dataSource = msensdatasource
, parameter = 
, initialize = 
. finalize = 
. validationAction = Skip
]
[2020-01-14 11:21:36:036] DEBUG - <XCron-Server>[ id = db.tm.tb_sc_code_mng.select
, resultName = TB_SC_CODE_MNG
, batchName = 
, dataSource = tmdatasource
, parameter = 
, initialize = 
. finalize = 
. validationAction = Skip
]
[2020-01-14 11:21:36:036] DEBUG - <XCron-Server>[ id = db.msens.tb_sc_code_mng.insert
, resultName = 
, batchName = TB_SC_CODE_MNG
, dataSource = msensdatasource
, parameter = 
, initialize = 
. finalize = 
. validationAction = Skip
]
[2020-01-14 11:21:36:036] DEBUG - <XCron-Server>[ id = db.tm.tb_sc_mng.select
, resultName = TB_SC_MNG
, batchName = 
, dataSource = tmdatasource
, parameter = 
, initialize = 
. finalize = 
. validationAction = Skip
]
[2020-01-14 11:21:36:036] DEBUG - <XCron-Server>[ id = db.msens.tb_sc_mng.insert
, resultName = 
, batchName = TB_SC_MNG
, dataSource = msensdatasource
, parameter = 
, initialize = 
. finalize = 
. validationAction = Skip
]
[2020-01-14 11:21:36:036] DEBUG - <XCron-Server>[ id = db.tm.tb_codebook_SYS119.select
, resultName = TB_CODEBOOK
, batchName = 
, dataSource = tmdatasource
, parameter = 
, initialize = 
. finalize = 
. validationAction = Skip
]
[2020-01-14 11:21:36:036] DEBUG - <XCron-Server>[ id = db.msens.ms_codebook_SYS105.insert
, resultName = 
, batchName = TB_CODEBOOK
, dataSource = msensdatasource
, parameter = 
, initialize = 
. finalize = 
. validationAction = Skip
]
[2020-01-14 11:21:36:036] DEBUG - <XCron-Server>[ id = db.msens.tb_qst_kind_mng.delete
, resultName = 
, batchName = 
, dataSource = msensdatasource
, parameter = 
, initialize = 
. finalize = 
. validationAction = Skip
]
[2020-01-14 11:21:36:036] DEBUG - <XCron-Server>[ id = db.tm.tb_qst_kind_mng.select
, resultName = TB_QST_KIND_MNG
, batchName = 
, dataSource = tmdatasource
, parameter = 
, initialize = 
. finalize = 
. validationAction = Skip
]
[2020-01-14 11:21:36:036] DEBUG - <XCron-Server>[ id = db.msens.tb_qst_kind_mng.insert
, resultName = 
, batchName = TB_QST_KIND_MNG
, dataSource = msensdatasource
, parameter = 
, initialize = 
. finalize = 
. validationAction = Skip
]
[2020-01-14 11:21:36:036] DEBUG - <XCron-Server>[ id = db.tm.tbia101.select
, resultName = TBIA101
, batchName = 
, dataSource = tmdatasource
, parameter = 
, initialize = 
. finalize = 
. validationAction = Skip
]
[2020-01-14 11:21:36:036] DEBUG - <XCron-Server>[ id = db.msens.ms_product.insert
, resultName = 
, batchName = TBIA101
, dataSource = msensdatasource
, parameter = 
, initialize = 
. finalize = 
. validationAction = Skip
]
[2020-01-14 11:21:36:036] DEBUG - <XCron-Server>[ id = db.tm.tbia102.select
, resultName = TAIA102
, batchName = 
, dataSource = tmdatasource
, parameter = 
, initialize = 
. finalize = 
. validationAction = Skip
]
[2020-01-14 11:21:36:036] DEBUG - <XCron-Server>[ id = db.msens.ms_dmbo.insert
, resultName = 
, batchName = TAIA102
, dataSource = msensdatasource
, parameter = 
, initialize = 
. finalize = 
. validationAction = Skip
]
[2020-01-14 11:21:36:036] DEBUG - <XCron-Server>[ id = db.tm.tb_sc_qst_mng.select
, resultName = TB_SC_QST_MNG
, batchName = 
, dataSource = tmdatasource
, parameter = 
, initialize = 
. finalize = 
. validationAction = Skip
]
[2020-01-14 11:21:36:036] DEBUG - <XCron-Server>[ id = db.msens.tb_sc_qst_mng.insert
, resultName = 
, batchName = TB_SC_QST_MNG
, dataSource = msensdatasource
, parameter = 
, initialize = 
. finalize = 
. validationAction = Skip
]
[2020-01-14 11:21:36:036] DEBUG - <XCron-Server>[ id = db.tm.tb_holiday.select
, resultName = TB_HOLIDAY
, batchName = 
, dataSource = tmdatasource
, parameter = #param
, initialize = 
. finalize = 
. validationAction = Skip
]
[2020-01-14 11:21:36:036] DEBUG - <XCron-Server>[ id = db.msens.ms_holiday_info.insert
, resultName = 
, batchName = TB_HOLIDAY
, dataSource = msensdatasource
, parameter = 
, initialize = 
. finalize = 
. validationAction = Skip
]
[2020-01-14 11:21:36:036] DEBUG - <XCron-Server>[ id = db.msens.ms_stt_meta_flages.update
, resultName = 
, batchName = 
, dataSource = msensdatasource
, parameter = #param
, initialize = 
. finalize = 
. validationAction = Skip
]
[2020-01-14 11:21:36:036] DEBUG - <XCron-Server>[ id = db.tm.tb_insu_plan_mast.ass_user.select
, resultName = TB_INSU_PLAN_MAST
, batchName = 
, dataSource = tmdatasource
, parameter = #param
, initialize = 
. finalize = 
. validationAction = Skip
]
[2020-01-14 11:21:36:036] DEBUG - <XCron-Server>[ id = db.msens.ms_stt_meta.ass_user.update
, resultName = 
, batchName = TB_INSU_PLAN_MAST
, dataSource = msensdatasource
, parameter = 
, initialize = 
. finalize = 
. validationAction = Skip
]
[2020-01-14 11:21:36:036] DEBUG - <XCron-Server>[ id = db.msens.ms_stt_meta.cur_con_ent_dgn_no.select
, resultName = MS_STT_META
, batchName = 
, dataSource = msensdatasource
, parameter = #param
, initialize = 
. finalize = 
. validationAction = Skip
]
[2020-01-14 11:21:36:036] DEBUG - <XCron-Server>[ id = db.tm.tb_pre_est_history.est_info.select
, resultName = TB_PRE_EST_HISTORY
, batchName = MS_STT_META
, dataSource = tmdatasource
, parameter = 
, initialize = 
. finalize = 
. validationAction = Skip
]
[2020-01-14 11:21:36:036] DEBUG - <XCron-Server>[ id = db.msens.ms_pre_est_info.est_info.insert
, resultName = 
, batchName = TB_PRE_EST_HISTORY
, dataSource = msensdatasource
, parameter = 
, initialize = 
. finalize = 
. validationAction = Skip
]
[2020-01-14 11:21:36:036] DEBUG - <XCron-Server>[ id = db.msens.ms_qc_work_stat.endtime.update
, resultName = 
, batchName = 
, dataSource = msensdatasource
, parameter = #param
, initialize = 
. finalize = 
. validationAction = Skip
]
[2020-01-14 11:21:36:036] DEBUG - <XCron-Server>[ id = db.msens.ms_ins_timestamp.endtime.update
, resultName = 
, batchName = 
, dataSource = msensdatasource
, parameter = #param
, initialize = 
. finalize = 
. validationAction = Skip
]
[2020-01-14 11:21:36:036] DEBUG - <XCron-Server>[ id = db.msens.ms_qc_work_stat.sum.select
, resultName = MS_QC_WORK_SUM
, batchName = 
, dataSource = msensdatasource
, parameter = #param
, initialize = 
. finalize = 
. validationAction = Skip
]
[2020-01-14 11:21:36:036] DEBUG - <XCron-Server>[ id = db.msens.ms_qc_work_sum.sum.insert
, resultName = 
, batchName = MS_QC_WORK_SUM
, dataSource = msensdatasource
, parameter = 
, initialize = 
. finalize = 
. validationAction = Skip
]
[2020-01-14 11:21:36:036] DEBUG - <XCron-Server>[ id = db.msens.ms_qc_work_stat.delete
, resultName = 
, batchName = 
, dataSource = msensdatasource
, parameter = #param
, initialize = 
. finalize = 
. validationAction = Skip
]
[2020-01-14 11:21:36:036] DEBUG - <XCron-Server>[ id = db.msens.ms_ins_timestamp.sum.select
, resultName = MS_INS_TIMESTAMP
, batchName = 
, dataSource = msensdatasource
, parameter = #param
, initialize = 
. finalize = 
. validationAction = Skip
]
[2020-01-14 11:21:36:036] DEBUG - <XCron-Server>[ id = db.msens.ms_ins_timestamp_sum.sum.insert
, resultName = 
, batchName = MS_INS_TIMESTAMP
, dataSource = msensdatasource
, parameter = 
, initialize = 
. finalize = 
. validationAction = Skip
]
[2020-01-14 11:21:36:036] DEBUG - <XCron-Server>[ id = db.msens.ms_ins_timestamp.delete
, resultName = 
, batchName = 
, dataSource = msensdatasource
, parameter = #param
, initialize = 
. finalize = 
. validationAction = Skip
]
[2020-01-14 11:21:36:036] DEBUG - <XCron-Server>[ id = db.msens.ms_xcron_file_log.delete.term
, resultName = 
, batchName = 
, dataSource = msensdatasource
, parameter = 
, initialize = 
. finalize = 
. validationAction = Skip
]
[2020-01-14 11:21:36:036] DEBUG - <XCron-Server>[ id = db.msens.ms_xcron_service_log.delete.term
, resultName = 
, batchName = 
, dataSource = msensdatasource
, parameter = 
, initialize = 
. finalize = 
. validationAction = Skip
]
[2020-01-14 11:21:36:036] DEBUG - <XCron-Server>[ id = db.msens.ms_login_log.delete.term
, resultName = 
, batchName = 
, dataSource = msensdatasource
, parameter = 
, initialize = 
. finalize = 
. validationAction = Skip
]
[2020-01-14 11:21:36:036] DEBUG - <XCron-Server>[ id = db.msens.ms_player_log.delete.term
, resultName = 
, batchName = 
, dataSource = msensdatasource
, parameter = 
, initialize = 
. finalize = 
. validationAction = Skip
]
[2020-01-14 11:21:36:036] DEBUG - <XCron-Server>[ id = db.msens.ms_stt_rslt.delete.term
, resultName = 
, batchName = 
, dataSource = msensdatasource
, parameter = 
, initialize = 
. finalize = 
. validationAction = Skip
]
[2020-01-14 11:21:36:036] DEBUG - <XCron-Server>[ id = msens.xcron.hansol.wavfile.delete.action
, resultName = 
, batchName = 
, dataSource = 
, parameter = 
, initialize = import com.inticube.xcron.logs.Logger;
						
						try {
						
							String command = "/sw/msens/MSENS_OB/webapps/temp/file_delete.sh";
							
							Runtime runtime = Runtime.getRuntime();
							Process process = runtime.exec(command);
							
						} catch(Exception e) {
							Logger.error(e.getMessage(), e);
						}
. finalize = 
. validationAction = Skip
]
[2020-01-14 11:21:36:036] DEBUG - <XCron-Server>[ id = msens.xcron.hansol.log.delete.action
, resultName = 
, batchName = 
, dataSource = 
, parameter = 
, initialize = import com.inticube.xcron.logs.Logger;
						
						try {
						
							String command = "/sw/msens/MSENS_OB/webapps/temp/log_delete.sh";
							
							Runtime runtime = Runtime.getRuntime();
							Process process = runtime.exec(command);
							
						} catch(Exception e) {
							Logger.error(e.getMessage(), e);
						}
. finalize = 
. validationAction = Skip
]
[2020-01-14 11:21:36:036] DEBUG - <XCron-Server>[ id = db.msens.ms_value.delete.term
, resultName = 
, batchName = 
, dataSource = snmpdatasource
, parameter = #param
, initialize = 
. finalize = 
. validationAction = Skip
]
[2020-01-14 11:21:36:036] DEBUG - <XCron-Server>[ id = db.msens.ms_value_min.delete.term
, resultName = 
, batchName = 
, dataSource = snmpdatasource
, parameter = #param
, initialize = 
. finalize = 
. validationAction = Skip
]
[2020-01-14 11:21:36:036] DEBUG - <XCron-Server>[ id = db.msens.ms_value_usage.delete.term
, resultName = 
, batchName = 
, dataSource = snmpdatasource
, parameter = #param
, initialize = 
. finalize = 
. validationAction = Skip
]
[2020-01-14 11:21:36:036] DEBUG - <XCron-Server>[ id = db.msens.ms_value_usage_et.delete.term
, resultName = 
, batchName = 
, dataSource = snmpdatasource
, parameter = #param
, initialize = 
. finalize = 
. validationAction = Skip
]
[2020-01-14 11:21:36:036] DEBUG - <XCron-Server>[ id = db.uat.msens.tb_sc_code_mng.utp.select
, resultName = TB_SC_CODE_MNG
, batchName = 
, dataSource = muatdatasource
, parameter = 
, initialize = 
. finalize = 
. validationAction = Skip
]
[2020-01-14 11:21:36:036] DEBUG - <XCron-Server>[ id = db.msens.tb_sc_code_mng.utp.insert
, resultName = 
, batchName = TB_SC_CODE_MNG
, dataSource = mproddatasource
, parameter = 
, initialize = 
. finalize = 
. validationAction = Skip
]
[2020-01-14 11:21:36:036] DEBUG - <XCron-Server>[ id = db.uat.msens.tb_sc_mng.utp.select
, resultName = TB_SC_MNG
, batchName = 
, dataSource = muatdatasource
, parameter = 
, initialize = 
. finalize = 
. validationAction = Skip
]
[2020-01-14 11:21:36:036] DEBUG - <XCron-Server>[ id = db.msens.tb_sc_mng.utp.insert
, resultName = 
, batchName = TB_SC_MNG
, dataSource = mproddatasource
, parameter = 
, initialize = 
. finalize = 
. validationAction = Skip
]
[2020-01-14 11:21:36:036] DEBUG - <XCron-Server>[ id = db.uat.msens.tb_codebook_SYS119.utp.select
, resultName = TB_CODEBOOK
, batchName = 
, dataSource = muatdatasource
, parameter = 
, initialize = 
. finalize = 
. validationAction = Skip
]
[2020-01-14 11:21:36:036] DEBUG - <XCron-Server>[ id = db.msens.ms_codebook_SYS105.utp.insert
, resultName = 
, batchName = TB_CODEBOOK
, dataSource = mproddatasource
, parameter = 
, initialize = 
. finalize = 
. validationAction = Skip
]
[2020-01-14 11:21:36:036] DEBUG - <XCron-Server>[ id = db.msens.tb_qst_kind_mng.utp.delete
, resultName = 
, batchName = 
, dataSource = mproddatasource
, parameter = 
, initialize = 
. finalize = 
. validationAction = Skip
]
[2020-01-14 11:21:36:036] DEBUG - <XCron-Server>[ id = db.uat.msens.tb_qst_kind_mng.utp.select
, resultName = TB_QST_KIND_MNG
, batchName = 
, dataSource = muatdatasource
, parameter = 
, initialize = 
. finalize = 
. validationAction = Skip
]
[2020-01-14 11:21:36:036] DEBUG - <XCron-Server>[ id = db.msens.tb_qst_kind_mng.utp.insert
, resultName = 
, batchName = TB_QST_KIND_MNG
, dataSource = mproddatasource
, parameter = 
, initialize = 
. finalize = 
. validationAction = Skip
]
[2020-01-14 11:21:36:036] DEBUG - <XCron-Server>[ id = db.msens.ms_stt_result.delete.term
, resultName = 
, batchName = 
, dataSource = msensdatasource
, parameter = #param
, initialize = 
. finalize = 
. validationAction = Skip
]
[2020-01-14 11:21:36:036] DEBUG - <XCron-Server>[ id = db.msens.ms_stt_meta.delete.term
, resultName = 
, batchName = 
, dataSource = msensdatasource
, parameter = #param
, initialize = 
. finalize = 
. validationAction = Skip
]
[2020-01-14 11:21:36:036] DEBUG - <XCron-Server>[ id = db.msens.ms_script_result.delete.term
, resultName = 
, batchName = 
, dataSource = msensdatasource
, parameter = #param
, initialize = 
. finalize = 
. validationAction = Skip
]
[2020-01-14 11:21:36:036] DEBUG - <XCron-Server>[ id = db.msens.ms_search_result.delete.term
, resultName = 
, batchName = 
, dataSource = msensdatasource
, parameter = #param
, initialize = 
. finalize = 
. validationAction = Skip
]
[2020-01-14 11:21:36:036] DEBUG - <XCron-Server>[ id = db.msens.ms_grade_result.delete.term
, resultName = 
, batchName = 
, dataSource = msensdatasource
, parameter = #param
, initialize = 
. finalize = 
. validationAction = Skip
]
[2020-01-14 11:21:36:036] DEBUG - <XCron-Server>[ id = db.msens.ms_bef_est_score.delete.term
, resultName = 
, batchName = 
, dataSource = msensdatasource
, parameter = #param
, initialize = 
. finalize = 
. validationAction = Skip
]
[2020-01-14 11:21:36:036] DEBUG - <XCron-Server>[ id = db.msens.ms_bef_mrls.delete.term
, resultName = 
, batchName = 
, dataSource = msensdatasource
, parameter = #param
, initialize = 
. finalize = 
. validationAction = Skip
]
[2020-01-14 11:21:36:036] DEBUG - <XCron-Server>[ id = db.msens.tb_sc_qst_mng.delete.term
, resultName = 
, batchName = 
, dataSource = msensdatasource
, parameter = #param
, initialize = 
. finalize = 
. validationAction = Skip
]
[2020-01-14 11:21:36:036] DEBUG - <XCron-Server>[ id = db.prod.msens.ms_ment_mng.utp.del
, resultName = 
, batchName = 
, dataSource = mproddatasource
, parameter = 
, initialize = 
. finalize = 
. validationAction = Skip
]
[2020-01-14 11:21:36:036] DEBUG - <XCron-Server>[ id = db.uat.msens.ms_ment_mng.utp.select
, resultName = MS_MENT_MNG
, batchName = 
, dataSource = muatdatasource
, parameter = 
, initialize = 
. finalize = 
. validationAction = Skip
]
[2020-01-14 11:21:36:036] DEBUG - <XCron-Server>[ id = db.prod.msens.ms_ment_mng.utp.ins
, resultName = 
, batchName = MS_MENT_MNG
, dataSource = mproddatasource
, parameter = 
, initialize = 
. finalize = 
. validationAction = Skip
]
[2020-01-14 11:21:36:036] DEBUG - <XCron-Server>[ id = msens.xcron.hansol.autoDownload.flag.update
, resultName = 
, batchName = 
, dataSource = msensdatasource
, parameter = 
, initialize = 
. finalize = 
. validationAction = Skip
]
[2020-01-14 11:21:36:036] DEBUG - <XCron-Server>[ id = db.msens.tb_reject_list.select
, resultName = TB_REJECT
, batchName = 
, dataSource = tmdatasource
, parameter = #param
, initialize = 
. finalize = 
. validationAction = Skip
]
[2020-01-14 11:21:36:036] DEBUG - <XCron-Server>[ id = db.msens.ms_reject_list.insert
, resultName = 
, batchName = TB_REJECT
, dataSource = msensdatasource
, parameter = 
, initialize = 
. finalize = 
. validationAction = Skip
]
[2020-01-14 11:21:36:036] DEBUG - <XCron-Server>[ id = db.tm.getBefMrLs
, resultName = TB_LIST
, batchName = 
, dataSource = tmdatasource
, parameter = #param
, initialize = 
. finalize = 
. validationAction = Skip
]
[2020-01-14 11:21:36:036] DEBUG - <XCron-Server>[ id = db.msens.ms_bef_mrls_list.insert
, resultName = 
, batchName = TB_LIST
, dataSource = msensdatasource
, parameter = 
, initialize = 
. finalize = 
. validationAction = Skip
]
[2020-01-14 11:21:36:036] INFO  - <XCron-Server>XCron Schedule Service Started
[2020-01-14 11:21:36:036] INFO  - <XCron-Server>Programmed = Youn TaeHee, @Seoul Korea
[2020-01-14 11:21:36:036] INFO  - <XCron-Server>E-mail = taehee.youn@gmail.com
[2020-01-14 11:21:36:036] INFO  - <XCron-Server>Initializing end
[2020-01-14 11:21:36:036] INFO  - <XCron-Server>==============================================================================
[2020-01-14 11:21:36:036] DEBUG - <pool-1-thread-1><?xml version='1.0' encoding='euc-kr'?><ControlConfig><Cmd Name="getinfo" Type="Service" Service=""/></ControlConfig>
[2020-01-14 11:21:36:036] DEBUG - <pool-1-thread-1>
	[column:ID,RUNNABLE,DESCRIPTION,LASTRUNTIME,RUNNING,
	[0:SVC_BATCH_001,true,[UAT용]스크립트 질의관리 수집(TB_SC_QST_MNG) : 전체 일자 가져옴,1970/01/01 09:00:00,false]
	[1:SVC_MS_003_1,true,설계번호별 금칙어/필수멘트 결과 데이터 저장,1970/01/01 09:00:00,false]
	[2:SVC_COM_009,true,connection pool 재생성,1970/01/01 09:00:00,false]
	[3:SVC_COM_008,true,테이블(login_log, player_log, rslt, Xcron) 삭제(매일 기간별테이블삭제),1970/01/01 09:00:00,false]
	[4:SVC_COM_007,true,문단으로 넘어온 스크립트 문장단위로 SPLIT 작업(PARAM: MS_QST_MNG CHGDATE),1970/01/01 09:00:00,false]
	[5:SVC_COM_006,true,근속년수 업데이트,1970/01/01 09:00:00,false]
	[6:SVC_COM_005,true,스크립트 질의관리 수집(TB_SC_QST_MNG) : NO PARAM=> 전 일꺼 가져옴,1970/01/01 09:00:00,false]
	[7:SVC_COM_004,true,질의유형관리(TB_QST_KIND_MNG),1970/01/01 09:00:00,false]
	[8:SVC_COM_003,true,스크립트 코드 관리 변경내역 수집(TB_SC_CODE_MNG, TB_SC_MNG),1970/01/01 09:00:00,false]
	[9:SVC_MS_002_1,true,설계번호별 스크립트 결과 데이터 저장,1970/01/01 09:00:00,false]
	[10:SVC_COM_002,true,조직정보배치,1970/01/01 09:00:00,false]
	[11:SVC_COM_001,true,사용자정보,1970/01/01 09:00:00,false]
	[12:SVC_MS_017,true,MrLs콜 분석,1970/01/01 09:00:00,false]
	[13:SVC_MS_016,true,MrLs콜 TM으로부터 수집(반드시 한달 치(MM/01~MM/31) 수집할것),1970/01/01 09:00:00,false]
	[14:SVC_MS_015,true,콜재생속도 개선 위해 STT 분석 콜 자동 다운로드,1970/01/01 09:00:00,false]
	[15:SVC_MS_014,true,STT 일괄 암호화 작업 수행,1970/01/01 09:00:00,false]
	[16:SVC_MS_013,true,전월평가점수 배치 및 상담사별 전월평가점수 계산,1970/01/01 09:00:00,false]
	[17:SVC_MS_012,true,STT CONTENT SPLIT 작업,1970/01/01 09:00:00,false]
	[18:SVC_MS_001_1,true,RealTime DB + AiGEN 정보 연동,1970/01/01 09:00:00,false]
	[19:SVC_MS_008_1,true,RealTime 분석 현황 수집,1970/01/01 09:00:00,false]
	[20:SVC_MS_009,true,분석 flag 업데이트,1970/01/01 09:00:00,false]
	[21:SVC_COM_023,true,테이블 기간별 삭제(기간:1년전 데이터 삭제/매일),1970/01/01 09:00:00,false]
	[22:SVC_COM_022,true,청약거절콜 Aigen으로부터 가져옴,1970/01/01 09:00:00,false]
	[23:SVC_MS_008,true,RealTime 분석 현황 수집,1970/01/01 09:00:00,false]
	[24:SVC_COM_021,true,테이블 기간별 삭제(기간:1년전 데이터 삭제/매월 1일),1970/01/01 09:00:00,false]
	[25:SVC_MS_007,true,시스템정보수집,1970/01/01 09:00:00,false]
	[26:SVC_COM_020,true,QC 근무 모니터링 summary,1970/01/01 09:00:00,false]
	[27:SVC_MS_005,true,자동배분작업,1970/01/01 09:00:00,false]
	[28:SVC_MS_004,true,설계번호별 Grade 결과 데이터 저장,1970/01/01 09:00:00,false]
	[29:SVC_MS_012_1,true,STT CONTENT SPLIT 작업,1970/01/01 09:00:00,false]
	[30:SVC_MS_003,true,설계번호별 금칙어/필수멘트 결과 데이터 저장,1970/01/01 09:00:00,false]
	[31:SVC_MS_002,true,설계번호별 스크립트 결과 데이터 저장,1970/01/01 09:00:00,false]
	[32:SVC_MS_001,true,RealTime DB + AiGEN 정보 연동,1970/01/01 09:00:00,false]
	[33:SVC_COM_019,true,[UAT -> PROD] 담보별필수멘트 운영이관,1970/01/01 09:00:00,false]
	[34:SVC_COM_018,true,[UAT -> PROD] 계피유형코드관리,1970/01/01 09:00:00,false]
	[35:SVC_COM_017,true,[UAT -> PROD] 질의유형관리(TB_QST_KIND_MNG),1970/01/01 09:00:00,false]
	[36:SVC_COM_016,true,[UAT -> PROD] 스크립트 코드 관리 변경내역 수집(TB_SC_CODE_MNG, TB_SC_MNG),1970/01/01 09:00:00,false]
	[37:SVC_COM_015,true,배분정보 동기화,1970/01/01 09:00:00,false]
	[38:SVC_MS_005_1,true,자동배분작업,1970/01/01 09:00:00,false]
	[39:SVC_COM_014,true,휴일정보배치,1970/01/01 09:00:00,false]
	[40:SVC_COM_013,true,QC 리스트 배치,1970/01/01 09:00:00,false]
	[41:SVC_COM_012,true,상품코드, 담보코드 수집 배치,1970/01/01 09:00:00,false]
	[42:SVC_COM_011,true,시스템모니터링-SNMP 관련 테이블 삭제(기간별테이블삭제) YYYYMMDDHH,1970/01/01 09:00:00,false]
	[43:SVC_COM_010,true,녹취청취파일삭제,1970/01/01 09:00:00,false]
	[44:SVC_MS_004_1,true,설계번호별 Grade 결과 데이터 저장,1970/01/01 09:00:00,false]
	[45:SVC_MS_020,true,코드북 코드 초기화,1970/01/01 09:00:00,false]
]
[2020-01-14 11:21:37:037] DEBUG - <pool-1-thread-1><?xml version='1.0' encoding='UTF-8'?><ControlConfig><ListParam><Param><Field Name="DESCRIPTION"><![CDATA[[UAT용]스크립트 질의관리 수집(TB_SC_QST_MNG) : 전체 일자 가져옴]]></Field><Field Name="RUNNING"><![CDATA[false]]></Field><Field Name="ID"><![CDATA[SVC_BATCH_001]]></Field><Field Name="LASTRUNTIME"><![CDATA[1970/01/01 09:00:00]]></Field><Field Name="RUNNABLE"><![CDATA[true]]></Field></Param><Param><Field Name="DESCRIPTION"><![CDATA[설계번호별 금칙어/필수멘트 결과 데이터 저장]]></Field><Field Name="RUNNING"><![CDATA[false]]></Field><Field Name="ID"><![CDATA[SVC_MS_003_1]]></Field><Field Name="LASTRUNTIME"><![CDATA[1970/01/01 09:00:00]]></Field><Field Name="RUNNABLE"><![CDATA[true]]></Field></Param><Param><Field Name="DESCRIPTION"><![CDATA[connection pool 재생성]]></Field><Field Name="RUNNING"><![CDATA[false]]></Field><Field Name="ID"><![CDATA[SVC_COM_009]]></Field><Field Name="LASTRUNTIME"><![CDATA[1970/01/01 09:00:00]]></Field><Field Name="RUNNABLE"><![CDATA[true]]></Field></Param><Param><Field Name="DESCRIPTION"><![CDATA[테이블(login_log, player_log, rslt, Xcron) 삭제(매일 기간별테이블삭제)]]></Field><Field Name="RUNNING"><![CDATA[false]]></Field><Field Name="ID"><![CDATA[SVC_COM_008]]></Field><Field Name="LASTRUNTIME"><![CDATA[1970/01/01 09:00:00]]></Field><Field Name="RUNNABLE"><![CDATA[true]]></Field></Param><Param><Field Name="DESCRIPTION"><![CDATA[문단으로 넘어온 스크립트 문장단위로 SPLIT 작업(PARAM: MS_QST_MNG CHGDATE)]]></Field><Field Name="RUNNING"><![CDATA[false]]></Field><Field Name="ID"><![CDATA[SVC_COM_007]]></Field><Field Name="LASTRUNTIME"><![CDATA[1970/01/01 09:00:00]]></Field><Field Name="RUNNABLE"><![CDATA[true]]></Field></Param><Param><Field Name="DESCRIPTION"><![CDATA[근속년수 업데이트]]></Field><Field Name="RUNNING"><![CDATA[false]]></Field><Field Name="ID"><![CDATA[SVC_COM_006]]></Field><Field Name="LASTRUNTIME"><![CDATA[1970/01/01 09:00:00]]></Field><Field Name="RUNNABLE"><![CDATA[true]]></Field></Param><Param><Field Name="DESCRIPTION"><![CDATA[스크립트 질의관리 수집(TB_SC_QST_MNG) : NO PARAM=> 전 일꺼 가져옴]]></Field><Field Name="RUNNING"><![CDATA[false]]></Field><Field Name="ID"><![CDATA[SVC_COM_005]]></Field><Field Name="LASTRUNTIME"><![CDATA[1970/01/01 09:00:00]]></Field><Field Name="RUNNABLE"><![CDATA[true]]></Field></Param><Param><Field Name="DESCRIPTION"><![CDATA[질의유형관리(TB_QST_KIND_MNG)]]></Field><Field Name="RUNNING"><![CDATA[false]]></Field><Field Name="ID"><![CDATA[SVC_COM_004]]></Field><Field Name="LASTRUNTIME"><![CDATA[1970/01/01 09:00:00]]></Field><Field Name="RUNNABLE"><![CDATA[true]]></Field></Param><Param><Field Name="DESCRIPTION"><![CDATA[스크립트 코드 관리 변경내역 수집(TB_SC_CODE_MNG, TB_SC_MNG)]]></Field><Field Name="RUNNING"><![CDATA[false]]></Field><Field Name="ID"><![CDATA[SVC_COM_003]]></Field><Field Name="LASTRUNTIME"><![CDATA[1970/01/01 09:00:00]]></Field><Field Name="RUNNABLE"><![CDATA[true]]></Field></Param><Param><Field Name="DESCRIPTION"><![CDATA[설계번호별 스크립트 결과 데이터 저장]]></Field><Field Name="RUNNING"><![CDATA[false]]></Field><Field Name="ID"><![CDATA[SVC_MS_002_1]]></Field><Field Name="LASTRUNTIME"><![CDATA[1970/01/01 09:00:00]]></Field><Field Name="RUNNABLE"><![CDATA[true]]></Field></Param><Param><Field Name="DESCRIPTION"><![CDATA[조직정보배치]]></Field><Field Name="RUNNING"><![CDATA[false]]></Field><Field Name="ID"><![CDATA[SVC_COM_002]]></Field><Field Name="LASTRUNTIME"><![CDATA[1970/01/01 09:00:00]]></Field><Field Name="RUNNABLE"><![CDATA[true]]></Field></Param><Param><Field Name="DESCRIPTION"><![CDATA[사용자정보]]></Field><Field Name="RUNNING"><![CDATA[false]]></Field><Field Name="ID"><![CDATA[SVC_COM_001]]></Field><Field Name="LASTRUNTIME"><![CDATA[1970/01/01 09:00:00]]></Field><Field Name="RUNNABLE"><![CDATA[true]]></Field></Param><Param><Field Name="DESCRIPTION"><![CDATA[MrLs콜 분석]]></Field><Field Name="RUNNING"><![CDATA[false]]></Field><Field Name="ID"><![CDATA[SVC_MS_017]]></Field><Field Name="LASTRUNTIME"><![CDATA[1970/01/01 09:00:00]]></Field><Field Name="RUNNABLE"><![CDATA[true]]></Field></Param><Param><Field Name="DESCRIPTION"><![CDATA[MrLs콜 TM으로부터 수집(반드시 한달 치(MM/01~MM/31) 수집할것)]]></Field><Field Name="RUNNING"><![CDATA[false]]></Field><Field Name="ID"><![CDATA[SVC_MS_016]]></Field><Field Name="LASTRUNTIME"><![CDATA[1970/01/01 09:00:00]]></Field><Field Name="RUNNABLE"><![CDATA[true]]></Field></Param><Param><Field Name="DESCRIPTION"><![CDATA[콜재생속도 개선 위해 STT 분석 콜 자동 다운로드]]></Field><Field Name="RUNNING"><![CDATA[false]]></Field><Field Name="ID"><![CDATA[SVC_MS_015]]></Field><Field Name="LASTRUNTIME"><![CDATA[1970/01/01 09:00:00]]></Field><Field Name="RUNNABLE"><![CDATA[true]]></Field></Param><Param><Field Name="DESCRIPTION"><![CDATA[STT 일괄 암호화 작업 수행]]></Field><Field Name="RUNNING"><![CDATA[false]]></Field><Field Name="ID"><![CDATA[SVC_MS_014]]></Field><Field Name="LASTRUNTIME"><![CDATA[1970/01/01 09:00:00]]></Field><Field Name="RUNNABLE"><![CDATA[true]]></Field></Param><Param><Field Name="DESCRIPTION"><![CDATA[전월평가점수 배치 및 상담사별 전월평가점수 계산]]></Field><Field Name="RUNNING"><![CDATA[false]]></Field><Field Name="ID"><![CDATA[SVC_MS_013]]></Field><Field Name="LASTRUNTIME"><![CDATA[1970/01/01 09:00:00]]></Field><Field Name="RUNNABLE"><![CDATA[true]]></Field></Param><Param><Field Name="DESCRIPTION"><![CDATA[STT CONTENT SPLIT 작업]]></Field><Field Name="RUNNING"><![CDATA[false]]></Field><Field Name="ID"><![CDATA[SVC_MS_012]]></Field><Field Name="LASTRUNTIME"><![CDATA[1970/01/01 09:00:00]]></Field><Field Name="RUNNABLE"><![CDATA[true]]></Field></Param><Param><Field Name="DESCRIPTION"><![CDATA[RealTime DB + AiGEN 정보 연동]]></Field><Field Name="RUNNING"><![CDATA[false]]></Field><Field Name="ID"><![CDATA[SVC_MS_001_1]]></Field><Field Name="LASTRUNTIME"><![CDATA[1970/01/01 09:00:00]]></Field><Field Name="RUNNABLE"><![CDATA[true]]></Field></Param><Param><Field Name="DESCRIPTION"><![CDATA[RealTime 분석 현황 수집]]></Field><Field Name="RUNNING"><![CDATA[false]]></Field><Field Name="ID"><![CDATA[SVC_MS_008_1]]></Field><Field Name="LASTRUNTIME"><![CDATA[1970/01/01 09:00:00]]></Field><Field Name="RUNNABLE"><![CDATA[true]]></Field></Param><Param><Field Name="DESCRIPTION"><![CDATA[분석 flag 업데이트]]></Field><Field Name="RUNNING"><![CDATA[false]]></Field><Field Name="ID"><![CDATA[SVC_MS_009]]></Field><Field Name="LASTRUNTIME"><![CDATA[1970/01/01 09:00:00]]></Field><Field Name="RUNNABLE"><![CDATA[true]]></Field></Param><Param><Field Name="DESCRIPTION"><![CDATA[테이블 기간별 삭제(기간:1년전 데이터 삭제/매일)]]></Field><Field Name="RUNNING"><![CDATA[false]]></Field><Field Name="ID"><![CDATA[SVC_COM_023]]></Field><Field Name="LASTRUNTIME"><![CDATA[1970/01/01 09:00:00]]></Field><Field Name="RUNNABLE"><![CDATA[true]]></Field></Param><Param><Field Name="DESCRIPTION"><![CDATA[청약거절콜 Aigen으로부터 가져옴]]></Field><Field Name="RUNNING"><![CDATA[false]]></Field><Field Name="ID"><![CDATA[SVC_COM_022]]></Field><Field Name="LASTRUNTIME"><![CDATA[1970/01/01 09:00:00]]></Field><Field Name="RUNNABLE"><![CDATA[true]]></Field></Param><Param><Field Name="DESCRIPTION"><![CDATA[RealTime 분석 현황 수집]]></Field><Field Name="RUNNING"><![CDATA[false]]></Field><Field Name="ID"><![CDATA[SVC_MS_008]]></Field><Field Name="LASTRUNTIME"><![CDATA[1970/01/01 09:00:00]]></Field><Field Name="RUNNABLE"><![CDATA[true]]></Field></Param><Param><Field Name="DESCRIPTION"><![CDATA[테이블 기간별 삭제(기간:1년전 데이터 삭제/매월 1일)]]></Field><Field Name="RUNNING"><![CDATA[false]]></Field><Field Name="ID"><![CDATA[SVC_COM_021]]></Field><Field Name="LASTRUNTIME"><![CDATA[1970/01/01 09:00:00]]></Field><Field Name="RUNNABLE"><![CDATA[true]]></Field></Param><Param><Field Name="DESCRIPTION"><![CDATA[시스템정보수집]]></Field><Field Name="RUNNING"><![CDATA[false]]></Field><Field Name="ID"><![CDATA[SVC_MS_007]]></Field><Field Name="LASTRUNTIME"><![CDATA[1970/01/01 09:00:00]]></Field><Field Name="RUNNABLE"><![CDATA[true]]></Field></Param><Param><Field Name="DESCRIPTION"><![CDATA[QC 근무 모니터링 summary]]></Field><Field Name="RUNNING"><![CDATA[false]]></Field><Field Name="ID"><![CDATA[SVC_COM_020]]></Field><Field Name="LASTRUNTIME"><![CDATA[1970/01/01 09:00:00]]></Field><Field Name="RUNNABLE"><![CDATA[true]]></Field></Param><Param><Field Name="DESCRIPTION"><![CDATA[자동배분작업]]></Field><Field Name="RUNNING"><![CDATA[false]]></Field><Field Name="ID"><![CDATA[SVC_MS_005]]></Field><Field Name="LASTRUNTIME"><![CDATA[1970/01/01 09:00:00]]></Field><Field Name="RUNNABLE"><![CDATA[true]]></Field></Param><Param><Field Name="DESCRIPTION"><![CDATA[설계번호별 Grade 결과 데이터 저장]]></Field><Field Name="RUNNING"><![CDATA[false]]></Field><Field Name="ID"><![CDATA[SVC_MS_004]]></Field><Field Name="LASTRUNTIME"><![CDATA[1970/01/01 09:00:00]]></Field><Field Name="RUNNABLE"><![CDATA[true]]></Field></Param><Param><Field Name="DESCRIPTION"><![CDATA[STT CONTENT SPLIT 작업]]></Field><Field Name="RUNNING"><![CDATA[false]]></Field><Field Name="ID"><![CDATA[SVC_MS_012_1]]></Field><Field Name="LASTRUNTIME"><![CDATA[1970/01/01 09:00:00]]></Field><Field Name="RUNNABLE"><![CDATA[true]]></Field></Param><Param><Field Name="DESCRIPTION"><![CDATA[설계번호별 금칙어/필수멘트 결과 데이터 저장]]></Field><Field Name="RUNNING"><![CDATA[false]]></Field><Field Name="ID"><![CDATA[SVC_MS_003]]></Field><Field Name="LASTRUNTIME"><![CDATA[1970/01/01 09:00:00]]></Field><Field Name="RUNNABLE"><![CDATA[true]]></Field></Param><Param><Field Name="DESCRIPTION"><![CDATA[설계번호별 스크립트 결과 데이터 저장]]></Field><Field Name="RUNNING"><![CDATA[false]]></Field><Field Name="ID"><![CDATA[SVC_MS_002]]></Field><Field Name="LASTRUNTIME"><![CDATA[1970/01/01 09:00:00]]></Field><Field Name="RUNNABLE"><![CDATA[true]]></Field></Param><Param><Field Name="DESCRIPTION"><![CDATA[RealTime DB + AiGEN 정보 연동]]></Field><Field Name="RUNNING"><![CDATA[false]]></Field><Field Name="ID"><![CDATA[SVC_MS_001]]></Field><Field Name="LASTRUNTIME"><![CDATA[1970/01/01 09:00:00]]></Field><Field Name="RUNNABLE"><![CDATA[true]]></Field></Param><Param><Field Name="DESCRIPTION"><![CDATA[[UAT -> PROD] 담보별필수멘트 운영이관]]></Field><Field Name="RUNNING"><![CDATA[false]]></Field><Field Name="ID"><![CDATA[SVC_COM_019]]></Field><Field Name="LASTRUNTIME"><![CDATA[1970/01/01 09:00:00]]></Field><Field Name="RUNNABLE"><![CDATA[true]]></Field></Param><Param><Field Name="DESCRIPTION"><![CDATA[[UAT -> PROD] 계피유형코드관리]]></Field><Field Name="RUNNING"><![CDATA[false]]></Field><Field Name="ID"><![CDATA[SVC_COM_018]]></Field><Field Name="LASTRUNTIME"><![CDATA[1970/01/01 09:00:00]]></Field><Field Name="RUNNABLE"><![CDATA[true]]></Field></Param><Param><Field Name="DESCRIPTION"><![CDATA[[UAT -> PROD] 질의유형관리(TB_QST_KIND_MNG)]]></Field><Field Name="RUNNING"><![CDATA[false]]></Field><Field Name="ID"><![CDATA[SVC_COM_017]]></Field><Field Name="LASTRUNTIME"><![CDATA[1970/01/01 09:00:00]]></Field><Field Name="RUNNABLE"><![CDATA[true]]></Field></Param><Param><Field Name="DESCRIPTION"><![CDATA[[UAT -> PROD] 스크립트 코드 관리 변경내역 수집(TB_SC_CODE_MNG, TB_SC_MNG)]]></Field><Field Name="RUNNING"><![CDATA[false]]></Field><Field Name="ID"><![CDATA[SVC_COM_016]]></Field><Field Name="LASTRUNTIME"><![CDATA[1970/01/01 09:00:00]]></Field><Field Name="RUNNABLE"><![CDATA[true]]></Field></Param><Param><Field Name="DESCRIPTION"><![CDATA[배분정보 동기화]]></Field><Field Name="RUNNING"><![CDATA[false]]></Field><Field Name="ID"><![CDATA[SVC_COM_015]]></Field><Field Name="LASTRUNTIME"><![CDATA[1970/01/01 09:00:00]]></Field><Field Name="RUNNABLE"><![CDATA[true]]></Field></Param><Param><Field Name="DESCRIPTION"><![CDATA[자동배분작업]]></Field><Field Name="RUNNING"><![CDATA[false]]></Field><Field Name="ID"><![CDATA[SVC_MS_005_1]]></Field><Field Name="LASTRUNTIME"><![CDATA[1970/01/01 09:00:00]]></Field><Field Name="RUNNABLE"><![CDATA[true]]></Field></Param><Param><Field Name="DESCRIPTION"><![CDATA[휴일정보배치]]></Field><Field Name="RUNNING"><![CDATA[false]]></Field><Field Name="ID"><![CDATA[SVC_COM_014]]></Field><Field Name="LASTRUNTIME"><![CDATA[1970/01/01 09:00:00]]></Field><Field Name="RUNNABLE"><![CDATA[true]]></Field></Param><Param><Field Name="DESCRIPTION"><![CDATA[QC 리스트 배치]]></Field><Field Name="RUNNING"><![CDATA[false]]></Field><Field Name="ID"><![CDATA[SVC_COM_013]]></Field><Field Name="LASTRUNTIME"><![CDATA[1970/01/01 09:00:00]]></Field><Field Name="RUNNABLE"><![CDATA[true]]></Field></Param><Param><Field Name="DESCRIPTION"><![CDATA[상품코드, 담보코드 수집 배치]]></Field><Field Name="RUNNING"><![CDATA[false]]></Field><Field Name="ID"><![CDATA[SVC_COM_012]]></Field><Field Name="LASTRUNTIME"><![CDATA[1970/01/01 09:00:00]]></Field><Field Name="RUNNABLE"><![CDATA[true]]></Field></Param><Param><Field Name="DESCRIPTION"><![CDATA[시스템모니터링-SNMP 관련 테이블 삭제(기간별테이블삭제) YYYYMMDDHH]]></Field><Field Name="RUNNING"><![CDATA[false]]></Field><Field Name="ID"><![CDATA[SVC_COM_011]]></Field><Field Name="LASTRUNTIME"><![CDATA[1970/01/01 09:00:00]]></Field><Field Name="RUNNABLE"><![CDATA[true]]></Field></Param><Param><Field Name="DESCRIPTION"><![CDATA[녹취청취파일삭제]]></Field><Field Name="RUNNING"><![CDATA[false]]></Field><Field Name="ID"><![CDATA[SVC_COM_010]]></Field><Field Name="LASTRUNTIME"><![CDATA[1970/01/01 09:00:00]]></Field><Field Name="RUNNABLE"><![CDATA[true]]></Field></Param><Param><Field Name="DESCRIPTION"><![CDATA[설계번호별 Grade 결과 데이터 저장]]></Field><Field Name="RUNNING"><![CDATA[false]]></Field><Field Name="ID"><![CDATA[SVC_MS_004_1]]></Field><Field Name="LASTRUNTIME"><![CDATA[1970/01/01 09:00:00]]></Field><Field Name="RUNNABLE"><![CDATA[true]]></Field></Param><Param><Field Name="DESCRIPTION"><![CDATA[코드북 코드 초기화]]></Field><Field Name="RUNNING"><![CDATA[false]]></Field><Field Name="ID"><![CDATA[SVC_MS_020]]></Field><Field Name="LASTRUNTIME"><![CDATA[1970/01/01 09:00:00]]></Field><Field Name="RUNNABLE"><![CDATA[true]]></Field></Param></ListParam><ResultCode>0</ResultCode><ResultMessage></ResultMessage></ControlConfig>
[2020-01-14 11:21:40:040] DEBUG - <pool-1-thread-1><?xml version='1.0' encoding='euc-kr'?><ControlConfig><Cmd Name="getinfo" Type="Parameter" Service="SVC_MS_002"/></ControlConfig>
[2020-01-14 11:21:40:040] DEBUG - <pool-1-thread-1>
	[column:NAME,LENGTH,VALUE,
]
[2020-01-14 11:21:40:040] DEBUG - <pool-1-thread-1><?xml version='1.0' encoding='UTF-8'?><ControlConfig><ListParam></ListParam><ResultCode>0</ResultCode><ResultMessage></ResultMessage></ControlConfig>
[2020-01-14 11:21:40:040] DEBUG - <pool-1-thread-1><?xml version='1.0' encoding='euc-kr'?><ControlConfig><Cmd Name="exec" Service="SVC_MS_002"/></ControlConfig>
[2020-01-14 11:21:40:040] INFO  - <pool-1-thread-1>Service <SVC_MS_002> is requested from </127.0.0.1>
[2020-01-14 11:21:40:040] DEBUG - <pool-1-thread-1>Transaction [ pool-1-thread-1 ] begins(Current Transaction Group Size Is 0)
[2020-01-14 11:21:40:040] DEBUG - <pool-1-thread-1>RequestServiceManager.execute begin ...
[2020-01-14 11:21:43:043] DEBUG - <pool-1-thread-1>RequestServiceManager.execute end ...
[2020-01-14 11:21:43:043] DEBUG - <pool-1-thread-1>Transaction [ pool-1-thread-1 ] commit ...
[2020-01-14 11:21:43:043] DEBUG - <pool-1-thread-1>RequestServiceManager.execute begin ...
[2020-01-14 11:21:43:043] DEBUG - <pool-1-thread-1>Non Trasaction & DataSource msensdatasource is Created
[2020-01-14 11:23:28:028] ERROR - <pool-1-thread-1>[Microsoft][SQLServer 2000 Driver for JDBC]Error establishing socket.
com.inticube.xcron.exception.XCronAppException: [Microsoft][SQLServer 2000 Driver for JDBC]Error establishing socket.
	at com.inticube.xcron.resource.TransactionManager.getConnection(TransactionManager.java:95)
	at com.inticube.xcron.resource.JDBCDataSource.executePreparedUpdate(JDBCDataSource.java:483)
	at com.inticube.xcron.resource.JDBCDataSource.execute(JDBCDataSource.java:826)
	at com.inticube.xcron.config.RequestServiceManager.execute(RequestServiceManager.java:181)
	at com.inticube.xcron.core.XCronServiceHandler.executeLogService(XCronServiceHandler.java:218)
	at com.inticube.xcron.core.XCronServiceHandler.executeLogService(XCronServiceHandler.java:185)
	at com.inticube.xcron.core.XCronServiceHandler.execute(XCronServiceHandler.java:130)
	at com.inticube.xcron.core.XCronServerProcessor.execute(XCronServerProcessor.java:215)
	at com.inticube.xcron.core.XCronServerProcessor.run(XCronServerProcessor.java:124)
	at java.util.concurrent.ThreadPoolExecutor.runWorker(Unknown Source)
	at java.util.concurrent.ThreadPoolExecutor$Worker.run(Unknown Source)
	at java.lang.Thread.run(Unknown Source)
[2020-01-14 11:23:28:028] INFO  - <pool-1-thread-1>Running : 0 / Pending : 0
[2020-01-14 11:23:28:028] INFO  - <pool-1-thread-1>Service <SVC_MS_002> is completed  <w:0 e:2353 m/s>
[2020-01-14 11:23:28:028] DEBUG - <pool-1-thread-1><?xml version='1.0' encoding='UTF-8'?><ControlConfig><ResultCode>0</ResultCode><ResultMessage></ResultMessage></ControlConfig>
[2020-01-14 13:28:09:009] INFO  - <Thread-4>Scheduler Shutting down ...
[2020-01-14 13:28:09:009] INFO  - <Thread-4>Scheduler Stoped
[2020-01-14 13:28:09:009] INFO  - <Thread-3>Cluster Shutting down ...
[2020-01-14 13:28:09:009] INFO  - <Thread-3>Cluster Stoped
